n,line,t,arm,blk,idx,draws,dispatches,dt_us,cpu_gpu_us,bf_burn_ns,rt_att,rt_kpx,submits,bf_edge,gpu_busy_us
2,18137,0.015659,0,0,0,49,51,15659,3273,0,35,58791,24,0,2921
3,18392,0.032298999999999994,0,0,1,0,0,16640,214,0,0,0,5,0,51
4,19287,0.049005999999999994,0,0,2,32,42,16707,2018,0,19,32433,19,0,619
5,20248,0.08294299999999999,0,0,3,65,86,33937,8215,0,38,84450,40,0,8331
6,21340,0.099157,0,0,4,32,42,16214,1756,0,19,42225,16,0,1445
7,22482,0.11574499999999999,0,0,5,32,42,16588,1566,0,19,42225,15,0,1387
8,24482,0.132175,0,0,6,32,42,16430,1632,0,19,42225,15,0,1455
9,27077,0.149231,0,0,7,32,42,17056,1600,0,19,42225,15,0,1402
10,29099,0.16611900000000002,0,0,8,33,44,16888,5742,0,19,47076,23,0,4440
11,31961,0.18243700000000002,0,0,9,50,80,16318,2820,0,26,69819,25,0,4395
12,35367,0.199191,0,0,10,45,46,16754,1720,0,30,63309,17,0,1573
13,37494,0.215563,0,0,11,32,42,16372,1568,0,19,47076,16,0,1601
14,39366,0.23201,0,0,12,32,42,16447,1870,0,19,47076,16,0,1602
15,40780,0.24981,0,0,13,20,40,17800,6066,0,6,38520,19,0,2455
16,41255,0.265851,0,0,14,39,42,16041,2849,0,26,64488,21,0,9699
17,42257,0.28200400000000003,0,0,15,29,40,16153,1861,0,16,51504,17,0,2079
18,44010,0.29869700000000005,0,0,16,29,40,16693,1727,0,16,51504,17,0,1905
19,45958,0.31531500000000007,0,0,17,29,40,16618,1727,0,16,51504,17,0,1960
20,46872,0.3322360000000001,0,0,18,29,40,16921,2147,0,16,51504,17,0,1921
21,47869,0.3490980000000001,0,0,19,30,41,16862,6858,0,16,61584,21,0,3876
22,49659,0.36584800000000006,0,0,20,29,39,16750,2698,0,16,61584,17,0,10305
23,50745,0.38219500000000006,0,0,21,29,39,16347,1895,0,16,61584,16,0,2462
24,51156,0.3988440000000001,0,0,22,29,39,16649,1805,0,16,61584,17,0,2212
25,52359,0.41541800000000006,0,0,23,29,39,16574,1827,0,16,61584,17,0,1876
26,53653,0.43210800000000005,0,0,24,29,39,16690,2272,0,16,61584,17,0,1867
27,58637,0.44910200000000006,0,0,25,29,39,16994,2200,0,16,61584,16,0,1842
28,64996,0.46606500000000006,0,0,26,29,39,16963,1817,0,16,61584,16,0,1877
29,65321,0.4822890000000001,0,0,27,29,39,16224,1727,0,16,61584,16,0,1864
30,65831,0.49935700000000005,0,0,28,29,39,17068,2019,0,16,61584,16,0,1885
31,66304,0.515684,0,0,29,29,39,16327,2211,0,16,61584,18,0,1951
32,66758,0.532089,0,0,30,29,39,16405,1964,0,16,61584,17,0,1105
33,67326,0.5488810000000001,0,0,31,29,39,16792,2276,0,16,61584,17,0,2858
34,68237,0.56576,0,0,32,29,39,16879,2113,0,16,61584,17,0,1904
35,70224,0.5824280000000001,0,0,33,29,39,16668,1908,0,16,61584,17,0,1897
36,71803,0.599072,0,0,34,29,39,16644,1445,0,16,61584,15,0,1902
37,73669,0.615681,0,0,35,29,39,16609,1615,0,16,61584,16,0,1679
38,74228,0.6322960000000001,0,0,36,29,39,16615,1666,0,16,61584,15,0,1667
39,74441,0.6492530000000001,0,0,37,29,39,16957,1589,0,16,61584,16,0,1725
40,75279,0.6659180000000001,0,0,38,29,39,16665,1767,0,16,61584,16,0,2020
41,75392,0.6821960000000001,0,0,39,29,39,16278,1908,0,16,61584,18,0,2040
42,76411,0.6988540000000001,0,0,40,29,39,16658,2145,0,16,61584,16,0,1743
43,77060,0.715891,0,0,41,29,39,17037,2109,0,16,61584,18,0,2201
44,77222,0.732735,0,0,42,29,39,16844,2108,0,16,61584,17,0,1100
45,77516,0.7488210000000001,0,0,43,29,39,16086,1912,0,16,61584,16,0,2926
46,77692,0.7656890000000001,0,0,44,29,39,16868,1831,0,16,61584,17,0,1883
47,77886,0.7822840000000001,0,0,45,29,39,16595,1661,0,16,61584,16,0,1071
48,78140,0.7990120000000001,0,0,46,29,39,16728,2089,0,16,61584,17,0,2690
49,78853,0.815586,0,0,47,29,39,16574,2052,0,16,61584,17,0,1951
50,79300,0.832404,0,0,48,29,39,16818,2043,0,16,61584,17,0,2114
51,79595,0.8489110000000001,0,0,49,29,39,16507,2205,0,16,61584,19,0,2251
52,80469,0.8654550000000001,0,0,50,29,39,16544,1968,0,16,61584,17,0,1969
53,80876,0.8823550000000001,0,0,51,29,39,16900,1935,0,16,61584,19,0,2255
54,80961,0.8987470000000001,0,0,52,29,39,16392,1949,0,16,61584,16,0,1327
55,81024,0.915711,0,0,53,29,39,16964,1813,0,16,61584,15,0,2074
56,82342,0.932497,0,0,54,29,39,16786,1491,0,16,61584,16,0,2516
57,83181,0.948792,0,0,55,29,39,16295,1713,0,16,61584,16,0,2141
58,83588,0.9657629999999999,0,0,56,29,39,16971,1484,0,16,61584,15,0,1547
59,83779,0.982305,0,0,57,29,39,16542,1692,0,16,61584,16,0,1884
60,83842,0.999107,0,0,58,29,39,16802,1762,0,16,61584,16,0,1718
61,83992,1.0154779999999999,0,0,59,29,39,16371,1490,0,16,61584,16,0,1536
62,84062,1.0321079999999998,0,0,60,29,39,16630,1533,0,16,61584,16,0,1888
63,84125,1.0490349999999997,0,0,61,29,39,16927,1393,0,16,61584,15,0,1549
64,84354,1.0656669999999997,0,0,62,29,39,16632,1559,0,16,61584,15,0,1696
65,84417,1.0824309999999997,0,0,63,29,39,16764,1407,0,16,61584,16,0,1702
66,84514,1.0990279999999997,0,0,64,29,39,16597,1484,0,16,61584,16,0,1870
67,84577,1.1158929999999996,0,0,65,29,39,16865,1497,0,16,61584,16,0,1530
68,84689,1.1321029999999996,0,0,66,29,39,16210,1449,0,16,61584,16,0,1951
69,84752,1.1490229999999997,0,0,67,29,39,16920,1457,0,16,61584,16,0,1973
70,85233,1.1654099999999996,0,0,68,29,39,16387,1439,0,16,61584,16,0,1709
71,85296,1.1820839999999997,0,0,69,29,39,16674,1458,0,16,61584,16,0,1092
72,85359,1.1987579999999998,0,0,70,29,39,16674,1609,0,16,61584,16,0,2171
73,85838,1.2156339999999997,0,0,71,29,39,16876,1485,0,16,61584,16,0,2160
74,87119,1.2320949999999997,0,0,72,29,39,16461,1678,0,16,61584,15,0,1715
75,89329,1.2488759999999997,0,0,73,29,39,16781,1584,0,16,61584,17,0,1531
76,93207,1.2654539999999996,0,0,74,29,39,16578,1712,0,16,61584,16,0,2152
77,94213,1.2823929999999997,0,0,75,29,39,16939,1518,0,16,61584,17,0,1540
78,95041,1.2994139999999996,0,0,76,29,39,17021,1460,0,16,61584,17,0,1720
79,95701,1.3157389999999995,0,0,77,29,39,16325,2188,0,16,61584,17,0,1632
80,96609,1.3325159999999996,0,0,78,29,39,16777,1959,0,16,61584,18,0,2777
81,96808,1.3489679999999995,0,0,79,29,39,16452,1847,0,16,61584,17,0,1740
82,97240,1.3658589999999995,0,0,80,29,39,16891,2173,0,16,61584,17,0,2286
83,98016,1.3824549999999995,0,0,81,29,39,16596,2241,0,16,61584,16,0,1091
84,99117,1.3992149999999997,0,0,82,29,39,16760,2065,0,16,61584,17,0,3301
85,100008,1.4159529999999996,0,0,83,29,39,16738,2102,0,16,61584,17,0,1295
86,100585,1.4325409999999996,0,0,84,29,39,16588,2211,0,16,61584,16,0,3231
87,100793,1.4488129999999997,0,0,85,29,39,16272,2492,0,16,61584,18,0,2317
88,101883,1.4658279999999997,0,0,86,29,39,17015,1704,0,16,61584,16,0,1735
89,102101,1.4825299999999997,0,0,87,29,39,16702,1819,0,16,61584,18,0,1720
90,102958,1.4990019999999997,0,0,88,29,39,16472,2269,0,16,61584,18,0,1105
91,103557,1.5156479999999997,0,0,89,29,39,16646,1467,0,16,61584,16,0,2670
92,103770,1.5324929999999997,0,0,90,29,39,16845,1744,0,16,61584,15,0,1701
93,104216,1.5492489999999997,0,0,91,29,39,16756,1553,0,16,61584,17,0,1805
94,105113,1.5658729999999996,0,0,92,29,39,16624,1306,0,16,61584,15,0,1549
95,105425,1.5821899999999995,0,0,93,29,39,16317,1511,0,16,61584,15,0,2049
96,106608,1.5990239999999996,0,0,94,29,39,16834,1924,0,16,61584,17,0,1899
97,107623,1.6159029999999996,0,0,95,29,39,16879,1627,0,16,61584,15,0,1525
98,108414,1.6324089999999996,0,0,96,29,39,16506,1971,0,16,61584,18,0,2337
99,109097,1.6492679999999995,0,0,97,29,39,16859,1981,0,16,61584,17,0,1891
100,109707,1.6658699999999995,0,0,98,29,39,16602,1468,0,16,61584,15,0,1750
101,110805,1.6824409999999994,0,0,99,29,39,16571,1591,0,16,61584,16,0,1938
102,111516,1.6992139999999993,0,0,100,29,39,16773,1617,0,16,61584,16,0,1726
103,111994,1.7158099999999994,0,0,101,29,39,16596,1865,0,16,61584,17,0,1096
104,113479,1.7324319999999993,0,0,102,29,39,16622,2122,0,16,61584,17,0,2120
105,115375,1.7492069999999993,0,0,103,29,39,16775,2075,0,16,61584,16,0,2722
106,117181,1.7655649999999994,0,0,104,29,39,16358,2031,0,16,61584,18,0,2051
107,118384,1.7821019999999994,0,0,105,29,39,16537,1588,0,16,61584,16,0,1276
108,119682,1.7987399999999993,0,0,106,29,39,16638,2133,0,16,61584,17,0,2692
109,120860,1.8157669999999992,0,0,107,29,39,17027,1874,0,16,61584,16,0,2033
110,121841,1.8321169999999993,0,0,108,29,39,16350,1673,0,16,61584,16,0,2089
111,122227,1.8486849999999992,0,0,109,29,39,16568,2179,0,16,61584,16,0,1720
112,123532,1.8657359999999992,0,0,110,29,39,17051,1936,0,16,61584,17,0,2245
113,123707,1.8820979999999992,0,0,111,29,39,16362,1846,0,16,61584,17,0,1876
114,123770,1.8991769999999992,0,0,112,29,39,17079,1468,0,16,61584,16,0,1527
115,123920,1.9158279999999992,0,0,113,29,39,16651,1685,0,16,61584,17,0,1852
116,125314,1.9335669999999991,0,0,114,29,39,17739,1448,0,16,61584,15,0,1527
117,126179,1.9490059999999991,0,0,115,29,39,15439,1768,0,16,61584,17,0,1920
118,127040,1.965603999999999,0,0,116,29,39,16598,1966,0,16,61584,16,0,1255
119,127403,1.982003999999999,0,0,117,29,39,16400,1705,0,16,61584,16,0,2445
120,127466,1.998808999999999,0,0,118,29,39,16805,1338,0,16,61584,15,0,1552
121,127529,2.015605999999999,0,0,119,29,39,16797,1463,0,16,61584,16,0,2130
122,127874,2.032399999999999,0,0,120,29,39,16794,2308,0,16,61584,17,0,2131
123,129266,2.048943999999999,0,0,121,29,39,16544,1872,0,16,61584,16,0,1700
124,130525,2.0656059999999994,0,0,122,29,39,16662,2079,0,16,61584,17,0,1879
125,130588,2.0827949999999995,0,0,123,29,39,17189,1646,0,16,61584,16,0,1075
126,130654,2.0993299999999997,0,0,124,29,39,16535,1992,0,16,61584,16,0,2888
127,131548,2.1154839999999995,0,0,125,29,39,16154,1632,0,16,61584,16,0,1796
128,132561,2.1321789999999994,0,0,126,29,39,16695,2103,0,16,61584,17,0,1827
129,133205,2.1491889999999993,0,0,127,29,39,17010,2175,0,16,61584,18,0,2059
130,133816,2.1655429999999996,0,0,128,29,39,16354,2156,0,16,61584,17,0,1864
131,134045,2.1822619999999997,0,0,129,29,39,16719,1990,0,16,61584,15,0,1112
132,134123,2.1991849999999995,0,0,130,29,39,16923,1797,0,16,61584,17,0,2865
133,134891,2.2157229999999997,0,0,131,29,39,16538,1644,0,16,61584,17,0,1120
134,136122,2.2322399999999996,0,0,132,29,39,16517,2102,0,16,61584,16,0,2688
135,137041,2.2486989999999993,0,0,133,29,39,16459,1819,0,16,61584,17,0,1897
136,137104,2.2653099999999995,0,0,134,29,39,16611,1738,0,16,61584,16,0,1692
137,137875,2.2820479999999996,0,0,135,29,39,16738,1541,0,16,61584,17,0,1994
138,138438,2.2985779999999996,0,0,136,29,39,16530,1489,0,16,61584,16,0,2002
139,139255,2.3153399999999995,0,0,137,29,39,16762,1613,0,16,61584,17,0,2194
140,140033,2.3322039999999995,0,0,138,29,39,16864,1329,0,16,61584,16,0,1509
141,141122,2.3490629999999997,0,0,139,29,39,16859,1632,0,16,61584,16,0,2091
142,165378,2.3654779999999995,0,0,140,29,39,16415,1279,0,16,61584,15,0,1551
143,181940,2.3823239999999997,0,0,141,29,39,16846,1686,0,16,61584,16,0,1736
144,182961,2.3988099999999997,0,0,142,29,53,16486,3345,0,16,61584,21,0,3686
145,184485,2.4158839999999997,0,0,143,29,39,17074,1604,0,16,61584,16,0,1555
146,185442,2.4323949999999996,0,0,144,29,39,16511,1420,0,16,61584,16,0,1547
147,186440,2.4488719999999997,0,0,145,29,39,16477,1626,0,16,61584,15,0,1870
148,197642,2.4656619999999996,0,0,146,29,39,16790,1518,0,16,61584,16,0,1782
149,198742,2.4825519999999996,0,0,147,29,53,16890,1806,0,16,61584,17,0,1571
150,200100,2.498966,0,0,148,29,39,16414,1611,0,16,61584,16,0,1841
151,201692,2.5156039999999997,0,0,149,29,39,16638,2193,0,16,61584,16,0,1519
152,203866,2.532173,0,0,150,29,39,16569,3133,0,16,61584,17,0,3195
153,205033,2.5490779999999997,0,0,151,29,39,16905,1602,0,16,61584,15,0,3620
154,206846,2.5654389999999996,0,0,152,29,39,16361,1620,0,16,61584,17,0,1690
155,207365,2.582527,0,0,153,29,39,17088,1793,0,16,61584,16,0,1790
156,207485,2.598788,0,0,154,29,39,16261,1205,0,16,61584,15,0,1541
157,207591,2.615904,0,0,155,29,39,17116,1654,0,16,61584,16,0,2187
158,207734,2.632311,0,0,156,29,39,16407,1635,0,16,61584,15,0,1743
159,207954,2.648607,0,0,157,29,39,16296,1974,0,16,61584,16,0,1711
160,208905,2.665902,0,0,158,29,39,17295,1777,0,16,61584,14,0,1518
161,210524,2.682594,0,0,159,29,39,16692,1538,0,16,61584,15,0,1707
162,210811,2.6986879999999998,0,0,160,29,39,16094,1566,0,16,61584,15,0,1906
163,211000,2.7154999999999996,0,0,161,29,39,16812,1508,0,16,61584,15,0,1702
164,211139,2.7324059999999997,0,0,162,29,39,16906,1855,0,16,61584,17,0,1705
165,211560,2.749084,0,0,163,29,39,16678,1605,0,16,61584,16,0,1729
166,212567,2.765469,0,0,164,29,39,16385,1452,0,16,61584,16,0,1531
167,212722,2.782451,0,0,165,29,39,16982,1621,0,16,61584,15,0,1974
168,212848,2.798792,0,0,166,29,39,16341,1541,0,16,61584,16,0,1534
169,213796,2.8154760000000003,0,0,167,29,39,16684,1565,0,16,61584,16,0,2288
170,214452,2.83238,0,0,168,29,39,16904,1505,0,16,61584,16,0,1349
171,214578,2.849157,0,0,169,29,39,16777,1477,0,16,61584,17,0,1711
172,215235,2.865866,0,0,170,29,39,16709,1596,0,16,61584,16,0,2078
173,215392,2.882451,0,0,171,29,39,16585,1504,0,16,61584,15,0,1536
174,215970,2.8988270000000003,0,0,172,29,39,16376,1633,0,16,61584,16,0,2188
175,217021,2.915611,0,0,173,29,39,16784,1847,0,16,61584,17,0,1711
176,219088,2.932655,0,0,174,29,39,17044,1797,0,16,61584,16,0,1914
177,219758,2.948847,0,0,175,29,39,16192,1823,0,16,61584,16,0,1558
178,221676,2.9658450000000003,0,0,176,29,39,16998,1879,0,16,61584,16,0,1677
179,223497,2.9823340000000003,0,0,177,29,39,16489,1844,0,16,61584,16,0,1761
180,223679,2.999121,0,0,178,29,39,16787,1837,0,16,61584,16,0,1687
181,224051,3.015871,0,0,179,29,39,16750,2066,0,16,61584,16,0,1715
182,224211,3.0327900000000003,0,0,180,29,39,16919,1685,0,16,61584,17,0,1697
183,224512,3.0486060000000004,0,0,181,29,39,15816,1416,0,16,61584,15,0,1814
184,224667,3.0656000000000003,0,0,182,29,39,16994,1811,0,16,61584,16,0,1685
185,224862,3.08232,0,0,183,29,39,16720,1770,0,16,61584,15,0,1726
186,225079,3.0989880000000003,0,0,184,29,53,16668,1825,0,16,61584,18,0,1716
187,225189,3.1157980000000003,0,0,185,315,167,16810,13611,0,5,12196,16,0,5152
188,225369,3.132572,0,0,186,325,1,16774,16498,0,875,7087500,4,0,1673
189,226541,3.3496490000000003,0,0,187,7252,371,217077,198509,0,21655,174837289,71,0,139653
190,227060,3.4327340000000004,0,0,188,5590,265,83085,77040,0,14684,118372843,48,0,59634
191,227632,3.5157410000000002,0,0,189,6863,284,83007,79579,0,21018,150523601,51,0,79239
192,228107,3.582755,0,0,190,5306,249,67014,61389,0,13254,80220223,49,0,70400
193,228448,3.649451,0,0,191,5097,245,66696,62033,0,12203,73831613,38,0,45519
194,229090,3.749472,0,0,192,7148,283,100021,95837,0,22455,136193373,48,0,103000
195,229414,3.832372,0,0,193,8432,307,82900,78656,0,22624,137221569,49,0,77018
196,229731,3.898929,0,0,194,5541,264,66557,62796,0,16277,98606421,42,0,70237
197,230105,3.9658729999999998,0,0,195,5300,372,66944,61163,0,16227,54900498,46,0,68763
198,230698,4.032522,0,0,196,6286,269,66649,63815,0,16396,53052848,46,0,65634
199,231387,4.0993900000000005,0,0,197,5627,269,66868,64382,0,16275,52662558,38,0,63492
200,231565,4.166044,0,0,198,7507,275,66654,64433,0,16291,52714542,42,0,65906
201,231670,4.233233,0,0,199,6782,465,67189,65386,0,17347,55924477,57,0,64197
202,232057,4.282377,0,0,200,5363,95,49144,48826,0,15732,51113268,24,0,60839
203,232461,4.349401,0,0,201,6360,258,67024,63890,0,16806,54171701,47,0,66045
204,232726,4.416197,0,0,202,5952,429,66796,63596,0,16357,52913182,50,0,62574
205,233002,4.4828030000000005,0,0,203,6707,273,66606,62631,0,17796,57538190,38,0,65318
206,233168,4.549149000000001,0,0,204,6597,286,66346,62584,0,19604,63445650,43,0,64986
207,233523,4.615618,0,0,205,6585,267,66469,63491,0,19591,63403413,40,0,61743
208,233616,4.665985,0,0,206,5040,249,50367,46569,0,11881,34258419,33,0,48056
209,233709,4.732457,0,0,207,6684,271,66472,64029,0,20060,40469927,50,0,76393
210,233836,4.798975,0,0,208,6908,268,66518,63539,0,21159,42697017,40,0,58728
211,233929,4.865710000000001,0,0,209,8386,309,66735,65835,0,20283,40923117,51,0,66548
212,234023,4.915653000000001,0,0,210,5248,267,49943,48559,0,16323,32904117,36,0,58991
213,234115,4.9823450000000005,0,0,211,4365,225,66692,41924,0,13381,26942769,29,0,55254
214,234242,5.032157000000001,0,0,212,4848,266,49812,43157,0,10904,21926844,36,0,55622
215,234335,5.098738000000001,0,0,213,7464,268,66581,64052,0,23971,48387519,38,0,53754
216,234428,5.148657000000001,0,0,214,5385,267,49919,48489,0,13586,27357894,45,0,57495
217,234555,5.215471000000001,0,0,215,7665,309,66814,63900,0,19832,40002246,45,0,73146
218,234648,5.275807000000001,0,0,216,6604,279,60336,57474,0,16322,32894496,42,0,52691
219,234741,5.332219000000001,0,0,217,3510,213,56412,39865,0,12601,25359471,28,0,55688
220,234848,5.382425000000001,0,0,218,5233,266,50206,47649,0,12763,25687521,38,0,59913
221,234940,5.449116000000001,0,0,219,7835,309,66691,65019,0,23663,47756223,44,0,58518
222,235033,5.498792000000001,0,0,220,4846,226,49676,44874,0,13050,26264898,30,0,46834
223,235140,5.565521,0,0,221,5734,266,66729,57567,0,15339,30900123,40,0,68357
224,235232,5.615547,0,0,222,5577,267,50026,48001,0,14499,29199123,37,0,57175
225,235326,5.682006,0,0,223,8267,310,66459,65426,0,22552,45498852,46,0,58387
226,235418,5.7329550000000005,0,0,224,4747,225,50949,49671,0,15795,31815927,31,0,47460
227,235524,5.799075,0,0,225,6278,307,66120,53312,0,17080,34418052,42,0,73403
228,235616,5.848827,0,0,226,5457,227,49752,46846,0,14827,29855727,32,0,41203
229,235710,5.899199,0,0,227,4626,266,50372,41565,0,9772,19615554,38,0,65157
230,235816,5.965660000000001,0,0,228,7435,268,66461,62960,0,23797,48016179,38,0,50603
231,235911,6.0158190000000005,0,0,229,5504,267,50159,48827,0,14172,28525554,38,0,53593
232,236003,6.082171000000001,0,0,230,7772,309,66352,63089,0,19110,38525004,44,0,71911
233,236110,6.131971000000001,0,0,231,4674,225,49800,46168,0,16275,32780331,30,0,37216
234,236203,6.1988080000000005,0,0,232,5161,266,66837,46904,0,12345,24822081,40,0,77767
235,236297,6.2488280000000005,0,0,233,4927,267,50020,45505,0,11182,22467006,39,0,56106
236,236434,6.315627,0,0,234,7156,268,66799,64775,0,22322,45025506,38,0,56857
237,236526,6.365954,0,0,235,4950,266,50327,47736,0,11281,22667481,38,0,62126
238,236619,6.432358000000001,0,0,236,7029,268,66404,64463,0,21656,43676856,38,0,50029
239,236711,6.4990190000000005,0,0,237,6047,267,66661,63358,0,16805,33853581,40,0,63655
240,236818,6.549163000000001,0,0,238,5087,266,50144,47589,0,11945,24012081,38,0,64516
241,237135,6.615838000000001,0,0,239,6959,268,66675,63655,0,21335,43026831,38,0,57670
242,237451,6.665391000000001,0,0,240,5138,266,49553,47742,0,12266,24662106,38,0,58199
243,237774,6.732605000000001,0,0,241,7239,270,67214,65627,0,22706,45803106,40,0,60133
244,238091,6.782296000000001,0,0,242,4850,264,49691,45739,0,10795,21683331,45,0,52364
245,238349,6.849120000000001,0,0,243,6576,268,66824,64386,0,19336,38975058,39,0,63314
246,238883,6.899359000000001,0,0,244,4672,266,50239,47851,0,9856,19778058,39,0,59574
247,239527,6.965331000000002,0,0,245,6512,267,65972,64534,0,19131,38573604,37,0,57820
248,240131,7.015309000000002,0,0,246,4848,248,49978,46412,0,10841,21786354,33,0,46410
249,240291,7.082104000000002,0,0,247,5787,267,66795,65183,0,15407,31032504,38,0,67762
250,240653,7.132375000000002,0,0,248,5238,266,50271,49559,0,13772,27721629,37,0,58634
251,241441,7.199798000000002,0,0,249,6489,268,67423,63655,0,17932,36145629,38,0,61302
252,241646,7.265831000000002,0,0,250,6580,267,66033,64995,0,19486,39292479,38,0,60620
253,242301,7.3327620000000024,0,0,251,6510,286,66931,63741,0,19146,38603979,45,0,69094
254,242440,7.382902000000002,0,0,252,5067,248,50140,48008,0,11883,23896404,32,0,48386
255,243305,7.449490000000003,0,0,253,6337,267,66588,62125,0,18232,36753129,39,0,65542
256,243508,7.515904000000003,0,0,254,6133,286,66414,62105,0,17217,34697754,45,0,68472
257,244059,7.565878000000002,0,0,255,5051,248,49974,48082,0,11892,23914629,33,0,52578
258,244228,7.632813000000002,0,0,256,6273,267,66935,63968,0,17932,36145629,39,0,63482
259,244867,7.6993430000000025,0,0,257,6448,267,66530,64553,0,18762,37826379,45,0,65844
260,244967,7.749118000000003,0,0,258,5053,267,49775,47166,0,11891,23912604,38,0,57278
261,245328,7.816151000000003,0,0,259,6214,267,67033,64798,0,17596,35465229,38,0,63355
262,245787,7.8824340000000035,0,0,260,6256,267,66283,62292,0,17826,35930979,38,0,65109
263,245808,7.932545000000004,0,0,261,5052,266,50111,47577,0,13471,27112104,39,0,58305
264,246303,7.999704000000004,0,0,262,6449,268,67159,64654,0,17081,34422354,37,0,59035
265,246544,8.048755000000003,0,0,263,5288,115,49051,48302,0,15443,31166378,33,0,57262
266,246683,8.115888000000004,0,0,264,6394,418,67133,63839,0,16368,32909959,42,0,58782
267,246811,8.183068000000004,0,0,265,6329,268,67180,64687,0,18014,36307881,39,0,64066
268,246848,8.233081000000004,0,0,266,5091,252,50013,47680,0,14502,29260853,38,0,61593
269,247014,8.299121000000003,0,0,267,6912,282,66040,64006,0,18739,37711234,38,0,57287
270,247035,8.349713000000003,0,0,268,5083,266,50592,48088,0,13998,28175481,40,0,57651
271,247181,8.416019000000004,0,0,269,6669,268,66306,63210,0,17908,36093231,38,0,59920
272,247218,8.466154000000003,0,0,270,5167,260,50135,47592,0,14868,30002003,37,0,56875
273,247334,8.532640000000002,0,0,271,6482,274,66486,63534,0,16530,33238009,41,0,59181
274,247664,8.582364000000002,0,0,272,5361,96,49724,47492,0,16187,32778675,25,0,56822
275,247977,8.649479000000001,0,0,273,6067,432,67115,62897,0,16512,33160634,49,0,59098
276,248059,8.699041000000001,0,0,274,5351,81,49562,47258,0,15717,31762153,23,0,57215
277,248501,8.76566,0,0,275,6535,289,66619,64106,0,17137,34506133,43,0,59222
278,248817,8.815422,0,0,276,4703,232,49762,47525,0,15363,30963910,26,0,52449
279,248909,8.882514,0,0,277,6965,301,67092,64039,0,17006,34265162,48,0,63792
280,249002,8.932514000000001,0,0,278,4765,233,50000,47605,0,15884,31993112,28,0,56241
281,249598,8.998957,0,0,279,7035,297,66443,64852,0,16691,33627287,45,0,62678
282,249703,9.066383,0,0,280,6522,441,67426,63639,0,16923,33925099,52,0,69397
283,249783,9.116083,0,0,281,5153,75,49700,47408,0,15461,31308525,20,0,44875
284,249876,9.182216,0,0,282,6538,289,66133,61240,0,17226,34710662,44,0,73366
285,250130,9.232587,0,0,283,5030,233,50371,47903,0,15562,31341062,27,0,46091
286,250222,9.298925,0,0,284,6292,273,66338,65406,0,16403,33040289,42,0,57752
287,250325,9.349286000000001,0,0,285,4294,259,50361,48238,0,16299,32829689,32,0,58894
288,250417,9.416101000000001,0,0,286,7633,281,66815,64412,0,16432,33099014,45,0,60000
289,250509,9.465709,0,0,287,4111,213,49608,46565,0,15564,31341314,25,0,41512
290,250818,9.532189,0,0,288,7184,309,66480,63865,0,17212,34678514,45,0,75029
291,250911,9.582548000000001,0,0,289,4481,225,50359,46883,0,14304,28789814,32,0,42793
292,251003,9.649162,0,0,290,7001,309,66614,64754,0,18576,37440614,47,0,78319
293,251242,9.699689000000001,0,0,291,4668,225,50527,48065,0,12978,26104664,31,0,41842
294,251446,9.766012000000002,0,0,292,6682,291,66323,62783,0,19866,40052864,43,0,74176
295,251540,9.815889000000002,0,0,293,5004,242,49877,47739,0,11756,23630114,35,0,45557
296,251633,9.882257000000003,0,0,294,6707,268,66368,61934,0,20083,40492289,39,0,59221
297,251848,9.932591000000002,0,0,295,4801,266,50334,48264,0,10663,21416789,42,0,59994
298,252101,9.998887000000002,0,0,296,7055,268,66296,64266,0,21847,44064389,40,0,57504
299,252193,10.049592000000002,0,0,297,4859,266,50705,47623,0,10901,21898739,42,0,58467
300,252287,10.115699000000003,0,0,298,6618,268,66107,61624,0,19711,39738989,39,0,55907
301,252503,10.165808000000004,0,0,299,4988,266,50109,47789,0,11566,23245364,43,0,56745
302,252605,10.232618000000004,0,0,300,6748,267,66810,63164,0,20361,41055239,40,0,57936
303,252698,10.299407000000004,0,0,301,6852,308,66789,65117,0,20355,41043089,48,0,69972
304,252790,10.348985000000004,0,0,302,4892,226,49578,46513,0,11542,23196764,33,0,48130
305,252882,10.415906000000005,0,0,303,6931,287,66921,64731,0,21165,42683339,47,0,68174
306,253157,10.466098000000004,0,0,304,4969,247,50192,47919,0,11504,23116016,35,0,47378
307,253250,10.532241000000004,0,0,305,6697,268,66143,62740,0,20115,40553291,40,0,58413
308,253342,10.582595000000005,0,0,306,4804,266,50354,47830,0,10572,21221121,41,0,57585
309,253552,10.649141000000006,0,0,307,6167,267,66546,61709,0,17322,34889871,41,0,64386
310,253758,10.715977000000006,0,0,308,7165,271,66836,65774,0,22306,44982471,41,0,63189
311,253853,10.765713000000005,0,0,309,4455,263,49736,48105,0,8906,17848990,41,0,49502
312,253946,10.832478000000005,0,0,310,6880,268,66765,64499,0,20941,42219865,39,0,50887
313,254297,10.898963000000006,0,0,311,6624,281,66485,63500,0,19615,39534715,47,0,74512
314,254389,10.949137000000006,0,0,312,5228,253,50174,47831,0,12766,25665490,36,0,46983
315,254484,11.015661000000005,0,0,313,6570,267,66524,62710,0,19431,39162115,45,0,58869
316,254577,11.065533000000006,0,0,314,5023,266,49872,47304,0,11673,23452165,39,0,58908
317,254914,11.132289000000005,0,0,315,6706,268,66756,64527,0,20053,40421665,43,0,61618
318,255007,11.182564000000005,0,0,316,4994,266,50275,47771,0,11593,23290165,41,0,54462
319,255099,11.249241000000005,0,0,317,6677,268,66677,63619,0,19993,40300165,43,0,59043
320,255205,11.315924000000004,0,0,318,7035,309,66683,64752,0,19168,38629540,49,0,72477
321,255297,11.366153000000004,0,0,319,4678,225,50229,47403,0,12570,25268590,36,0,46169
322,255593,11.432347000000004,0,0,320,6433,267,66194,61535,0,18728,37738540,41,0,64476
323,255686,11.482594000000004,0,0,321,5014,266,50247,48118,0,11616,23336740,40,0,57432
324,255778,11.549135000000005,0,0,322,6747,268,66541,63583,0,20257,40834765,41,0,59460
325,255870,11.599491000000006,0,0,323,4928,266,50356,47750,0,11127,22346515,40,0,57831
326,256086,11.666012000000006,0,0,324,6235,267,66521,61514,0,17699,35651017,43,0,61828
327,256278,11.732457000000005,0,0,325,6897,268,66445,64542,0,21048,42432742,40,0,52101
328,256370,11.782719000000005,0,0,326,4558,266,50262,47212,0,9305,18653167,41,0,63971
329,256462,11.848910000000005,0,0,327,6696,267,66191,63354,0,20005,40320667,42,0,54912
330,256751,11.915624000000005,0,0,328,6571,268,66714,64112,0,19395,39085417,41,0,63675
331,256845,11.965692000000004,0,0,329,4519,263,50068,46055,0,9089,18215767,38,0,59593
332,256938,12.032531000000004,0,0,330,6477,270,66839,63458,0,18949,38182267,42,0,51966
333,257031,12.099409000000005,0,0,331,6937,268,66878,63571,0,21154,42647392,42,0,53946
334,257397,12.165854000000005,0,0,332,6655,307,66445,64060,0,19318,38937087,47,0,75227
335,257489,12.215810000000005,0,0,333,4667,226,49956,46291,0,10519,21119112,37,0,51603
336,257581,12.282729000000005,0,0,334,6818,268,66919,64139,0,20649,41632362,39,0,56941
337,257674,12.332463000000006,0,0,335,4911,266,49734,47103,0,11099,22293612,44,0,50061
338,257983,12.398960000000006,0,0,336,6596,268,66497,62916,0,19613,39534462,42,0,65955
339,258076,12.448985000000006,0,0,337,4641,266,50025,47827,0,9828,19719837,41,0,58245
340,258169,12.515711000000005,0,0,338,6911,267,66726,63990,0,21113,42571962,39,0,51417
341,258261,12.582272000000005,0,0,339,6972,268,66561,64187,0,21413,43179462,43,0,59365
342,258549,12.632484000000005,0,0,340,5121,266,50212,47860,0,12198,24519087,39,0,53941
343,258641,12.699152000000005,0,0,341,6514,268,66668,63022,0,19124,38544237,43,0,62226
344,258734,12.749173000000004,0,0,342,5039,266,50021,48110,0,11734,23579487,40,0,57942
345,258827,12.816063000000005,0,0,343,7096,268,66890,64351,0,22062,44493687,45,0,54657
346,259066,12.865399000000005,0,0,344,4826,266,49336,46941,0,10659,21398814,41,0,58236
347,259160,12.932686000000006,0,0,345,6865,268,67287,63766,0,20902,42140889,43,0,57987
348,259253,12.999180000000006,0,0,346,6015,267,66494,63578,0,16594,33417189,40,0,68695
349,259346,13.049400000000006,0,0,347,5049,266,50220,48640,0,11804,23717439,41,0,52603
350,259656,13.115703000000005,0,0,348,6299,267,66303,62148,0,18025,36314964,42,0,64400
351,259749,13.182239000000004,0,0,349,6912,268,66536,63491,0,21105,42551964,40,0,51831
352,259841,13.232279000000004,0,0,350,4519,266,50040,46607,0,9190,18424089,39,0,63934
353,259933,13.299178000000003,0,0,351,7447,268,66899,65415,0,23783,47974914,40,0,51711
354,260186,13.348883000000002,0,0,352,4816,266,49705,45974,0,10588,21255039,44,0,57865
355,260278,13.415653000000002,0,0,353,6513,268,66770,63695,0,19051,38392614,42,0,61297
356,260371,13.465679000000003,0,0,354,4804,266,50026,47094,0,10533,21149487,41,0,59436
357,260466,13.532259000000003,0,0,355,6694,267,66580,62329,0,19934,40182462,45,0,54641
358,260726,13.598911000000003,0,0,356,6933,268,66652,64139,0,21119,42584112,41,0,58906
359,260819,13.649388000000004,0,0,357,4562,266,50477,48021,0,9293,18636462,44,0,60730
360,260911,13.715726000000004,0,0,358,6770,267,66338,63498,0,20306,40939306,41,0,57796
361,261003,13.782375000000004,0,0,359,6854,268,66649,63705,0,20740,41818156,40,0,55141
362,261285,13.832148000000004,0,0,360,4888,266,49773,47709,0,10930,21952906,43,0,59560
363,261377,13.899371000000004,0,0,361,6673,268,67223,63078,0,19860,40036156,42,0,60600
364,261470,13.949190000000003,0,0,362,4788,266,49819,46907,0,10410,20899906,39,0,57728
365,261562,14.015829000000004,0,0,363,6843,267,66639,63675,0,20721,41779681,42,0,54399
366,261878,14.082361000000004,0,0,364,6862,295,66532,64263,0,20702,41737408,46,0,71241
367,261970,14.132482000000005,0,0,365,5168,240,50121,48011,0,12387,24899533,37,0,41637
368,262072,14.198984000000005,0,0,366,6780,306,66502,64036,0,20214,40741613,50,0,74211
369,262403,14.249616000000005,0,0,367,5168,227,50632,48272,0,12282,24679313,36,0,42402
370,262495,14.315946000000006,0,0,368,6884,307,66330,63499,0,20675,41675138,46,0,75199
371,262589,14.365442000000005,0,0,369,4766,227,49496,47436,0,10191,20445038,35,0,42535
372,262682,14.432100000000005,0,0,370,7171,268,66658,63996,0,22235,44834138,41,0,58781
373,262978,14.482451000000005,0,0,371,5262,266,50351,48134,0,12691,25507538,41,0,57498
374,263071,14.549000000000005,0,0,372,7245,309,66549,63893,0,20460,41239763,48,0,77134
375,263164,14.599097000000004,0,0,373,5171,226,50097,48041,0,14380,28927763,31,0,38366
376,263257,14.665734000000004,0,0,374,6851,308,66637,62448,0,18336,36942461,46,0,73469
377,263526,14.732509000000004,0,0,375,6891,268,66775,63774,0,16351,32922836,40,0,58578
378,263619,14.782625000000003,0,0,376,4969,265,50116,49489,0,16376,32973461,35,0,58439
379,263712,14.849194000000002,0,0,377,7434,282,66569,64163,0,16590,33406811,45,0,59151
380,263805,14.898938000000003,0,0,378,4210,251,49744,46423,0,16163,32542136,30,0,59735
381,264072,14.965573000000003,0,0,379,7175,270,66635,64052,0,16432,33086861,41,0,58808
382,264165,15.015957000000002,0,0,380,4139,225,50384,47413,0,13113,26365886,35,0,46405
383,264257,15.082289000000001,0,0,381,7129,308,66332,64305,0,19430,39157811,48,0,77294
384,264349,15.132408000000002,0,0,382,4858,226,50119,47319,0,13362,26870111,33,0,37397
385,264721,15.199228000000002,0,0,383,7252,309,66820,66273,0,19295,38884436,46,0,74288
386,264812,15.265568000000002,0,0,384,7399,301,66340,64414,0,16990,34213013,48,0,59252
387,264904,15.315706000000002,0,0,385,4995,233,50138,47035,0,15721,31643288,27,0,58340
388,264996,15.382096000000002,0,0,386,6816,280,66390,62099,0,16627,33477938,44,0,58493
389,265316,15.432651000000002,0,0,387,4995,254,50555,48883,0,16142,32495813,31,0,58723
390,265409,15.498720000000002,0,0,388,7201,301,66069,63713,0,16961,34154288,48,0,58548
391,265504,15.549579000000003,0,0,389,5609,245,50859,50383,0,15779,31760738,33,0,58812
392,265608,15.616887000000004,0,0,390,6794,459,67308,64730,0,17247,34549296,56,0,58433
393,265956,15.666230000000004,0,0,391,5177,75,49343,46306,0,15483,31353075,21,0,58163
394,266078,15.732704000000004,0,0,392,7117,460,66474,65235,0,17229,34520441,56,0,58071
395,266141,15.782287000000004,0,0,393,5356,96,49583,48578,0,16154,32711850,26,0,58054
396,266294,15.849698000000004,0,0,394,6796,438,67411,64316,0,17587,35252987,49,0,59489
397,266573,15.898749000000004,0,0,395,5240,97,49051,47321,0,15109,30483319,28,0,57150
398,266695,15.966148000000004,0,0,396,6553,437,67399,64422,0,16820,33812218,49,0,58786
399,266759,16.015688000000004,0,0,397,4692,74,49540,47365,0,14774,29917350,20,0,58943
400,266887,16.083475000000004,0,0,398,6829,459,67787,66536,0,17264,34598912,58,0,58835
401,266969,16.132186000000004,0,0,399,4817,63,48711,46287,0,15319,31020975,15,0,51927
402,267264,16.199094000000006,0,0,400,6313,280,66908,61681,0,16405,33039781,43,0,64757
403,267357,16.248877000000007,0,0,401,4406,252,49783,46698,0,16246,32717806,30,0,56885
404,267450,16.315700000000007,0,0,402,7737,299,66823,64911,0,16688,33612856,49,0,60349
405,267543,16.365769000000007,0,0,403,4327,235,50069,47027,0,15902,32021206,28,0,55496
406,267859,16.432049000000006,0,0,404,7374,275,66280,63698,0,16325,32873983,43,0,60165
407,267952,16.482267000000007,0,0,405,5517,261,50218,49167,0,16136,32491258,33,0,52171
408,268057,16.54935800000001,0,0,406,7131,466,67091,66952,0,17347,34839355,60,0,64159
409,268138,16.59871200000001,0,0,407,5589,102,49354,47416,0,15813,31941361,27,0,56855
410,268457,16.66590400000001,0,0,408,6956,438,67192,65720,0,17239,34540691,50,0,59830
411,268519,16.71582500000001,0,0,409,5099,96,49921,46075,0,15354,31091850,26,0,55045
412,268625,16.78272800000001,0,0,410,6513,437,66903,63377,0,16539,33123191,50,0,61282
413,268801,16.84957400000001,0,0,411,6424,268,66846,60731,0,17156,34556758,40,0,59584
414,269049,16.89890200000001,0,0,412,5117,96,49328,45905,0,15034,30443850,27,0,57693
415,269172,16.96634200000001,0,0,413,6574,437,67440,64832,0,16406,32857664,51,0,59499
416,269235,17.01580200000001,0,0,414,5278,97,49460,47282,0,15741,31875525,25,0,58105
417,269372,17.08318800000001,0,0,415,6782,438,67386,65470,0,16806,33671462,50,0,58747
418,269598,17.133403000000012,0,0,416,4738,74,50215,47620,0,14867,30105675,20,0,57485
419,269691,17.198782000000012,0,0,417,6651,308,65379,62552,0,17006,34152628,49,0,59115
420,269785,17.249280000000013,0,0,418,5225,214,50498,46409,0,15096,30493234,31,0,58837
421,270074,17.315882000000013,0,0,419,6271,301,66602,63708,0,16564,33361756,48,0,59113
422,270167,17.365757000000013,0,0,420,4586,233,49875,46405,0,15539,31286131,29,0,58086
423,270260,17.43230300000001,0,0,421,7310,299,66546,64849,0,16603,33440731,48,0,58337
424,270521,17.482372000000012,0,0,422,5551,235,50069,49428,0,15478,31162606,35,0,52412
425,270613,17.549079000000013,0,0,423,6379,301,66707,62498,0,16588,33410356,48,0,64742
426,270706,17.598986000000014,0,0,424,5430,233,49907,48952,0,15369,30938083,30,0,51859
427,270798,17.665760000000013,0,0,425,6760,320,66774,64352,0,16780,33682066,55,0,64487
428,271107,17.715316000000012,0,0,426,4982,214,49556,47613,0,15058,30412486,23,0,52603
429,271201,17.782531000000013,0,0,427,6461,291,67215,62558,0,16471,33160519,46,0,64689
430,271293,17.832179000000014,0,0,428,4302,241,49648,46264,0,15548,31291444,37,0,55433
431,271385,17.900723000000013,0,0,429,7384,281,68544,64629,0,16042,32291794,47,0,62005
432,271726,17.966336000000013,0,0,430,6589,454,65613,64400,0,16669,33444379,54,0,71470
433,271808,18.01570500000001,0,0,431,5834,103,49369,49065,0,15711,31703672,34,0,49717
434,271983,18.08300900000001,0,0,432,6646,437,67304,64067,0,16855,33779800,48,0,53860
435,272006,18.133680000000012,0,0,433,5390,266,50671,49690,0,14840,29861542,39,0,58337
436,272372,18.199222000000013,0,0,434,6821,268,65542,64674,0,18689,37655767,39,0,58778
437,272411,18.249108000000014,0,0,435,5178,266,49886,48819,0,12719,25566517,39,0,59349
438,272539,18.316124000000013,0,0,436,6262,268,67016,63603,0,16999,34233517,50,0,65308
439,272576,18.36591500000001,0,0,437,5123,126,49791,48365,0,14251,28744983,35,0,51626
440,272899,18.433178000000012,0,0,438,6587,408,67263,65652,0,16825,33805001,55,0,64577
441,272925,18.481997000000014,0,0,439,5165,115,48819,45789,0,14537,29324133,32,0,52220
442,273060,18.549577000000014,0,0,440,6436,419,67580,64490,0,16045,32225501,53,0,58333
443,273296,18.599442000000014,0,0,441,5312,211,49865,49915,0,15211,30688983,42,0,59377
444,273408,18.666111000000015,0,0,442,6302,322,66669,62169,0,15684,31494476,46,0,63520
445,273470,18.715494000000014,0,0,443,5375,98,49383,48577,0,15559,31440139,34,0,50979
446,273600,18.783064000000014,0,0,444,6214,436,67570,63085,0,15594,31258174,56,0,59926
447,273911,18.832223000000013,0,0,445,5077,95,49159,47025,0,15123,30624075,31,0,56865
448,274006,18.899345000000014,0,0,446,6259,270,67122,61967,0,16053,32207739,41,0,58105
449,274099,18.949486000000014,0,0,447,5160,244,50141,48624,0,14626,29530724,32,0,57916
450,274398,19.016419000000013,0,0,448,6541,417,66933,64589,0,16438,32980402,54,0,57441
451,274687,19.06592600000001,0,0,449,5140,117,49507,46958,0,14632,29549836,21,0,56136
452,275002,19.13228500000001,0,0,450,6805,459,66359,64629,0,16462,32956633,55,0,57142
453,275524,19.18230300000001,0,0,451,5261,97,50018,47181,0,15146,30670650,27,0,55914
454,275867,19.232434000000012,0,0,452,4868,233,50131,46655,0,14931,30049614,27,0,53377
455,275972,19.298746000000012,0,0,453,6574,297,66312,61457,0,15829,31868064,45,0,60062
456,276065,19.349140000000013,0,0,454,5413,237,50394,48798,0,15084,30363237,31,0,54670
457,276159,19.41562400000001,0,0,455,6587,301,66484,63006,0,16275,32775012,56,0,65700
458,276462,19.46539400000001,0,0,456,5255,245,49770,48144,0,14703,29591712,32,0,49451
459,276577,19.51575500000001,0,0,457,1090,192,50361,12717,0,924,1689237,19,0,14114
460,276704,19.599042000000008,0,0,458,6249,268,83287,58978,0,17151,34548912,40,0,86127
461,277032,19.68229300000001,0,0,459,6236,267,83251,61475,0,17515,35286012,42,0,60040
462,277224,19.74902400000001,0,0,460,6378,286,66731,62790,0,18110,36490887,45,0,65564
463,277480,19.81553600000001,0,0,461,7288,268,66512,64480,0,22765,45917262,39,0,48511
464,277591,19.865997000000007,0,0,462,4822,266,50461,48229,0,10440,20959137,42,0,60608
465,277722,19.93232400000001,0,0,463,6743,268,66327,63521,0,20087,40493043,43,0,58101
466,278044,19.982170000000007,0,0,464,5083,266,49846,48236,0,11734,23604795,40,0,51258
467,278177,20.032459000000006,0,0,465,4963,250,50289,43820,0,11257,22638870,40,0,52272
468,278318,20.099386000000006,0,0,466,6693,284,66927,64112,0,19869,40078170,48,0,62157
469,278431,20.165724000000004,0,0,467,6520,268,66338,60296,0,18980,38277945,41,0,58995
470,278727,20.215595000000004,0,0,468,4813,266,49871,46540,0,10495,21095820,42,0,55836
471,278846,20.282749000000003,0,0,469,6217,268,67154,58550,0,17435,35149320,41,0,56198
472,278969,20.332214000000004,0,0,470,4491,266,49465,41798,0,8810,17683695,42,0,54292
473,279093,20.398812000000003,0,0,471,6260,267,66598,58028,0,17625,35534070,43,0,58241
474,279374,20.465679,0,0,472,6575,268,66867,62829,0,19261,38846970,40,0,55923
475,279492,20.516083000000002,0,0,473,4826,266,50404,45970,0,10534,21174795,40,0,55171
476,279608,20.582544000000002,0,0,474,6508,267,66461,60100,0,18884,38087343,40,0,56295
477,279732,20.649071000000003,0,0,475,6582,268,66527,59760,0,19332,38994543,42,0,55432
478,280105,20.699048,0,0,476,4553,266,49977,47252,0,9202,18481293,42,0,56227
479,280225,20.765809,0,0,477,6856,268,66761,63791,0,20716,41797143,43,0,55522
480,280343,20.815659,0,0,478,4755,266,49850,45287,0,10226,20554893,41,0,55148
481,280580,20.882342,0,0,479,6568,268,66683,61940,0,19271,38871018,41,0,56205
482,280979,20.932254,0,0,480,4521,266,49912,45785,0,9017,18106668,42,0,54519
483,281384,20.998988,0,0,481,6284,267,66734,63814,0,17882,36058293,42,0,55948
484,281536,21.065601,0,0,482,6270,268,66613,58843,0,17768,35827443,41,0,56312
485,282099,21.115893,0,0,483,4995,266,50292,48190,0,11407,22946418,41,0,53523
486,282389,21.182329,0,0,484,6444,267,66436,60159,0,18649,37607670,40,0,57186
487,282618,21.232522,0,0,485,5034,267,50193,48038,0,11614,23361795,41,0,49878
488,282761,21.298858,0,0,486,6227,267,66336,58107,0,18011,36341543,44,0,61116
489,282970,21.34901,0,0,487,4965,267,50152,45197,0,11459,23073743,41,0,56088
490,283174,21.415575,0,0,488,7085,268,66565,64185,0,22055,44530643,41,0,51503
491,283284,21.466098,0,0,489,4392,266,50523,42421,0,8589,17261993,46,0,62031
492,283395,21.532555,0,0,490,6645,268,66457,62600,0,19845,40055393,41,0,51297
493,283592,21.582079999999998,0,0,491,5017,266,49525,47299,0,11720,23600749,41,0,57343
494,283832,21.648753999999997,0,0,492,5949,267,66674,55047,0,16380,33037249,44,0,61590
495,283944,21.7157,0,0,493,6889,308,66946,63880,0,20922,42234799,49,0,62131
496,284044,21.765788999999998,0,0,494,5228,227,50089,47109,0,12916,26026447,36,0,40310
497,284215,21.832662,0,0,495,5833,267,66873,57128,0,15895,32058922,45,0,66992
498,284456,21.882058,0,0,496,4748,266,49396,47254,0,10351,20832322,42,0,51541
499,284573,21.949061,0,0,497,6042,267,67003,56238,0,16836,33964447,46,0,61596
500,284673,22.015824000000002,0,0,498,6166,268,66763,57364,0,17462,35230578,42,0,58331
501,284779,22.065852000000003,0,0,499,4705,266,50028,44524,0,10104,20330628,41,0,56013
502,285099,22.132474000000002,0,0,500,6610,268,66622,61902,0,19657,39675453,42,0,56074
503,285200,22.182409000000003,0,0,501,4607,266,49935,43347,0,9641,19393053,42,0,56565
504,285300,22.249026000000004,0,0,502,6098,267,66617,57351,0,17062,34420578,44,0,57019
505,285581,22.315701000000004,0,0,503,6687,268,66675,61939,0,19917,40201953,42,0,52662
506,285683,22.365624000000004,0,0,504,4545,266,49923,42719,0,9215,18525086,43,0,61498
507,285784,22.432346000000003,0,0,505,6885,268,66722,64163,0,20944,42276311,41,0,54402
508,286045,22.482416000000004,0,0,506,4419,266,50070,44258,0,8587,17251867,43,0,60787
509,286145,22.548740000000006,0,0,507,6264,267,66324,60375,0,17859,36027667,41,0,56647
510,286246,22.615443000000006,0,0,508,6727,268,66703,61388,0,20104,40573792,41,0,56695
511,286348,22.665393000000005,0,0,509,4521,266,49950,42316,0,9103,18296767,41,0,57156
512,286668,22.732281000000004,0,0,510,6011,267,66888,54981,0,16553,33383017,40,0,56410
513,286768,22.798816000000002,0,0,511,6849,268,66535,62773,0,20712,41809549,42,0,46706
514,286873,22.849147000000002,0,0,512,4212,266,50331,40185,0,7679,15417724,45,0,66241
515,287000,22.915587000000002,0,0,513,6372,267,66440,59630,0,18471,37271524,43,0,56621
516,287253,22.965747000000004,0,0,514,4578,267,50160,42355,0,9398,18900978,42,0,56179
517,287354,23.032079000000003,0,0,515,5924,267,66332,56619,0,16163,32600103,44,0,56814
518,287456,23.098753000000002,0,0,516,6020,267,66674,56315,0,16570,33424278,43,0,56598
519,287711,23.165819000000003,0,0,517,6168,267,67066,57952,0,17382,35067059,43,0,57145
520,287810,23.232448,0,0,518,7211,309,66629,64047,0,20381,41140034,47,0,68690
521,287915,23.282448000000002,0,0,519,3786,225,50000,37887,0,7668,15396209,40,0,43973
522,288016,23.349138000000004,0,0,520,6302,267,66690,59644,0,18047,36413684,43,0,57159
523,288290,23.415670000000002,0,0,521,6444,268,66532,61810,0,18752,37841309,40,0,56698
524,288394,23.466069,0,0,522,4692,266,50399,47188,0,10012,20142809,44,0,57374
525,288495,23.532124,0,0,523,6289,268,66055,61572,0,17938,36192959,43,0,53660
526,288599,23.598837,0,0,524,6934,308,66713,63241,0,18324,36970811,51,0,65112
527,288807,23.648861,0,0,525,4167,225,50024,42147,0,10229,20578436,38,0,50769
528,288912,23.715682,0,0,526,6179,268,66821,56727,0,17414,35128061,40,0,58186
529,289015,23.765889,0,0,527,4343,266,50207,40031,0,8194,16457561,44,0,54964
530,289228,23.832253,0,0,528,6193,267,66364,57818,0,17452,35205011,41,0,55614
531,289328,23.899169,0,0,529,6362,267,66916,56299,0,18342,37007261,42,0,56609
532,289428,23.966114,0,0,530,6245,268,66945,54888,0,17657,35620136,41,0,56435
533,289529,24.015399000000002,0,0,531,4420,266,49285,38766,0,8553,17184536,43,0,56906
534,289750,24.081985000000003,0,0,532,6051,267,66586,53968,0,16718,33718661,40,0,56260
535,289852,24.148954000000003,0,0,533,6177,267,66969,54817,0,17442,35183242,43,0,55782
536,289955,24.215724,0,0,534,6045,268,66770,54923,0,16742,33769540,42,0,55771
537,290185,24.265933,0,0,535,4373,266,50209,38676,0,8366,16808140,41,0,56172
538,290287,24.332405,0,0,536,6330,267,66472,55462,0,18171,36663265,40,0,55604
539,290392,24.399124,0,0,537,6372,268,66719,55653,0,18416,37159390,41,0,56778
540,290493,24.449093,0,0,538,4675,266,49969,41106,0,9830,19772740,40,0,55519
541,290904,24.515809,0,0,539,6299,267,66716,59189,0,18040,36397990,42,0,57115
542,291457,24.582377,0,0,540,6797,268,66568,59318,0,20518,41415940,40,0,56659
543,291634,24.632157,0,0,541,4691,266,49780,43004,0,9898,19910440,41,0,56143
544,291813,24.69896,0,0,542,7635,310,66803,64903,0,21587,43580665,46,0,64985
545,292131,24.748851,0,0,543,4817,225,49891,47003,0,13533,27271315,37,0,40936
546,292471,24.815814,0,0,544,5560,267,66963,50344,0,14218,28654642,41,0,66422
547,292881,24.865389,0,0,545,5397,266,49575,47624,0,13429,27055398,43,0,46464
548,293127,24.932068,0,0,546,5779,267,66679,53149,0,15210,30654328,42,0,67080
549,293253,24.999333,0,0,547,6661,268,67265,61697,0,19543,39428653,41,0,57675
550,293407,25.048786,0,0,548,4470,266,49453,40308,0,8587,17242753,41,0,57890
551,293553,25.115672,0,0,549,6500,268,66886,57519,0,18727,37776253,40,0,57551
552,293755,25.165603,0,0,550,4507,266,49931,40663,0,8770,17613328,40,0,57618
553,293875,25.232054,0,0,551,7094,268,66451,62747,0,21750,43897828,41,0,51279
554,294019,25.298936,0,0,552,6112,267,66882,54842,0,16855,33985453,45,0,64978
555,294293,25.348715000000002,0,0,553,4490,266,49779,41312,0,8747,17566753,41,0,58129
556,294415,25.415815000000002,0,0,554,6436,267,67100,57663,0,18525,37371001,42,0,57175
557,294561,25.482751,0,0,555,7277,309,66936,63524,0,20514,41398726,48,0,72427
558,294878,25.532053,0,0,556,3919,225,49302,37181,0,8077,16213801,39,0,44337
559,295004,25.598925,0,0,557,6422,267,66872,56884,0,18376,37069276,42,0,58057
560,295124,25.665569,0,0,558,6545,268,66644,57567,0,19033,38398182,41,0,59060
561,295228,25.715666000000002,0,0,559,4597,266,50097,40963,0,9208,18502557,43,0,57997
562,295577,25.781963,0,0,560,6612,268,66297,57970,0,19273,38884182,42,0,58299
563,295759,25.832171000000002,0,0,561,4776,266,50208,41842,0,10193,20497182,42,0,57796
564,295860,25.899135,0,0,562,6226,267,66964,59575,0,17313,34915182,42,0,59446
565,295963,25.965807,0,0,563,6331,268,66672,58110,0,17849,36000582,43,0,57755
566,296172,26.015211,0,0,564,4610,249,49404,39990,0,9316,18717459,36,0,57619
567,296293,26.082048,0,0,565,6328,284,66837,57171,0,17889,36077784,45,0,58294
568,296395,26.148483,0,0,566,6067,267,66435,53906,0,16621,33510084,41,0,58318
569,296623,26.215381999999998,0,0,567,5974,267,66899,54387,0,16032,32317359,43,0,57898
570,296728,26.281710999999998,0,0,568,6139,267,66329,54926,0,16946,34168209,40,0,57581
571,296847,26.349400999999997,0,0,569,6778,268,67690,59737,0,20051,40455834,43,0,58226
572,297075,26.398757999999997,0,0,570,4582,266,49357,41210,0,9146,18373209,41,0,58860
573,297176,26.465843999999997,0,0,571,6620,268,67086,57828,0,19396,39137054,42,0,57459
574,297278,26.515689,0,0,572,4728,266,49845,42314,0,9931,19970429,41,0,57534
575,297383,26.582099999999997,0,0,573,6442,267,66411,57684,0,18474,37270004,42,0,58982
576,297575,26.648974999999997,0,0,574,6399,268,66875,56305,0,18256,36832352,40,0,57998
577,297676,26.699112999999997,0,0,575,4320,266,50138,39526,0,7813,15683758,41,0,57655
578,297776,26.765824999999996,0,0,576,6059,267,66712,54452,0,16509,33293158,41,0,58146
579,297989,26.832398999999995,0,0,577,6218,267,66574,57602,0,17291,34875189,43,0,59206
580,298096,26.898944999999994,0,0,578,5946,267,66546,60911,0,15926,32109545,42,0,61534
581,298217,26.965514999999993,0,0,579,5956,267,66570,58552,0,15942,32140426,45,0,63880
582,298416,27.032559999999993,0,0,580,5239,267,67045,49664,0,12338,24840807,42,0,62935
583,298522,27.099410999999993,0,0,581,6180,267,66851,58747,0,17111,34510182,43,0,58849
584,298629,27.16552099999999,0,0,582,5711,267,66110,52619,0,14746,29712957,42,0,61130
585,298859,27.23219999999999,0,0,583,5985,267,66679,57032,0,16134,32527707,44,0,57773
586,298985,27.29916099999999,0,0,584,6130,267,66961,57941,0,16856,33985959,41,0,59757
587,299276,27.365397999999992,0,0,585,5813,267,66237,55174,0,15249,30731784,43,0,57954
588,299378,27.43214099999999,0,0,586,6107,267,66743,60563,0,16687,33643734,40,0,57918
589,299652,27.49896099999999,0,0,587,6013,267,66820,57730,0,16206,32668190,43,0,59328
590,299753,27.56542699999999,0,0,588,5714,267,66466,54334,0,14701,29620565,42,0,58864
591,299855,27.63224799999999,0,0,589,6288,268,66821,59544,0,17571,35430796,43,0,58008
592,299954,27.68186399999999,0,0,590,5139,266,49616,47227,0,11806,23756671,41,0,53224
593,300238,27.74874499999999,0,0,591,6591,268,66881,63340,0,19143,38614096,45,0,57368
594,300338,27.81533099999999,0,0,592,6014,267,66586,54357,0,16190,32632752,42,0,64321
595,300440,27.865072999999988,0,0,593,5036,266,49742,47613,0,11308,22746702,43,0,53041
596,300548,27.932630999999986,0,0,594,5984,267,67558,55374,0,16087,32427975,42,0,64617
597,300792,27.998902999999988,0,0,595,6032,267,66272,55954,0,16332,32924100,41,0,57785
598,300891,28.06568199999999,0,0,596,6058,267,66779,56716,0,16457,33177225,40,0,58272
599,301012,28.13217399999999,0,0,597,6086,268,66492,57901,0,16559,33383775,41,0,58834
600,301115,28.182144999999988,0,0,598,4404,249,49971,39982,0,8160,16375800,36,0,47719
601,301356,28.249064999999987,0,0,599,5957,284,66920,57320,0,15939,32128275,46,0,67797
602,301460,28.31548499999999,0,0,600,6159,267,66420,58693,0,16969,34214025,42,0,59158
603,301610,28.38238899999999,0,0,601,6153,267,66904,57283,0,16886,34045950,42,0,58520
604,301712,28.448965999999988,0,0,602,5969,267,66577,55571,0,15971,32193075,43,0,57008
605,301988,28.51590499999999,0,0,603,6311,268,66939,59206,0,17628,35548500,43,0,58417
606,302102,28.56536099999999,0,0,604,4581,260,49456,41171,0,8940,17951502,38,0,57946
607,302205,28.632158999999987,0,0,605,6040,273,66798,56573,0,16368,32993202,43,0,58160
608,302305,28.699133999999987,0,0,606,6311,267,66975,59908,0,17576,35430288,43,0,58393
609,302693,28.765797999999986,0,0,607,6854,268,66664,61956,0,20214,40772238,42,0,58582
610,302795,28.815386999999987,0,0,608,4332,266,49589,39164,0,7641,15310394,41,0,59076
611,302896,28.88239499999999,0,0,609,6150,267,67008,54935,0,16706,33667019,42,0,59114
612,302996,28.948967999999986,0,0,610,6381,267,66573,55668,0,17835,35953244,43,0,59900
613,303320,29.015567999999988,0,0,611,6634,268,66600,58739,0,19070,38454119,41,0,59238
614,303421,29.065313999999987,0,0,612,4503,266,49746,41121,0,8530,17110619,41,0,58316
615,303522,29.131992999999987,0,0,613,6273,267,66679,53897,0,17369,35008075,40,0,57491
616,303881,29.198851999999988,0,0,614,6190,268,66859,55442,0,16949,34161373,41,0,59852
617,303982,29.265301999999988,0,0,615,6445,267,66450,55795,0,18163,36619723,43,0,57396
618,304082,29.315278999999986,0,0,616,4737,266,49977,42335,0,9619,19318123,43,0,59021
619,304184,29.382357999999986,0,0,617,6336,268,67079,54957,0,17671,35623423,41,0,59476
620,304480,29.432014999999986,0,0,618,4688,266,49657,41281,0,9426,18927298,42,0,56031
621,304583,29.498950999999984,0,0,619,6279,267,66936,55469,0,17361,34995673,43,0,59656
622,304683,29.565265999999983,0,0,620,6159,267,66315,54056,0,16732,33721948,41,0,57948
623,304826,29.632049999999982,0,0,621,6176,268,66784,53234,0,16793,33845473,41,0,58492
624,304960,29.682347999999983,0,0,622,4559,249,50298,38825,0,8786,17631298,37,0,47201
625,305063,29.749190999999982,0,0,623,6217,284,66843,56994,0,17092,34449429,48,0,69499
626,305359,29.815617999999983,0,0,624,6233,267,66427,55933,0,17109,34480056,42,0,58337
627,305460,29.882103999999984,0,0,625,6512,268,66486,56142,0,18567,37432506,43,0,58583
628,305568,29.932463999999985,0,0,626,4631,266,50360,40758,0,9169,18401556,39,0,57299
629,305668,29.998935999999986,0,0,627,6173,267,66472,54305,0,16859,33973806,43,0,58110
630,306007,30.065240999999986,0,0,628,6014,267,66305,54262,0,16065,32367475,41,0,59454
631,306107,30.132467999999985,0,0,629,6571,268,67227,57412,0,18850,38007100,42,0,55821
632,306251,30.182120999999984,0,0,630,4507,266,49653,40500,0,8514,17076700,42,0,59261
633,306350,30.248742999999983,0,0,631,7426,268,66622,64385,0,23190,46803195,42,0,46936
634,306654,30.298904999999984,0,0,632,3950,263,50162,34830,0,5825,11639070,41,0,66986
635,306814,30.365381999999983,0,0,633,7197,271,66477,63565,0,22107,44610120,45,0,48908
636,306914,30.432367999999983,0,0,634,8094,315,66986,64350,0,17624,35535843,54,0,74698
637,307016,30.482118999999983,0,0,635,2650,218,49751,30112,0,8140,16330743,30,0,50988
638,307319,30.549012999999984,0,0,636,6699,268,66894,58291,0,19590,39516993,43,0,57263
639,307422,30.598595999999983,0,0,637,4524,266,49583,40179,0,8655,17372099,43,0,56816
640,307523,30.665729999999982,0,0,638,7244,268,67134,63401,0,22220,44841224,41,0,46972
641,307626,30.715493999999982,0,0,639,4054,249,49764,35882,0,6278,12558674,42,0,67221
642,307882,30.782145999999983,0,0,640,5964,284,66652,53738,0,15832,31905524,45,0,58464
643,307984,30.849007999999984,0,0,641,6121,267,66862,54032,0,16610,33480974,44,0,56601
644,308084,30.915255999999985,0,0,642,6415,268,66248,56261,0,18030,36356474,42,0,56657
645,308378,30.965299999999985,0,0,643,5386,266,50044,47746,0,12966,26100355,42,0,46573
646,308481,31.031986999999987,0,0,644,5976,268,66687,53136,0,15879,31995382,46,0,66812
647,308581,31.082498999999988,0,0,645,4488,266,50512,39194,0,8472,16996207,41,0,56378
648,308865,31.148920999999987,0,0,646,6326,267,66422,55816,0,17638,35557357,41,0,56789
649,308967,31.215321999999986,0,0,647,6574,268,66401,58096,0,18912,38137207,41,0,55859
650,309068,31.265301999999988,0,0,648,4701,266,49980,42541,0,9498,19073857,42,0,56619
651,309296,31.332030999999986,0,0,649,6374,268,66729,56624,0,17898,36083857,44,0,57657
652,309398,31.382455999999987,0,0,650,4342,266,50425,37761,0,7703,15438982,42,0,56011
653,309497,31.448999999999987,0,0,651,6982,268,66544,62945,0,20893,42148732,43,0,46584
654,309600,31.515598999999987,0,0,652,5881,267,66599,51355,0,15398,31021357,44,0,66741
655,309896,31.565252999999988,0,0,653,4998,267,49654,47165,0,11012,22138188,43,0,50778
656,309997,31.63264399999999,0,0,654,6422,271,67391,56746,0,18019,36329642,48,0,77204
657,310101,31.68204599999999,0,0,655,4427,262,49402,40675,0,8212,16468948,39,0,41768
658,310201,31.74896099999999,0,0,656,6579,268,66915,58039,0,18892,38095948,41,0,56807
659,310455,31.79901399999999,0,0,657,4751,266,50053,43344,0,9768,19619848,43,0,55875
660,310556,31.86610999999999,0,0,658,6360,268,67096,60070,0,17787,35858323,41,0,56547
661,310659,31.91558399999999,0,0,659,4767,266,49474,43986,0,9827,19739323,42,0,55263
662,310760,31.982181999999987,0,0,660,6637,276,66598,57612,0,19051,38417923,46,0,71353
663,311056,32.031747999999986,0,0,661,4486,258,49566,42072,0,8461,16973173,39,0,42310
664,311157,32.098649999999985,0,0,662,6487,268,66902,58102,0,18373,37044973,42,0,55801
665,311259,32.14873499999999,0,0,663,4441,266,50085,41871,0,8136,16315048,42,0,55531
666,311359,32.21499799999999,0,0,664,6154,267,66263,55138,0,16682,33616900,42,0,55639
667,311641,32.265996999999984,0,0,665,4510,267,50999,41456,0,8462,16971400,41,0,55675
668,311743,32.332563999999984,0,0,666,5946,267,66567,54405,0,15617,31452680,42,0,56231
669,311844,32.39907599999999,0,0,667,6232,267,66512,56160,0,17081,34420318,43,0,56757
670,311947,32.465400999999986,0,0,668,6516,268,66325,59016,0,18504,37303412,42,0,56944
671,312174,32.51528099999999,0,0,669,4650,266,49880,41889,0,9206,18474962,42,0,56682
672,312274,32.58215199999999,0,0,670,6120,268,66871,55987,0,16497,33239237,42,0,55888
673,312375,32.63217199999999,0,0,671,4724,266,50020,44288,0,9532,19135112,42,0,55376
674,312479,32.69901299999999,0,0,672,6132,268,66841,55755,0,16616,33480212,42,0,57042
675,312694,32.765928999999986,0,0,673,6134,267,66916,58650,0,16621,33490337,45,0,56719
676,312796,32.81571899999999,0,0,674,4504,266,49790,42283,0,8435,16919004,43,0,55147
677,312897,32.88220299999999,0,0,675,6181,268,66484,58593,0,16795,33848004,42,0,57139
678,312997,32.93230799999999,0,0,676,4606,266,50105,42946,0,8952,17965929,41,0,56706
679,313218,32.999115999999994,0,0,677,6292,267,66808,60309,0,17434,35141979,43,0,56903
680,313320,33.065411999999995,0,0,678,6247,268,66296,58828,0,17169,34605354,43,0,57433
681,313421,33.11540899999999,0,0,679,4408,266,49997,42655,0,7978,15993579,43,0,56216
682,313523,33.18218799999999,0,0,680,5807,267,66779,54857,0,15014,30241479,42,0,57269
683,313779,33.24888099999999,0,0,681,5687,267,66693,53958,0,14342,28880679,44,0,57120
684,313882,33.31545299999999,0,0,682,6165,268,66572,58432,0,16726,33708279,44,0,55817
685,313981,33.36586399999999,0,0,683,4957,266,50411,47293,0,10679,21463104,41,0,50040
686,314083,33.43220699999999,0,0,684,5947,268,66343,56633,0,15593,31419270,42,0,63678
687,314299,33.48182899999999,0,0,685,4948,266,49622,47407,0,10745,21602070,42,0,53106
688,314396,33.54841899999999,0,0,686,6579,268,66590,62627,0,18873,38061270,42,0,52622
689,314500,33.59869799999999,0,0,687,4211,266,50279,40208,0,7068,14156145,43,0,61501
690,314602,33.66506199999999,0,0,688,6078,267,66364,56826,0,16396,33045345,41,0,55166
691,314772,33.71514199999999,0,0,689,4922,265,50080,45670,0,10626,21361095,40,0,55060
692,314875,33.78266899999999,0,0,690,6620,270,67527,61880,0,19136,38593845,46,0,55454
693,314976,33.832024999999994,0,0,691,4678,266,49356,44545,0,9461,19009565,41,0,55116
694,315077,33.882414999999995,0,0,692,4729,267,50390,41596,0,9783,19661615,40,0,53954
695,315236,33.94886999999999,0,0,693,6118,267,66455,60355,0,16785,33840665,43,0,54176
696,315337,34.01543899999999,0,0,694,6167,268,66569,56678,0,16979,34237313,41,0,54414
697,315438,34.071631999999994,0,0,695,4216,266,56193,39429,0,7203,14440913,43,0,54701
698,315616,34.13239299999999,0,0,696,5688,267,60761,53954,0,14530,29278088,41,0,54898
699,315717,34.199028999999996,0,0,697,6422,268,66636,59156,0,18279,36869813,42,0,53598
700,315816,34.248760999999995,0,0,698,5141,267,49732,47376,0,11840,23830838,41,0,48514
701,315976,34.316160999999994,0,0,699,5904,267,67400,55425,0,15572,31388138,47,0,60760
702,316076,34.36538999999999,0,0,700,4543,266,49229,42538,0,8919,17915813,42,0,53723
703,316176,34.41535599999999,0,0,701,4860,250,49966,43285,0,10425,20965463,39,0,45319
704,316397,34.48201699999999,0,0,702,5890,284,66661,57414,0,15614,31473188,48,0,64339
705,316495,34.549215999999994,0,0,703,6704,307,67199,62342,0,19644,39633938,47,0,66439
706,316597,34.59898999999999,0,0,704,4566,227,49774,42925,0,9110,18298790,38,0,41321
707,316754,34.648996999999994,0,0,705,5113,267,50007,48035,0,11781,23707565,42,0,48358
708,316856,34.71561499999999,0,0,706,6510,308,66618,61018,0,18164,36639216,49,0,65595
709,316958,34.76585999999999,0,0,707,4696,227,50245,43969,0,10259,20631591,39,0,47975
710,317059,34.81576399999999,0,0,708,4744,266,49904,44498,0,10018,20143566,41,0,53410
711,317215,34.865473999999985,0,0,709,4962,260,49710,46681,0,11116,22367016,38,0,52826
712,317317,34.932453999999986,0,0,710,6606,275,66980,62205,0,19357,39055041,45,0,53806
713,317414,34.982019999999984,0,0,711,4858,267,49566,47860,0,10552,21224916,40,0,53244
714,317566,35.032105999999985,0,0,712,4508,266,50086,43598,0,8779,17634591,43,0,53826
715,317668,35.09898099999999,0,0,713,6204,268,66875,57277,0,17283,34853672,41,0,53857
716,317769,35.14888099999999,0,0,714,5005,267,49900,47448,0,11274,22689245,42,0,47302
717,317943,35.19877899999999,0,0,715,4618,249,49898,42900,0,9284,18659495,38,0,58918
718,318044,35.26556799999999,0,0,716,6190,285,66789,60447,0,17129,34545620,45,0,53576
719,318145,35.31542499999999,0,0,717,4256,266,49857,39158,0,7411,14866670,43,0,54030
720,318247,35.382448999999994,0,0,718,6271,268,67024,57932,0,17535,35367770,43,0,53371
721,318453,35.43225499999999,0,0,719,4708,266,49806,44047,0,9707,19516070,42,0,52646
722,318554,35.49905799999999,0,0,720,6105,268,66803,56664,0,16730,33737645,43,0,52943
723,318657,35.549004999999994,0,0,721,4312,266,49947,39409,0,7819,15692870,42,0,53416
724,318801,35.615399,0,0,722,6139,267,66394,57035,0,16895,34071770,42,0,53487
725,318905,35.665746,0,0,723,4676,267,50347,42895,0,9520,19137395,43,0,53052
726,319009,35.732141,0,0,724,6100,268,66395,55941,0,16676,33624497,42,0,53191
727,319180,35.782208,0,0,725,4636,266,50067,42483,0,9362,18813647,42,0,52438
728,319283,35.848769999999995,0,0,726,6186,268,66562,56965,0,17103,34484615,41,0,53151
729,319384,35.89871099999999,0,0,727,4513,266,49941,41781,0,8934,17942390,43,0,54196
730,319530,35.965433999999995,0,0,728,6093,268,66723,56260,0,16851,33974315,42,0,52810
731,319632,36.01517799999999,0,0,729,4219,266,49744,38475,0,7396,14827940,44,0,53299
732,319734,36.08215299999999,0,0,730,6194,268,66975,56510,0,17304,34891640,42,0,52535
733,319832,36.13243799999999,0,0,731,5503,267,50285,48802,0,13880,27958040,40,0,43417
734,319994,36.18222899999999,0,0,732,4120,249,49791,35222,0,6940,13904540,37,0,62731
735,320095,36.24901899999999,0,0,733,7359,326,66790,63585,0,19963,40276115,52,0,62174
736,320196,36.29892599999999,0,0,734,3779,225,49907,35908,0,8548,17164538,39,0,45823
737,320332,36.348812999999986,0,0,735,4458,267,49887,42555,0,8683,17437913,41,0,52998
738,320434,36.41537299999999,0,0,736,6271,268,66560,57222,0,17771,35841113,43,0,53278
739,320536,36.46557699999999,0,0,737,4733,266,50204,44412,0,10051,20208113,42,0,53538
740,320637,36.53207199999999,0,0,738,6747,308,66495,58773,0,18729,37781063,46,0,68071
741,320767,36.58221499999999,0,0,739,4472,227,50143,39947,0,10052,20210138,34,0,39444
742,320871,36.63196599999999,0,0,740,4494,266,49751,40836,0,8820,17715338,42,0,52369
743,320973,36.69899699999999,0,0,741,6367,268,67031,54719,0,18175,36659213,41,0,54070
744,321076,36.748718999999994,0,0,742,5506,269,49722,47772,0,13825,27850463,40,0,54541
745,321234,36.798728,0,0,743,3711,264,50009,32860,0,4999,9977813,41,0,52258
746,321335,36.865376,0,0,744,7369,309,66648,63421,0,20234,40824890,50,0,60174
747,321434,36.915371,0,0,745,3780,225,49995,35382,0,8174,16403390,39,0,46447
748,321533,36.965408000000004,0,0,746,4792,267,50037,41956,0,10290,20688290,41,0,53418
749,321663,37.032445,0,0,747,6569,268,67037,57303,0,19204,38739140,42,0,53455
750,321761,37.082107,0,0,748,5384,267,49662,47505,0,13264,26710640,41,0,47510
751,321862,37.132086,0,0,749,4203,266,49979,37859,0,7370,14775290,44,0,59426
752,321988,37.182244000000004,0,0,750,5423,267,50158,47994,0,13470,27127790,43,0,48511
753,322090,37.248893,0,0,751,6079,268,66649,53292,0,16791,33857372,44,0,58627
754,322192,37.298969,0,0,752,5331,306,50076,47800,0,12985,26150222,49,0,60360
755,322320,37.348857,0,0,753,4162,227,49888,36975,0,7333,14704922,40,0,45245
756,322423,37.415287,0,0,754,6531,308,66430,56227,0,17920,36147395,48,0,67486
757,322526,37.465612,0,0,755,4929,227,50325,46761,0,12307,24781070,35,0,38570
758,322690,37.515279,0,0,756,4482,266,49667,38812,0,8781,17640920,41,0,53439
759,322791,37.56556,0,0,757,4504,267,50281,38983,0,8961,18005420,43,0,52978
760,322893,37.632214,0,0,758,6578,268,66654,56950,0,19256,38852795,42,0,53023
761,322997,37.682446999999996,0,0,759,4648,266,50233,39991,0,9635,19370270,41,0,52044
762,323124,37.732217999999996,0,0,760,5280,267,49771,47525,0,12783,25743451,40,0,43840
763,323225,37.799423999999995,0,0,761,7972,322,67206,64600,0,17169,34625101,57,0,72891
764,323327,37.84894499999999,0,0,762,2937,213,49521,31389,0,10193,20498701,26,0,42296
765,323458,37.898990999999995,0,0,763,5492,267,50046,47715,0,13870,27944626,42,0,43181
766,323557,37.949152,0,0,764,5180,267,50161,47275,0,12285,24731203,46,0,53620
767,323657,38.015682,0,0,765,5737,307,66530,49893,0,14351,28914853,46,0,63377
768,323801,38.065329999999996,0,0,766,5205,267,49648,46906,0,12599,25367053,39,0,53119
769,323904,38.115446999999996,0,0,767,4376,226,50117,38991,0,8786,17645728,33,0,52142
770,324005,38.165797999999995,0,0,768,4465,267,50351,41455,0,8735,17542453,44,0,54693
771,324135,38.23220499999999,0,0,769,5793,267,66407,54069,0,15370,30978328,42,0,53067
772,324233,38.281758999999994,0,0,770,5311,267,49554,47294,0,12980,26138578,40,0,46924
773,324339,38.34878799999999,0,0,771,5733,268,67029,52603,0,15018,30265528,46,0,59263
774,324441,38.398385999999995,0,0,772,4631,266,49598,41321,0,9429,18947803,41,0,52693
775,324598,38.44873,0,0,773,5047,253,50344,44570,0,11616,23376478,39,0,53212
776,324701,38.515066999999995,0,0,774,6286,282,66337,57131,0,17824,35951476,44,0,53762
777,324807,38.56603799999999,0,0,775,4796,266,50971,43475,0,10274,20662726,42,0,53013
778,324906,38.61515899999999,0,0,776,5256,267,49121,46644,0,12548,25267576,40,0,47146
779,325038,38.682081999999994,0,0,777,6168,270,66923,56573,0,17159,34604851,48,0,71666
780,325139,38.73201699999999,0,0,778,5199,265,49935,46967,0,12370,24907126,39,0,34705
781,325237,38.78202399999999,0,0,779,5365,267,50007,48038,0,13113,26411701,43,0,49808
782,325341,38.83228299999999,0,0,780,3866,266,50259,35603,0,5627,11252551,41,0,62524
783,325471,38.89903299999999,0,0,781,6599,268,66750,61605,0,19272,38883676,43,0,48272
784,325569,38.94857199999999,0,0,782,5021,267,49539,46926,0,11435,23013751,41,0,49703
785,325672,38.998749999999994,0,0,783,4310,266,50178,40596,0,7800,15652876,45,0,63375
786,325773,39.065380999999995,0,0,784,6906,308,66631,65055,0,19815,39979453,49,0,62579
787,325901,39.11572399999999,0,0,785,5143,236,50343,48291,0,12929,26035303,43,0,54390
788,326004,39.165547,0,0,786,3672,257,49823,36960,0,4740,9463211,40,0,48896
789,326105,39.232082,0,0,787,6836,268,66535,63964,0,20214,40788947,44,0,49134
790,326262,39.282475,0,0,788,3942,266,50393,36691,0,5766,11531747,44,0,61514
791,326363,39.348867999999996,0,0,789,6743,268,66393,62801,0,19747,39843272,41,0,45864
792,326464,39.41542,0,0,790,5458,267,66552,51087,0,13253,26692922,44,0,65248
793,326570,39.465319,0,0,791,4972,266,49899,47443,0,10897,21923541,43,0,45239
794,326700,39.532214,0,0,792,5629,268,66895,54505,0,14084,28377216,44,0,66368
795,326798,39.582041000000004,0,0,793,4514,249,49827,41024,0,8520,17110116,38,0,45037
796,326899,39.648603,0,0,794,6536,285,66562,62861,0,18573,37471239,46,0,57860
797,327035,39.698284,0,0,795,4621,249,49681,43547,0,8946,17976564,38,0,56913
798,327135,39.765183,0,0,796,6744,285,66899,63324,0,19654,39660264,47,0,54978
799,327239,39.815066,0,0,797,4282,266,49883,40971,0,7329,14702139,43,0,59430
800,327384,39.881769,0,0,798,6599,268,66703,62413,0,18854,38041783,43,0,49221
801,327485,39.931824,0,0,799,4341,266,50055,40742,0,7593,15238258,42,0,60051
802,327586,39.999257,0,0,800,5926,267,67433,55473,0,15488,31225633,41,0,55753
803,327690,40.065214,0,0,801,5803,267,65957,53725,0,14744,29719033,42,0,55301
804,327818,40.132048999999995,0,0,802,6354,268,66835,57646,0,17463,35215894,41,0,55310
805,327919,40.18262299999999,0,0,803,4715,266,50574,44276,0,9263,18610894,41,0,55669
806,328018,40.24892799999999,0,0,804,6853,268,66305,62766,0,19970,40290290,41,0,52479
807,328122,40.298826999999996,0,0,805,4241,266,49899,39904,0,6883,13789115,47,0,61395
808,328268,40.365379999999995,0,0,806,6109,267,66553,56949,0,16211,32679834,42,0,56515
809,328368,40.43199799999999,0,0,807,6122,267,66618,58403,0,16333,32926884,42,0,56891
810,328472,40.498650999999995,0,0,808,6208,268,66653,57023,0,16773,33817884,41,0,55631
811,328600,40.548638999999994,0,0,809,4704,249,49988,43877,0,9162,18402571,40,0,56123
812,328702,40.615455999999995,0,0,810,6236,284,66817,58871,0,16793,33852308,44,0,57075
813,328805,40.68196,0,0,811,6353,267,66504,58971,0,17434,35160966,42,0,57682
814,328931,40.732043,0,0,812,5267,267,50083,47946,0,12044,24246216,42,0,51590
815,329036,40.798944999999996,0,0,813,6457,267,66902,60583,0,17982,36270666,47,0,62343
816,329137,40.849222999999995,0,0,814,4801,265,50278,42395,0,9700,19504933,39,0,56376
817,329238,40.91569499999999,0,0,815,6639,269,66472,62826,0,18909,38153158,42,0,47728
818,329371,40.982212999999994,0,0,816,6090,267,66518,56832,0,16058,32379883,44,0,68002
819,329504,41.049209999999995,0,0,817,6524,268,66997,59855,0,18261,36842477,41,0,55854
820,329613,41.098744999999994,0,0,818,4457,266,49535,41461,0,7916,15893852,42,0,58318
821,329760,41.16542199999999,0,0,819,6196,267,66677,56284,0,16551,33379727,43,0,56008
822,329902,41.231798999999995,0,0,820,6395,267,66377,56317,0,17621,35546477,41,0,57448
823,330004,41.29883399999999,0,0,821,6578,268,67035,57557,0,18449,37223177,42,0,57597
824,330104,41.348884999999996,0,0,822,4769,266,50051,42859,0,9379,18856427,41,0,57848
825,330290,41.415313,0,0,823,7246,268,66428,63033,0,21806,44021102,40,0,52075
826,330393,41.465463,0,0,824,4326,266,50150,38635,0,7158,14355104,44,0,62637
827,330494,41.532232,0,0,825,7327,268,66769,63346,0,22172,44756935,43,0,48019
828,330596,41.581877,0,0,826,4185,249,49645,35363,0,6469,12958360,40,0,54401
829,330764,41.648524,0,0,827,6469,284,66647,58195,0,17895,36094491,47,0,70133
830,330865,41.715771000000004,0,0,828,6782,268,67247,59155,0,19395,39131991,42,0,58576
831,330967,41.765373000000004,0,0,829,4926,266,49602,43450,0,10090,20289366,42,0,57574
832,331065,41.831991,0,0,830,7806,308,66618,65413,0,22955,46339472,45,0,64621
833,331266,41.881918,0,0,831,4053,226,49927,36413,0,7406,14852747,37,0,51463
834,331371,41.949042999999996,0,0,832,7121,268,67125,62953,0,21125,42633722,43,0,52524
835,331471,41.998751999999996,0,0,833,4406,266,49709,38256,0,7592,15230916,42,0,62308
836,331575,42.065537,0,0,834,6312,267,66785,55083,0,17068,34423614,42,0,57799
837,331721,42.132471,0,0,835,7021,268,66934,60385,0,20613,41602239,41,0,57216
838,331822,42.182449000000005,0,0,836,4674,266,49978,41710,0,8874,17830764,41,0,57211
839,331925,42.248896,0,0,837,6355,267,66447,55372,0,17285,34863039,41,0,58701
840,332097,42.315559,0,0,838,6185,268,66663,53786,0,16510,33293664,41,0,56549
841,332200,42.382028,0,0,839,6658,287,66469,57914,0,18674,37675764,46,0,62609
842,332301,42.431911,0,0,840,5400,247,49883,46607,0,12531,25236189,40,0,45995
843,332445,42.482052,0,0,841,4706,249,50141,41377,0,8920,17923914,46,0,62851
844,332547,42.548491000000006,0,0,842,6686,284,66439,60228,0,18897,38127339,46,0,57904
845,332647,42.599095000000005,0,0,843,5617,267,50604,48512,0,13553,27305739,41,0,48469
846,332753,42.665477,0,0,844,5885,267,66382,53290,0,14742,29709666,47,0,67505
847,332909,42.731846000000004,0,0,845,6164,267,66369,55953,0,16154,32570485,42,0,56902
848,333010,42.79867600000001,0,0,846,6239,267,66830,54281,0,16513,33289865,42,0,57925
849,333108,42.86546100000001,0,0,847,7213,308,66785,63136,0,20192,40739840,48,0,63956
850,333212,42.91542500000001,0,0,848,4450,226,49964,45375,0,8738,17545490,38,0,52334
851,333357,42.98201800000001,0,0,849,7220,268,66593,63237,0,21520,43429040,43,0,53332
852,333467,43.03186400000001,0,0,850,4405,266,49846,39036,0,7427,14890715,44,0,62198
853,333566,43.09857700000001,0,0,851,7512,268,66713,64151,0,22845,46112165,41,0,48282
854,333669,43.149116000000014,0,0,852,4416,266,50539,38831,0,7406,14848190,43,0,67978
855,333838,43.21543000000001,0,0,853,7075,268,66314,62143,0,20779,41928515,41,0,53356
856,333941,43.26605500000001,0,0,854,4978,266,50625,43541,0,10116,20339738,45,0,63218
857,334045,43.33224100000001,0,0,855,7348,268,66186,63349,0,21966,44335988,43,0,53238
858,334148,43.39859200000001,0,0,856,6095,267,66351,53294,0,15810,31870088,43,0,64128
859,334305,43.448409000000005,0,0,857,5394,266,49817,47106,0,12236,24632738,40,0,52243
860,334408,43.515469,0,0,858,6523,268,67060,56686,0,17856,36013238,44,0,62793
861,334511,43.565628000000004,0,0,859,4804,266,50159,42453,0,9261,18608363,42,0,58567
862,334669,43.632124000000005,0,0,860,6597,267,66496,56818,0,18191,36691613,40,0,57741
863,334772,43.698519000000005,0,0,861,6510,268,66395,55116,0,17750,35798588,43,0,57929
864,334874,43.748871,0,0,862,4992,266,50352,42975,0,10020,20145338,42,0,57359
865,335100,43.815184,0,0,863,7603,268,66313,64552,0,23071,46572094,42,0,48695
866,335201,43.88204,0,0,864,6355,269,66856,55805,0,16803,33875596,46,0,74498
867,335306,43.932265,0,0,865,5708,265,50225,49347,0,13549,27286246,42,0,43788
868,335405,43.999074,0,0,866,6035,267,66809,53177,0,15184,30597121,44,0,69692
869,335547,44.049037,0,0,867,5085,266,49963,44178,0,10398,20905471,41,0,59191
870,335649,44.115552,0,0,868,6631,267,66515,57388,0,18114,36530371,44,0,58997
871,335748,44.181888,0,0,869,6559,267,66336,56983,0,17738,35768971,41,0,59587
872,335920,44.248891,0,0,870,6755,268,67003,57763,0,18623,37561096,42,0,59580
873,336026,44.298953,0,0,871,4826,266,50062,41371,0,9102,18287147,41,0,58520
874,336127,44.365725999999995,0,0,872,6329,267,66773,58652,0,16576,33421997,42,0,59371
875,336226,44.431903,0,0,873,6993,267,66177,63019,0,19904,40161197,41,0,55443
876,336372,44.498504,0,0,874,6571,268,66601,57883,0,17656,35612795,46,0,63641
877,336472,44.54857,0,0,875,5195,249,50066,44449,0,10822,21773945,39,0,59471
878,336573,44.615175,0,0,876,7309,284,66605,63656,0,21385,43165539,43,0,54929
879,336731,44.681785,0,0,877,6190,267,66610,56916,0,15730,31714164,48,0,65315
880,336831,44.748456999999995,0,0,878,6470,268,66672,58796,0,17119,34528408,42,0,59686
881,336930,44.81635599999999,0,0,879,7207,307,67899,64137,0,20254,40878302,48,0,73716
882,337035,44.86550199999999,0,0,880,4645,226,49146,39850,0,8351,16774727,39,0,45585
883,337182,44.932193999999996,0,0,881,6526,267,66692,58775,0,17395,35088827,42,0,59070
884,337287,44.998605,0,0,882,6317,267,66411,55015,0,16240,32749952,41,0,59334
885,337388,45.065718,0,0,883,7597,268,67113,64517,0,22690,45811202,42,0,50426
886,337493,45.132728,0,0,884,5990,267,67010,52889,0,14638,29502104,45,0,69025
887,337665,45.182367,0,0,885,5110,266,49639,43634,0,10206,20527304,42,0,59072
888,337763,45.248605,0,0,886,7184,267,66238,62390,0,20528,41429354,40,0,58986
889,337866,45.315568999999996,0,0,887,6729,268,66964,60934,0,18202,36720723,44,0,61034
890,337964,45.365573999999995,0,0,888,5266,266,50005,47858,0,10852,21836973,43,0,56514
891,338108,45.432264999999994,0,0,889,6886,267,66691,62875,0,19001,38340217,43,0,60311
892,338212,45.498833999999995,0,0,890,6295,267,66569,57916,0,15965,32192317,44,0,66105
893,338314,45.565864999999995,0,0,891,6244,267,67031,56865,0,15750,31756942,44,0,61367
894,338417,45.63221299999999,0,0,892,6649,267,66348,64461,0,17744,35796311,42,0,60028
895,338566,45.698637999999995,0,0,893,6829,268,66425,62155,0,18703,37738286,42,0,58639
896,338668,45.76552099999999,0,0,894,6297,267,66883,57962,0,15948,32163209,46,0,62727
897,338774,45.83220699999999,0,0,895,6486,267,66686,59993,0,16898,34086959,44,0,61094
898,338875,45.89886099999999,0,0,896,6281,267,66654,57973,0,15868,32001209,42,0,59540
899,339022,45.96571199999999,0,0,897,6337,267,66851,56604,0,16068,32406209,43,0,60523
900,339123,46.03225099999999,0,0,898,7175,307,66539,64088,0,19811,39985784,49,0,64944
901,339229,46.081946999999985,0,0,899,4670,226,49696,41543,0,8263,16601084,37,0,54527
902,339330,46.14874799999998,0,0,900,7321,268,66801,64378,0,20928,42247709,43,0,55226
903,339499,46.21511199999998,0,0,901,7278,307,66364,64963,0,20160,40692509,51,0,70766
904,339602,46.26519599999998,0,0,902,4329,226,50084,37085,0,6517,13065434,35,0,55019
905,339703,46.33187899999998,0,0,903,6973,267,66683,62372,0,19154,38655359,44,0,55672
906,339852,46.39938899999998,0,0,904,6647,267,67510,58669,0,17492,35292086,44,0,64315
907,339950,46.46533799999998,0,0,905,7181,268,65949,62832,0,20155,40672511,41,0,56099
908,340050,46.53203399999998,0,0,906,6771,267,66696,59652,0,18034,36375966,44,0,65194
909,340156,46.581921999999985,0,0,907,5654,266,49888,49253,0,12438,25044066,44,0,52215
910,340313,46.64848199999999,0,0,908,6364,267,66560,56549,0,15957,32171560,44,0,70032
911,340414,46.71546999999999,0,0,909,6905,268,66988,61561,0,18671,37685635,42,0,61915
912,340513,46.76533299999999,0,0,910,5258,249,49863,45275,0,10401,20938885,39,0,59837
913,340676,46.832328999999994,0,0,911,7090,284,66996,63931,0,19523,39423085,45,0,56591
914,340781,46.89863499999999,0,0,912,6351,267,66306,57607,0,15818,31920460,44,0,66472
915,340883,46.965495999999995,0,0,913,7183,268,66861,62866,0,20055,40501904,42,0,57218
916,340992,47.032213999999996,0,0,914,6685,267,66718,60154,0,17586,35512052,43,0,65746
917,341133,47.08218599999999,0,0,915,5026,247,49972,47792,0,9415,18959702,34,0,42098
918,341237,47.14896099999999,0,0,916,6592,286,66775,60224,0,16936,34195802,50,0,80402
919,341338,47.215416999999995,0,0,917,6630,267,66456,58773,0,17277,34892402,43,0,61098
920,341496,47.28225199999999,0,0,918,6676,267,66835,59445,0,17502,35348027,41,0,61519
921,341598,47.34849499999999,0,0,919,6939,267,66243,60500,0,18863,38108608,42,0,60601
922,341705,47.41545899999999,0,0,920,6958,268,66964,61296,0,18956,38290858,42,0,60711
923,341805,47.46562499999999,0,0,921,4793,266,50166,42363,0,8088,16289233,40,0,60925
924,341948,47.54861599999999,0,0,922,8237,268,82991,73715,0,25387,51313633,43,0,59555
925,342047,47.59903099999999,0,0,923,5271,266,50415,46727,0,10450,21073802,41,0,55005
926,342157,47.66567199999999,0,0,924,6669,267,66641,59403,0,17477,35299679,43,0,65267
927,342255,47.73220899999998,0,0,925,7538,268,66537,64757,0,21809,44071979,43,0,55543
928,342412,47.78239099999998,0,0,926,4740,266,50182,42802,0,7782,15673379,44,0,63825
929,342514,47.84889599999998,0,0,927,7014,267,66505,63624,0,19193,38780654,45,0,57851
930,342614,47.915447999999984,0,0,928,6401,267,66552,57241,0,16175,32663129,44,0,65370
931,342758,47.98192499999998,0,0,929,6885,267,66477,61231,0,18576,37535785,42,0,60090
932,342871,48.04899099999998,0,0,930,6763,267,67066,59960,0,18031,36420010,44,0,60146
933,342974,48.11557899999998,0,0,931,6565,268,66588,58354,0,17055,34451205,42,0,59326
934,343128,48.18172699999998,0,0,932,7169,267,66148,63487,0,20120,40657830,42,0,50615
935,343259,48.231898999999984,0,0,933,4918,266,50172,45214,0,8893,17917080,48,0,69871
936,343353,48.29869999999998,0,0,934,7268,268,66801,63712,0,20687,41803728,40,0,54849
937,343489,48.365490999999984,0,0,935,7185,306,66791,64069,0,20184,40778828,49,0,69902
938,343599,48.415151999999985,0,0,936,4922,227,49661,47031,0,9057,18222353,37,0,55090
939,343692,48.481901999999984,0,0,937,6999,267,66750,62989,0,19453,39269697,40,0,56122
940,343785,48.54909399999998,0,0,938,7349,286,67192,63906,0,21149,42710172,44,0,70453
941,343949,48.59893099999998,0,0,939,5243,248,49837,47297,0,10696,21542847,42,0,44317
942,344044,48.66552599999998,0,0,940,7043,268,66595,62502,0,19591,39561297,41,0,66176
943,344136,48.73213399999998,0,0,941,7500,308,66608,64416,0,19500,39377022,51,0,77300
944,344398,48.78236599999998,0,0,942,5168,226,50232,47982,0,12727,25661697,34,0,36283
945,344496,48.84863099999998,0,0,943,7160,270,66265,64598,0,20170,40747441,47,0,74096
946,344588,48.898777999999986,0,0,944,5094,263,50147,47608,0,9933,20000049,39,0,49054
947,344685,48.965276999999986,0,0,945,7166,268,66499,63226,0,20340,41066630,44,0,56551
948,344875,49.03212099999999,0,0,946,7190,307,66844,63932,0,19505,39369680,47,0,74934
949,344967,49.08193199999999,0,0,947,5202,226,49811,46349,0,11415,22981355,37,0,47367
950,345065,49.148943999999986,0,0,948,7165,268,67012,63694,0,20339,41046380,42,0,61211
951,345228,49.198604999999986,0,0,949,5253,266,49661,47284,0,10784,21697505,44,0,55540
952,345321,49.265292999999986,0,0,950,7185,268,66688,63168,0,20404,41178005,41,0,63106
953,345416,49.331881999999986,0,0,951,7460,307,66589,64091,0,19745,39835936,50,0,72773
954,345598,49.38204299999999,0,0,952,5499,227,50161,48455,0,13922,28044361,35,0,42446
955,345691,49.44883399999999,0,0,953,7384,308,66791,64016,0,19164,38659411,51,0,75256
956,345791,49.49910699999999,0,0,954,5468,226,50273,48355,0,14021,28248634,33,0,42300
957,346022,49.56567299999999,0,0,955,7209,307,66566,63408,0,19258,38855078,46,0,72322
958,346116,49.63186199999999,0,0,956,7869,269,66189,62621,0,16576,33424028,40,0,59738
959,346212,49.682095999999994,0,0,957,4620,225,50234,47434,0,16227,32715784,31,0,46215
960,346487,49.74880399999999,0,0,958,7348,308,66708,62881,0,16856,33989509,45,0,73035
961,346586,49.79851999999999,0,0,959,4780,226,49716,46545,0,12932,26043409,31,0,44604
962,346680,49.86579299999999,0,0,960,7078,267,67273,63563,0,20000,40356109,39,0,65138
963,346775,49.940420999999986,0,0,961,6369,267,74628,64247,0,16476,33220009,39,0,60171
964,346996,49.99875499999999,0,0,962,6181,267,58334,55259,0,15546,31336759,42,0,63041
965,347088,50.04892899999999,0,0,963,5125,266,50174,46215,0,10176,20462509,44,0,59993
966,347183,50.115265999999984,0,0,964,7122,267,66337,63197,0,20262,40882861,41,0,59138
967,347394,50.18217499999999,0,0,965,7038,268,66909,63040,0,19964,40279411,45,0,63881
968,347488,50.23195699999999,0,0,966,5543,266,49782,48983,0,12331,24814991,41,0,60831
969,347581,50.298490999999984,0,0,967,7119,268,66534,62440,0,20232,40812997,44,0,55033
970,347845,50.36557599999998,0,0,968,7056,267,67085,62632,0,19919,40177653,40,0,65246
971,347939,50.415300999999985,0,0,969,5129,266,49725,46997,0,10188,20472378,44,0,60593
972,348034,50.48211699999999,0,0,970,6829,267,66816,61945,0,18803,37917753,40,0,63245
973,348262,50.54890899999999,0,0,971,7076,268,66792,63437,0,20044,40430778,41,0,57000
974,348356,50.598562999999984,0,0,972,5147,266,49654,46344,0,10369,20838903,40,0,58041
975,348450,50.66545699999998,0,0,973,7136,267,66894,63269,0,20397,41145603,44,0,59335
976,348544,50.73219599999998,0,0,974,7142,268,66739,63542,0,20496,41349876,41,0,62965
977,348791,50.78212399999998,0,0,975,5108,266,49928,47378,0,10312,20727276,44,0,53681
978,348885,50.84863399999998,0,0,976,7122,268,66510,63047,0,20412,41179776,41,0,63464
979,348978,50.915458999999984,0,0,977,7158,306,66825,63980,0,20505,41368101,48,0,78580
980,349071,50.96543899999998,0,0,978,5515,228,49980,48096,0,12382,24919026,36,0,37226
981,349295,51.031891999999985,0,0,979,6941,267,66453,62121,0,19460,39251976,43,0,63540
982,349387,51.08191999999998,0,0,980,5606,266,50028,49138,0,12770,25704726,42,0,55615
983,349481,51.14847599999998,0,0,981,7125,268,66556,62455,0,20372,41097257,43,0,61804
984,349700,51.21546399999998,0,0,982,7151,307,66988,63442,0,18708,37727657,46,0,71920
985,349797,51.265627999999985,0,0,983,5197,227,50164,47447,0,12588,25334657,39,0,43774
986,349891,51.332078999999986,0,0,984,6847,267,66451,61700,0,18998,38311109,40,0,62513
987,349984,51.382100999999984,0,0,985,5335,266,50022,47968,0,11422,22968190,42,0,58897
988,350262,51.448872999999985,0,0,986,7249,268,66772,64261,0,20910,42181390,42,0,59836
989,350354,51.515579999999986,0,0,987,7027,306,66707,63406,0,19679,39688615,46,0,70624
990,350449,51.565674999999985,0,0,988,5325,227,50095,47790,0,11372,22865421,38,0,44561
991,350542,51.63203199999998,0,0,989,6934,268,66357,61631,0,19344,39008721,42,0,64034
992,350762,51.68227099999998,0,0,990,5337,266,50239,47890,0,11370,22861371,41,0,62824
993,350857,51.74882099999998,0,0,991,6938,267,66550,61842,0,19505,39342341,41,0,59186
994,350949,51.81550499999998,0,0,992,7143,268,66684,63478,0,20425,41205341,40,0,56618
995,351155,51.86555999999998,0,0,993,5365,266,50055,48153,0,11593,23320541,40,0,56308
996,351249,51.93206599999998,0,0,994,7463,268,66506,64397,0,22120,44641514,44,0,55471
997,351345,51.98212299999998,0,0,995,4983,266,50057,46185,0,9671,19432289,41,0,59843
998,351440,52.04887299999998,0,0,996,7292,268,66750,65193,0,21205,42788639,43,0,57072
999,351638,52.115679999999976,0,0,997,7141,286,66807,64185,0,20340,41037014,46,0,76434
1000,351731,52.16549999999997,0,0,998,5280,247,49820,47238,0,11031,22186289,38,0,41084
1001,351825,52.231812999999974,0,0,999,7085,268,66313,62619,0,20156,40664414,41,0,61156
1002,351919,52.28205999999997,0,0,1000,5407,266,50247,48529,0,11771,23684789,41,0,58401
1003,352149,52.34875999999997,0,0,1001,7193,268,66700,64534,0,20641,41646539,41,0,58742
1004,352241,52.39878299999997,0,0,1002,5252,266,50023,47008,0,10960,22042514,40,0,55112
1005,352334,52.46545399999997,0,0,1003,7091,267,66671,63402,0,20182,40717064,42,0,56420
1006,352426,52.53177299999997,0,0,1004,7310,268,66319,63456,0,21228,42831416,40,0,57774
1007,352687,52.58208699999997,0,0,1005,5004,266,50314,47054,0,9771,19630991,40,0,63774
1008,352782,52.64889599999997,0,0,1006,6867,267,66809,61707,0,19065,38451341,41,0,57694
1009,352875,52.71523599999997,0,0,1007,7062,268,66340,63554,0,20026,40397366,40,0,54979
1010,352970,52.76553399999997,0,0,1008,5100,266,50298,47444,0,10081,20258741,40,0,56146
1011,353161,52.83203499999997,0,0,1009,7280,268,66501,64292,0,21036,42442616,43,0,52156
1012,353260,52.898948999999966,0,0,1010,7006,267,66914,62872,0,19813,39966041,41,0,62475
1013,353352,52.948976999999964,0,0,1011,5273,266,50028,47438,0,11147,22417391,44,0,53936
1014,353444,53.015463999999966,0,0,1012,6843,268,66487,62964,0,19020,38360216,41,0,64676
1015,353636,53.065037999999966,0,0,1013,4975,266,49574,46050,0,9623,19331291,41,0,56556
1016,353732,53.131840999999966,0,0,1014,7110,267,66803,63698,0,20294,40943864,43,0,53428
1017,353830,53.19887699999997,0,0,1015,6927,268,67036,62936,0,19240,38809514,41,0,58092
1018,353922,53.26540899999997,0,0,1016,7003,307,66532,62945,0,19584,39506114,47,0,75286
1019,354114,53.31531599999997,0,0,1017,5211,226,49907,46547,0,10856,21830395,35,0,39840
1020,354208,53.381978999999966,0,0,1018,7334,268,66663,63761,0,21171,42718270,41,0,49901
1021,354301,53.43207299999997,0,0,1019,5159,266,50094,47005,0,10431,20968251,41,0,59797
1022,354541,53.49843599999997,0,0,1020,7152,268,66363,63151,0,20281,40914501,44,0,55104
1023,354634,53.54878199999997,0,0,1021,5204,266,50346,47319,0,10620,21350976,41,0,60959
1024,354731,53.615517999999966,0,0,1022,7193,268,66736,64821,0,20556,41471376,40,0,60986
1025,354824,53.682003999999964,0,0,1023,7018,267,66486,62141,0,19650,39636726,41,0,55881
1026,354947,53.73182999999997,0,0,1024,5283,266,49826,47850,0,11077,22272603,41,0,57630
1027,355039,53.79882099999997,0,0,1025,7327,268,66991,65444,0,21258,42889128,42,0,60433
1028,355133,53.84882199999997,0,0,1026,5290,266,50001,47621,0,10874,21853933,41,0,56159
1029,355225,53.91554899999997,0,0,1027,7144,268,66727,63229,0,20396,41135983,40,0,59618
1030,355378,53.96501999999997,0,0,1028,5162,266,49471,47017,0,10568,21234283,40,0,52968
1031,355472,54.03184699999997,0,0,1029,7232,268,66827,63570,0,20959,42276058,44,0,53892
1032,355568,54.08206299999997,0,0,1030,5279,266,50216,47768,0,11199,22512058,41,0,61142
1033,355690,54.14854599999997,0,0,1031,7108,268,66483,63098,0,20220,40779583,41,0,56502
1034,355784,54.19841499999997,0,0,1032,5150,266,49869,46420,0,10505,21106708,40,0,56778
1035,355879,54.26536499999997,0,0,1033,7516,268,66950,64881,0,22364,45121183,41,0,56664
1036,356002,54.31558499999997,0,0,1034,5345,266,50220,48163,0,11514,23153731,42,0,54330
1037,356094,54.38203999999997,0,0,1035,6745,268,66455,64989,0,18429,37155087,41,0,62084
1038,356198,54.432222999999965,0,0,1036,5367,266,50183,47988,0,11496,23106648,41,0,59319
1039,356319,54.49840899999997,0,0,1037,7395,268,66186,64300,0,21766,43903398,43,0,51192
1040,356411,54.548450999999964,0,0,1038,5072,266,50042,47089,0,10156,20393148,42,0,62525
1041,356504,54.615391999999964,0,0,1039,7295,268,66941,64465,0,21196,42749148,41,0,57018
1042,356603,54.68183099999997,0,0,1040,7157,307,66439,62804,0,18384,37054848,48,0,77317
1043,356724,54.73188599999997,0,0,1041,5244,227,50055,47747,0,13104,26362848,39,0,36358
1044,356816,54.782183999999965,0,0,1042,5289,266,50298,47711,0,11159,22424223,42,0,61507
1045,356909,54.84874899999996,0,0,1043,7020,268,66565,61839,0,19709,39737973,42,0,54476
1046,357001,54.91519999999996,0,0,1044,7124,307,66451,63004,0,19368,39043650,46,0,81064
1047,357143,54.96535199999996,0,0,1045,5258,227,50152,47422,0,11898,23916900,36,0,35377
1048,357235,55.03196699999996,0,0,1046,6910,267,66615,62373,0,19183,38669025,40,0,61983
1049,357330,55.08184399999996,0,0,1047,5185,266,49877,46080,0,10640,21369450,42,0,55112
1050,357437,55.14843999999996,0,0,1048,7162,268,66596,63424,0,20497,41320761,42,0,58470
1051,357531,55.19884699999996,0,0,1049,5533,267,50407,48760,0,12392,24908136,44,0,58638
1052,357623,55.26543599999996,0,0,1050,7378,307,66589,63931,0,20036,40387236,46,0,75419
1053,357730,55.31538899999996,0,0,1051,5340,227,49953,47752,0,12969,26084156,37,0,40733
1054,357824,55.38203299999996,0,0,1052,7825,308,66644,64404,0,18451,37185206,45,0,70966
1055,357919,55.43176099999996,0,0,1053,4970,226,49728,47950,0,15105,30409556,32,0,37537
1056,358026,55.498370999999956,0,0,1054,7810,309,66610,63836,0,16323,32879804,47,0,77764
1057,358120,55.54840899999996,0,0,1055,4551,225,50038,46128,0,15075,30352604,30,0,41083
1058,358255,55.615361999999955,0,0,1056,7352,308,66953,62686,0,16323,32879804,46,0,75128
1059,358363,55.66554199999995,0,0,1057,4836,226,50180,46864,0,14105,28386835,32,0,43859
1060,358456,55.731837999999954,0,0,1058,7428,308,66296,63203,0,17169,34591435,46,0,73878
1061,358551,55.79866699999995,0,0,1059,7353,282,66829,63082,0,15752,31688130,45,0,70724
1062,358648,55.848388999999955,0,0,1060,4876,254,49722,46405,0,15688,31583296,32,0,45825
1063,358756,55.91605199999996,0,0,1061,7536,282,67663,63984,0,15821,31827855,45,0,68491
1064,358851,55.965288999999956,0,0,1062,4424,253,49237,45277,0,15647,31491157,35,0,47260
1065,358944,56.01531999999995,0,0,1063,5448,228,50031,48114,0,13615,27363974,34,0,37486
1066,359036,56.08202799999995,0,0,1064,7801,309,66708,64357,0,17797,35828726,47,0,79637
1067,359144,56.14857199999995,0,0,1065,7179,283,66544,62953,0,15849,31870124,47,0,68894
1068,359239,56.198642999999954,0,0,1066,4752,253,50071,46217,0,15533,31254990,32,0,46809
1069,359334,56.265191999999956,0,0,1067,7570,282,66549,63051,0,15717,31602824,46,0,71990
1070,359470,56.31527799999996,0,0,1068,4747,254,50086,47086,0,15603,31396740,33,0,44455
1071,359564,56.382106999999955,0,0,1069,7823,302,66829,64871,0,16028,32232599,50,0,69771
1072,359658,56.43232099999995,0,0,1070,4869,234,50214,46166,0,15328,30839865,29,0,46969
1073,359764,56.498773999999955,0,0,1071,7494,304,66453,63935,0,15956,32086799,49,0,59748
1074,359858,56.548414999999956,0,0,1072,5326,233,49641,47249,0,15076,30320451,29,0,58803
1075,359954,56.61543099999996,0,0,1073,7156,303,67016,64047,0,16229,32630510,49,0,68979
1076,360061,56.66523299999996,0,0,1074,5493,233,49802,47607,0,14631,29423124,28,0,46073
1077,360169,56.731952999999955,0,0,1075,7056,473,66720,65847,0,16288,32553689,67,0,68788
1078,360249,56.78191299999995,0,0,1076,5916,101,49960,49322,0,15288,30792398,29,0,46675
1079,360422,56.849091999999956,0,0,1077,6754,436,67179,63534,0,16290,32722022,51,0,59825
1080,360461,56.89898099999996,0,0,1078,5437,262,49889,47909,0,14212,28639951,39,0,58557
1081,360627,56.965601999999954,0,0,1079,6695,274,66621,62958,0,16186,32500159,40,0,57434
1082,360648,57.015487999999955,0,0,1080,5465,267,49886,47991,0,13839,27823650,39,0,57201
1083,360829,57.082628999999955,0,0,1081,7028,269,67141,63318,0,18666,37598325,38,0,57783
1084,360894,57.13222699999996,0,0,1082,5323,268,49598,46902,0,11720,23532675,40,0,56326
1085,361056,57.198872999999956,0,0,1083,6880,287,66646,62420,0,19230,38736627,50,0,72366
1086,361147,57.248590999999955,0,0,1084,5260,249,49718,46884,0,11566,23217027,34,0,41343
1087,361242,57.29876799999995,0,0,1085,5708,268,50177,49697,0,13573,27272088,38,0,51310
1088,361351,57.36531499999995,0,0,1086,6902,287,66547,64103,0,19195,38656638,46,0,63667
1089,361444,57.415078999999956,0,0,1087,5577,249,49764,48154,0,12850,25808013,32,0,44880
1090,361537,57.48208899999996,0,0,1088,5934,268,67010,53866,0,14509,29167488,38,0,67507
1091,361650,57.531880999999956,0,0,1089,5113,268,49792,45837,0,10422,20882199,45,0,57903
1092,361673,57.58174399999996,0,0,1090,5291,267,49863,46660,0,12387,24861324,39,0,53506
1093,361839,57.649023999999955,0,0,1091,6932,288,67280,65172,0,18205,36660999,46,0,57216
1094,361958,57.69856599999996,0,0,1092,5284,249,49542,46355,0,11451,22988705,33,0,50190
1095,362052,57.765363999999956,0,0,1093,6288,287,66798,63806,0,16216,32647703,47,0,63664
1096,362143,57.81535599999996,0,0,1094,5336,249,49992,46975,0,11811,23726060,33,0,48326
1097,362262,57.86520499999996,0,0,1095,5111,268,49849,46985,0,10597,21249485,44,0,62780
1098,362385,57.93173299999996,0,0,1096,6660,287,66528,63228,0,18229,36720992,47,0,64973
1099,362476,57.981600999999955,0,0,1097,5380,251,49868,47130,0,11846,23801492,34,0,44624
1100,362569,58.03169199999996,0,0,1098,5283,266,50091,47853,0,11599,23289167,37,0,47972
1101,362689,58.08197199999996,0,0,1099,5325,268,50280,47764,0,11626,23343842,39,0,49347
1102,362782,58.148392999999956,0,0,1100,7099,287,66421,65399,0,20208,40716317,45,0,65102
1103,362874,58.19846999999996,0,0,1101,5125,268,50077,47382,0,10575,21207973,39,0,54732
1104,362967,58.248308999999956,0,0,1102,5332,249,49839,47559,0,11872,23828323,31,0,43789
1105,363088,58.315587999999956,0,0,1103,6749,288,67279,62553,0,18672,37594525,45,0,64610
1106,363181,58.365150999999955,0,0,1104,5115,267,49563,46696,0,10700,21451225,38,0,53558
1107,363275,58.415194999999954,0,0,1105,5063,268,50044,46101,0,10520,21080650,39,0,53121
1108,363366,58.465283999999954,0,0,1106,5410,249,50089,46843,0,12376,24837531,33,0,52367
1109,363477,58.515346999999956,0,0,1107,5145,268,50063,46320,0,10851,21749406,38,0,43979
1110,363609,58.58178799999995,0,0,1108,6565,287,66441,61942,0,17947,36118806,45,0,64124
1111,363703,58.631825999999954,0,0,1109,5381,268,50038,47547,0,12091,24254331,40,0,53255
1112,363823,58.681812999999956,0,0,1110,5446,268,49987,48578,0,12391,24869426,39,0,53317
1113,363915,58.73184199999996,0,0,1111,5401,251,50029,47471,0,12303,24685151,33,0,52214
1114,364007,58.78201299999996,0,0,1112,5340,266,50171,47442,0,12167,24408232,37,0,41683
1115,364078,58.832082999999955,0,0,1113,5167,268,50070,46885,0,11082,22214905,39,0,52738
1116,364220,58.898952999999956,0,0,1114,6636,287,66870,63692,0,18273,36776680,46,0,62591
1117,364311,58.948478999999956,0,0,1115,5361,251,49526,47075,0,12176,24430255,35,0,57933
1118,364404,58.998334999999955,0,0,1116,5071,266,49856,46389,0,10728,21498055,41,0,46529
1119,364525,59.04865899999996,0,0,1117,5587,268,50324,49428,0,13318,26742805,40,0,52789
1120,364601,59.09888499999996,0,0,1118,5138,268,50226,47054,0,11013,22075180,39,0,48145
1121,364658,59.14860999999996,0,0,1119,5440,268,49725,47818,0,12398,24875248,39,0,49789
1122,364806,59.215484999999966,0,0,1120,6518,287,66875,63027,0,17672,35555098,48,0,68236
1123,364925,59.266085999999966,0,0,1121,5396,249,50601,47704,0,12417,24913723,33,0,40206
1124,365002,59.31565299999997,0,0,1122,5026,268,49567,46721,0,10307,20640973,39,0,55459
1125,365069,59.36610199999997,0,0,1123,5324,268,50449,47951,0,12014,24093850,40,0,53093
1126,365122,59.41492399999997,0,0,1124,5059,116,48822,45450,0,12767,25692564,31,0,52401
1127,365268,59.46521899999997,0,0,1125,5340,249,50295,47989,0,12858,25951178,34,0,48880
1128,365441,59.53298099999997,0,0,1126,6432,439,67762,63252,0,14478,28850700,55,0,60536
1129,365463,59.58167699999997,0,0,1127,5188,267,48696,46034,0,11890,23838193,37,0,48157
1130,365580,59.631969999999974,0,0,1128,5311,181,50293,48181,0,13101,26370432,36,0,52162
1131,365660,59.682119999999976,0,0,1129,5446,186,50150,47379,0,12965,26152664,30,0,52961
1132,365751,59.73177999999998,0,0,1130,5223,246,49660,46917,0,12700,25489076,33,0,51750
1133,365841,59.78328799999998,0,0,1131,5421,267,51508,49103,0,12868,25820162,37,0,52560
1134,365972,59.848546999999975,0,0,1132,6320,460,65259,60965,0,13887,27658482,54,0,64096
1135,366062,59.899353999999974,0,0,1133,5486,263,50807,50008,0,13151,26420029,45,0,47340
1136,366143,59.94869799999997,0,0,1134,5498,104,49344,46647,0,12958,26149889,28,0,47738
1137,366239,59.99849699999997,0,0,1135,5248,267,49799,47545,0,12679,25495919,36,0,52615
1138,366364,60.04912099999997,0,0,1136,5328,246,50624,48028,0,12641,25364285,36,0,52171
1139,366455,60.09851199999997,0,0,1137,5274,255,49391,48919,0,13024,26146167,40,0,46428
1140,366558,60.16618699999997,0,0,1138,6593,473,67675,65397,0,13900,27667868,60,0,69408
1141,366647,60.21554099999997,0,0,1139,5577,268,49354,49003,0,13056,26198584,38,0,42464
1142,366796,60.265150999999975,0,0,1140,5468,117,49610,46937,0,13009,26179575,31,0,52812
1143,366886,60.314991999999975,0,0,1141,5277,249,49841,47081,0,12767,25764626,35,0,53267
1144,366977,60.36525999999998,0,0,1142,4996,233,50268,46627,0,12539,25164042,29,0,46092
1145,367100,60.43238299999998,0,0,1143,6848,473,67123,65480,0,13990,27846320,69,0,69091
1146,367199,60.48216899999998,0,0,1144,5173,103,49786,46037,0,12913,25979100,29,0,52643
1147,367290,60.53189799999998,0,0,1145,5469,264,49729,48349,0,12939,26071152,37,0,43569
1148,367380,60.58193799999998,0,0,1146,5197,261,50040,46856,0,12582,25271392,35,0,52765
1149,367471,60.63195299999998,0,0,1147,5527,253,50015,49332,0,12956,25980134,37,0,51774
1150,367646,60.69902599999998,0,0,1148,6606,460,67073,64033,0,14267,28391526,61,0,59298
1151,367709,60.74875199999998,0,0,1149,5214,267,49726,47206,0,12379,24811709,39,0,48477
1152,367787,60.79869499999998,0,0,1150,5222,98,49943,46535,0,12893,26095942,29,0,53238
1153,367940,60.84864499999998,0,0,1151,5550,268,49950,49543,0,12945,25957859,38,0,53269
1154,368032,60.898693999999985,0,0,1152,5128,246,50049,46455,0,12487,25030409,34,0,51979
1155,368165,60.965640999999984,0,0,1153,6669,461,66947,63080,0,14099,28055124,55,0,53918
1156,368239,61.01554799999998,0,0,1154,5181,267,49907,47572,0,12651,25364788,38,0,53378
1157,368360,61.06537299999998,0,0,1155,5468,117,49825,46990,0,12979,26105154,31,0,52969
1158,368450,61.11539899999998,0,0,1156,5309,249,50026,48183,0,12816,25863851,33,0,52529
1159,368540,61.16514999999998,0,0,1157,5293,247,49751,47585,0,12780,25630570,35,0,52131
1160,368765,61.232655999999984,0,0,1158,6735,460,67506,65160,0,15014,29920911,56,0,55670
1161,368820,61.282139999999984,0,0,1159,5231,267,49484,47090,0,11725,23494195,38,0,52221
1162,368882,61.331741999999984,0,0,1160,5189,99,49602,46250,0,12961,26063514,29,0,54532
1163,368972,61.381832999999986,0,0,1161,5273,267,50091,47875,0,12608,25452398,37,0,52001
1164,369104,61.43206799999999,0,0,1162,5137,246,50235,46529,0,12411,24883345,34,0,51535
1165,369222,61.49886199999999,0,0,1163,6626,461,66794,63712,0,14022,27908313,57,0,63679
1166,369297,61.54876399999999,0,0,1164,5054,213,49902,46418,0,12617,25378180,37,0,52755
1167,369418,61.59840899999999,0,0,1165,5341,152,49645,46698,0,12684,25592753,29,0,42459
1168,369509,61.64865899999999,0,0,1166,5163,247,50250,46590,0,12532,25120015,34,0,53078
1169,369599,61.698647999999984,0,0,1167,5414,261,49989,48681,0,12778,25618165,35,0,53821
1170,369729,61.76526599999998,0,0,1168,6362,466,66618,63099,0,13904,27653413,60,0,64442
1171,369868,61.81561799999998,0,0,1169,5475,263,50352,48988,0,13067,26283354,38,0,42338
1172,369958,61.86597199999998,0,0,1170,5521,268,50354,48809,0,13017,26109735,39,0,54398
1173,370037,61.91553099999998,0,0,1171,5464,104,49559,46916,0,12799,25719298,29,0,51937
1174,370218,61.96498499999998,0,0,1172,5024,246,49454,45777,0,12336,24837040,32,0,51191
1175,370392,62.03244399999998,0,0,1173,6716,460,67459,64291,0,14851,29590076,54,0,53902
1176,370415,62.082164999999975,0,0,1174,5224,267,49721,46307,0,11853,23757952,38,0,52004
1177,370505,62.13233899999997,0,0,1175,5295,268,50174,48167,0,13015,26109483,38,0,51461
1178,370653,62.18186899999997,0,0,1176,5298,99,49530,45866,0,12843,25952160,28,0,52159
1179,370743,62.23163499999997,0,0,1177,4910,233,49766,49426,0,12258,24620609,27,0,51727
1180,370834,62.282076999999965,0,0,1178,4461,266,50442,47227,0,13068,26230710,37,0,52704
1181,370925,62.348516999999966,0,0,1179,7112,304,66440,63693,0,13762,27611294,51,0,64218
1182,371085,62.39857899999996,0,0,1180,5230,247,50062,48914,0,12597,25266071,35,0,52667
1183,371175,62.44867599999996,0,0,1181,5303,254,50097,46924,0,12776,25640929,33,0,43151
1184,371266,62.498684999999966,0,0,1182,4613,267,50009,47570,0,12904,25887746,39,0,53752
1185,371433,62.548413999999966,0,0,1183,5550,268,49729,49075,0,13050,26183396,37,0,50091
1186,371553,62.598415999999965,0,0,1184,5045,268,50002,47993,0,12991,26060123,38,0,51923
1187,371643,62.66529099999997,0,0,1185,7513,305,66875,64921,0,13818,27575072,51,0,65639
1188,371747,62.71529199999997,0,0,1186,5113,265,50001,45976,0,12518,25246603,35,0,49670
1189,371922,62.76527799999997,0,0,1187,5357,249,49986,48620,0,12696,25459710,37,0,51376
1190,372012,62.81560499999997,0,0,1188,5474,267,50327,49576,0,12904,25880910,38,0,49208
1191,372105,62.86530499999997,0,0,1189,5069,255,49700,46911,0,12949,25984418,35,0,45441
1192,372265,62.91535799999997,0,0,1190,4874,267,50053,47618,0,13187,26453985,38,0,51557
1193,372355,62.96497899999997,0,0,1191,4675,266,49621,46677,0,13048,26170991,40,0,52902
1194,372445,63.01536099999997,0,0,1192,5399,229,50382,47842,0,12576,25215191,33,0,36471
1195,372537,63.08181499999997,0,0,1193,7612,323,66454,63185,0,13633,27343233,53,0,76756
1196,372713,63.13192099999997,0,0,1194,5060,255,50106,46518,0,12798,25680922,37,0,46606
1197,372808,63.18238099999997,0,0,1195,5076,268,50460,48359,0,12995,26067464,38,0,47247
1198,372899,63.231930999999975,0,0,1196,4348,265,49550,45308,0,12965,26006714,37,0,52001
1199,373116,63.28167299999998,0,0,1197,5311,229,49742,48222,0,12033,24119414,34,0,41014
1200,373208,63.331883999999974,0,0,1198,4902,268,50211,45749,0,10050,20103839,39,0,56937
1201,373298,63.38180199999997,0,0,1199,5069,267,49918,47016,0,10850,21723839,39,0,53242
1202,373390,63.44852999999997,0,0,1200,6680,307,66728,61401,0,18751,37723364,47,0,67916
1203,373564,63.49827999999997,0,0,1201,5424,230,49750,48109,0,12738,25547039,36,0,35348
1204,373655,63.54849899999997,0,0,1202,5375,268,50219,48673,0,12359,24776526,42,0,47420
1205,373746,63.59872699999997,0,0,1203,5156,268,50228,47811,0,11294,22619901,42,0,51636
1206,373836,63.64875999999997,0,0,1204,5211,267,50033,47687,0,11439,22909728,41,0,54172
1207,373998,63.69872699999997,0,0,1205,5080,268,49967,47716,0,10948,21915453,40,0,55569
1208,374089,63.76497999999997,0,0,1206,7127,310,66253,63015,0,18586,37376327,48,0,67619
1209,374181,63.81519399999997,0,0,1207,5043,227,50214,47340,0,13030,26120870,33,0,36783
1210,374272,63.86518399999997,0,0,1208,4895,268,49990,48386,0,9779,19536076,40,0,58122
1211,374446,63.91505599999997,0,0,1209,4725,267,49872,47060,0,9074,18108451,41,0,54039
1212,374536,63.98213999999997,0,0,1210,6744,269,67084,62417,0,19099,38409076,40,0,48712
1213,374626,64.03369799999997,0,0,1211,4889,267,51558,50296,0,9789,19556326,41,0,52988
1214,374716,64.09893299999997,0,0,1212,6398,269,65235,63255,0,17274,34713451,41,0,55307
1215,374967,64.14854199999998,0,0,1213,4996,268,49609,47833,0,10267,20524276,41,0,50798
1216,375057,64.19853599999998,0,0,1214,4839,267,49994,47301,0,9612,19201699,40,0,55273
1217,375147,64.26487199999998,0,0,1215,6864,309,66336,64013,0,19178,38572849,46,0,68951
1218,375237,64.31535899999999,0,0,1216,5051,228,50487,47021,0,10982,21972911,34,0,43186
1219,375383,64.36518199999999,0,0,1217,4968,267,49823,46931,0,10273,20541743,40,0,51787
1220,375473,64.432025,0,0,1218,7323,310,66843,64551,0,17545,35267543,47,0,71628
1221,375564,64.48176199999999,0,0,1219,4264,227,49737,46093,0,11100,22217937,34,0,40927
1222,375718,64.53190599999999,0,0,1220,5068,267,50144,47333,0,10716,21440337,42,0,50856
1223,375808,64.58210899999999,0,0,1221,5008,268,50203,46076,0,10439,20874855,41,0,54289
1224,375898,64.64871,0,0,1222,6870,272,66601,63215,0,19686,39600030,44,0,65156
1225,375988,64.69856899999999,0,0,1223,4973,265,49859,45907,0,10294,20581230,38,0,35206
1226,376135,64.74847299999999,0,0,1224,5064,267,49904,47176,0,10703,21405657,41,0,52307
1227,376225,65.122599,0,0,1225,9163,365,374126,83149,0,18757,37525534,64,0,91224
1228,376297,65.28666199999999,0,0,1226,5534,254,164063,55496,0,12970,25994813,43,0,53323
1229,376336,65.29432499999999,0,0,1227,428,152,7663,7512,0,59,39511,10,0,17495
1230,376562,65.36714999999998,0,0,1228,6635,301,72825,69810,0,18366,36921713,53,0,54403
1231,376652,65.43199799999998,0,0,1229,6552,269,64848,63435,0,18149,36483807,40,0,49156
1232,376742,65.53736099999998,0,0,1230,8383,350,105363,74666,0,14955,29835598,62,0,87401
1233,376793,65.54138699999997,0,0,1231,126,165,4026,3859,0,44,9136,10,0,21606
1234,376965,65.61529899999998,0,0,1232,7208,288,73912,71827,0,19822,39879227,51,0,51601
1235,377056,65.66545599999998,0,0,1233,5216,268,50157,48191,0,11630,23290427,40,0,49608
1236,377188,65.73239699999998,0,0,1234,7177,310,66941,65388,0,18964,38145575,48,0,69989
1237,377278,65.78212199999997,0,0,1235,5011,267,49725,48611,0,12723,25509069,39,0,50122
1238,377368,65.83244699999997,0,0,1236,5403,228,50325,48831,0,12536,25130394,34,0,32740
1239,377528,65.88192199999997,0,0,1237,5096,268,49475,48262,0,10933,21884319,42,0,56923
1240,377618,65.93175199999997,0,0,1238,5004,267,49830,48252,0,10510,21027744,41,0,51492
1241,377711,65.98219899999998,0,0,1239,5198,268,50447,48851,0,11416,22862394,40,0,53312
1242,377802,66.04838899999999,0,0,1240,6647,308,66190,63446,0,18630,37470744,46,0,69398
1243,377934,66.09880099999998,0,0,1241,5142,229,50412,48592,0,11189,22401200,35,0,40146
1244,378025,66.14850399999997,0,0,1242,5003,267,49703,48423,0,10377,20756900,40,0,49763
1245,378115,66.19856999999998,0,0,1243,5098,268,50066,48650,0,10987,21992150,40,0,49279
1246,378261,66.26519099999997,0,0,1244,6885,309,66621,64952,0,18917,38048121,47,0,67782
1247,378352,66.31529699999997,0,0,1245,5272,228,50106,49366,0,12794,25650565,35,0,42393
1248,378442,66.36556499999998,0,0,1246,5245,268,50268,49012,0,11755,23552666,40,0,52760
1249,378532,66.41509299999997,0,0,1247,4848,267,49528,48041,0,9779,19546709,40,0,52386
1250,378665,66.46540599999997,0,0,1248,5008,268,50313,48306,0,10461,20926240,42,0,57737
1251,378755,66.53221599999998,0,0,1249,6676,269,66810,66280,0,18781,37774240,40,0,52166
1252,378847,66.58202799999998,0,0,1250,5284,268,49812,49175,0,11929,23895902,40,0,48530
1253,379007,66.63205899999998,0,0,1251,5076,268,50031,48772,0,10878,21769146,40,0,52087
1254,379097,66.68199899999999,0,0,1252,5099,267,49940,48573,0,11048,22113396,40,0,53945
1255,379187,66.74865199999999,0,0,1253,7068,310,66653,64557,0,18331,36862990,47,0,70815
1256,379319,66.79875799999999,0,0,1254,4988,266,50106,48221,0,12832,25732832,38,0,49934
1257,379412,66.848479,0,0,1255,5383,229,49721,48579,0,12602,25264044,36,0,36052
1258,379502,66.89859,0,0,1256,5182,268,50111,48659,0,11449,22929219,40,0,51260
1259,379648,66.948558,0,0,1257,5119,268,49968,48529,0,11120,22270589,40,0,49750
1260,379739,66.99871300000001,0,0,1258,5233,267,50155,48821,0,11776,23598989,41,0,52622
1261,379830,67.065273,0,0,1259,6692,309,66560,64912,0,17779,35755064,47,0,74081
1262,379921,67.115395,0,0,1260,5392,268,50122,49328,0,12987,26051264,40,0,50976
1263,380019,67.22838200000001,0,0,1261,7891,310,112987,65915,0,13814,27554694,57,0,68690
1264,380052,67.23224100000002,0,0,1262,130,165,3859,3350,0,42,8884,10,0,20925
1265,380236,67.31539400000001,0,0,1263,8180,328,83153,80753,0,24877,50128514,58,0,63411
1266,380369,67.36527800000002,0,0,1264,5352,229,49884,48565,0,12394,24846641,35,0,32392
1267,380459,67.41532600000002,0,0,1265,5389,268,50048,48884,0,12499,25059266,41,0,56396
1268,380549,67.46515200000002,0,0,1266,5246,268,49826,48248,0,11800,23636196,42,0,49116
1269,380709,67.51570800000002,0,0,1267,4995,267,50556,49054,0,10491,20982433,44,0,56360
1270,380799,67.58200400000001,0,0,1268,7360,310,66296,64136,0,17652,35483458,47,0,68877
1271,380890,67.63200100000002,0,0,1269,4883,268,49997,48523,0,12760,25577158,45,0,48945
1272,381022,67.68189900000002,0,0,1270,5258,267,49898,48639,0,12816,25690558,40,0,52098
1273,381112,67.73185500000001,0,0,1271,5238,257,49956,48489,0,13015,26093533,41,0,46525
1274,381202,67.78173000000001,0,0,1272,5324,239,49875,48265,0,12603,25259233,36,0,41483
1275,381292,67.848211,0,0,1273,7558,324,66481,64686,0,13772,27612556,56,0,75498
1276,381439,67.89862400000001,0,0,1274,5181,261,50413,48831,0,12557,25168362,37,0,51804
1277,381530,67.94939300000001,0,0,1275,5450,274,50769,49865,0,13097,26261862,44,0,48611
1278,381620,67.99852700000001,0,0,1276,5353,256,49134,47937,0,12819,25698912,36,0,47917
1279,381712,68.04859400000001,0,0,1277,4912,267,50067,48470,0,12964,26004920,36,0,51822
1280,381870,68.116573,0,0,1278,6696,473,67979,65983,0,13824,27471436,61,0,64709
1281,381960,68.165325,0,0,1279,5244,263,48752,48027,0,12743,25619659,38,0,51472
1282,382039,68.215407,0,0,1280,5385,104,50082,49221,0,13001,26057715,29,0,41883
1283,382173,68.265442,0,0,1281,5326,268,50035,49136,0,12919,25997109,39,0,53055
1284,382263,68.315045,0,0,1282,5436,268,49603,49078,0,12976,25950001,38,0,53462
1285,382353,68.365247,0,0,1283,5287,267,50202,48465,0,12824,25860937,38,0,52003
1286,382513,68.41517999999999,0,0,1284,5387,268,49933,48755,0,12972,26004939,38,0,50113
1287,382687,68.482171,0,0,1285,6686,439,66991,65097,0,16793,33500600,50,0,54164
1288,382777,68.53175599999999,0,0,1286,5356,268,49585,48514,0,12925,25917359,37,0,51255
1289,382910,68.582124,0,0,1287,5325,268,50368,48830,0,12679,25420728,40,0,50795
1290,383002,68.631727,0,0,1288,5281,268,49603,48671,0,12469,24995478,39,0,48004
1291,383093,68.681934,0,0,1289,5341,268,50207,48905,0,12724,25511853,39,0,51324
1292,383240,68.731668,0,0,1290,5280,268,49734,48745,0,12575,25217723,38,0,48974
1293,383330,68.78211399999999,0,0,1291,5411,268,50446,49134,0,13104,26284391,38,0,52397
1294,383423,68.84862899999999,0,0,1292,6849,288,66515,64226,0,20267,40789466,46,0,61831
1295,383516,68.898192,0,0,1293,5257,268,49563,48613,0,12467,24998264,38,0,53119
1296,383649,68.94815399999999,0,0,1294,4960,267,49962,48827,0,10938,21902039,38,0,51084
1297,383739,68.99810399999998,0,0,1295,5276,268,49950,48641,0,12478,25020539,38,0,52814
1298,383829,69.04851799999999,0,0,1296,5371,268,50414,49167,0,13063,26205164,39,0,47610
1299,383963,69.09832999999999,0,0,1297,5062,268,49812,48132,0,11538,23117039,39,0,53634
1300,384053,69.14844099999999,0,0,1298,5445,268,50111,48970,0,13369,26823295,39,0,48678
1301,384143,69.21491599999999,0,0,1299,8123,311,66475,65300,0,18630,37475301,47,0,58145
1302,384304,69.26510999999999,0,0,1300,5478,268,50194,49891,0,12951,25975326,47,0,51701
1303,384394,69.314797,0,0,1301,3356,226,49687,39145,0,11852,23749851,31,0,49223
1304,384484,69.365171,0,0,1302,5225,268,50374,48105,0,12376,24810951,37,0,51039
1305,384575,69.415206,0,0,1303,5330,268,50035,48967,0,12910,25888503,39,0,51024
1306,384707,69.46514499999999,0,0,1304,5160,268,49939,47911,0,12049,24144978,38,0,45818
1307,384797,69.51493599999999,0,0,1305,5359,268,49791,49032,0,12925,25918878,39,0,50978
1308,384888,69.56491999999999,0,0,1306,5273,268,49984,48845,0,12505,25068378,45,0,50720
1309,384978,69.61529499999999,0,0,1307,5516,268,50375,49364,0,13809,27704421,41,0,51376
1310,385124,69.68148899999998,0,0,1308,7798,327,66194,65320,0,15501,31118338,51,0,75119
1311,385214,69.73156699999998,0,0,1309,5373,266,50078,49484,0,12993,26052021,41,0,48710
1312,385304,69.78153499999999,0,0,1310,2307,210,49968,27732,0,7500,14941079,25,0,42612
1313,385436,69.83190599999999,0,0,1311,4865,268,50371,45004,0,10600,21206196,37,0,53608
1314,385526,69.88188899999999,0,0,1312,5268,268,49983,48104,0,12511,25077490,38,0,51273
1315,385618,69.93183599999999,0,0,1313,5267,268,49947,48368,0,12561,25182538,39,0,50939
1316,385711,69.981804,0,0,1314,5307,268,49968,48616,0,12821,25709038,36,0,51186
1317,385873,70.03150699999999,0,0,1315,5396,268,49703,49222,0,13228,26533213,40,0,49089
1318,385965,70.09827399999999,0,0,1316,7528,310,66767,65779,0,20772,41811332,44,0,64704
1319,386055,70.148519,0,0,1317,5772,269,50245,49488,0,13043,26160107,40,0,52413
1320,386146,70.19816399999999,0,0,1318,4374,266,49645,43347,0,12912,25894832,36,0,42350
1321,386278,70.24830599999999,0,0,1319,4643,228,50142,42923,0,9872,19738832,32,0,48321
1322,386369,70.29817099999998,0,0,1320,5367,268,49865,48675,0,13101,26277557,39,0,48959
1323,386459,70.34836099999998,0,0,1321,5375,268,50190,49131,0,13181,26439557,39,0,51598
1324,386549,70.39847999999998,0,0,1322,5435,268,50119,48937,0,13387,26855188,39,0,46207
1325,386681,70.46524699999998,0,0,1323,7768,337,66767,65930,0,15428,30972032,55,0,74571
1326,386772,70.51488299999998,0,0,1324,5211,254,49636,48033,0,12827,25717390,44,0,53303
1327,386862,70.56494099999999,0,0,1325,2802,213,50058,31123,0,9374,18731372,25,0,39620
1328,387008,70.61498099999999,0,0,1326,5120,267,50040,46186,0,11984,23999682,38,0,52109
1329,387099,70.66507699999998,0,0,1327,5248,268,50096,48737,0,12609,25265307,39,0,51189
1330,387189,70.71489999999999,0,0,1328,5232,268,49823,48280,0,12550,25154946,40,0,49953
1331,387279,70.76490399999999,0,0,1329,5323,268,50004,48981,0,13020,26106696,38,0,46617
1332,387412,70.81521599999999,0,0,1330,5370,268,50312,49644,0,13170,26410446,38,0,50721
1333,387502,70.86485699999999,0,0,1331,5160,268,49641,48009,0,12215,24476571,40,0,52776
1334,387592,70.91521599999999,0,0,1332,5441,268,50359,49200,0,13529,27137421,37,0,47714
1335,387753,70.98179299999998,0,0,1333,7921,312,66577,64983,0,17246,34655761,47,0,71419
1336,387843,71.03159699999998,0,0,1334,5311,274,49804,49011,0,12810,25686763,49,0,51627
1337,387933,71.08162599999997,0,0,1335,3390,219,50029,36386,0,12313,24701835,26,0,39534
1338,388024,71.13155399999997,0,0,1336,4251,267,49928,41391,0,7703,15358759,38,0,54450
1339,388156,71.18143499999996,0,0,1337,5312,268,49881,48872,0,13058,26202634,39,0,51406
1340,388246,71.23178799999997,0,0,1338,5139,268,50353,48883,0,12136,24332546,38,0,51574
1341,388336,71.28178199999996,0,0,1339,5312,268,49994,48624,0,12958,25995577,38,0,45766
1342,388428,71.33155799999996,0,0,1340,5460,268,49776,49406,0,13831,27763402,41,0,47791
1343,388575,71.39852699999996,0,0,1341,7522,311,66969,65249,0,17875,35952502,45,0,71814
1344,388665,71.44841199999996,0,0,1342,5740,268,49885,49318,0,12896,25870027,38,0,41394
1345,388755,71.49843299999996,0,0,1343,3395,226,50021,38620,0,11954,23958679,30,0,49686
1346,388847,71.54815399999997,0,0,1344,4600,267,49721,47075,0,9556,19102729,46,0,53080
1347,388980,71.59816599999996,0,0,1345,5387,268,50012,49250,0,13423,26933404,38,0,50087
1348,389070,71.64853299999996,0,0,1346,5521,269,50367,49818,0,14057,28217254,38,0,47451
1349,389160,71.69819699999996,0,0,1347,5373,268,49664,48425,0,13378,26855950,46,0,49786
1350,389321,71.74847399999996,0,0,1348,5339,268,50277,49443,0,13301,26700025,39,0,48939
1351,389411,71.79845499999996,0,0,1349,5324,268,49981,49058,0,13245,26586625,40,0,44069
1352,389504,71.86483599999997,0,0,1350,7587,345,66381,64903,0,14341,28801237,57,0,79977
1353,389594,71.91468299999997,0,0,1351,5442,272,49847,49547,0,13031,26017199,42,0,52432
1354,389727,71.96506199999997,0,0,1352,1270,186,50379,20675,0,4140,8309611,17,0,39987
1355,389816,72.01529799999997,0,0,1353,5223,249,50236,47392,0,12895,25887749,37,0,51601
1356,389906,72.06528999999998,0,0,1354,5241,268,49992,48725,0,12791,25677149,38,0,43888
1357,389996,72.11519199999998,0,0,1355,5351,268,49902,48685,0,13375,26859749,39,0,50817
1358,390128,72.16551899999997,0,0,1356,5224,268,50327,49051,0,12660,25413393,40,0,51052
1359,390218,72.21582799999997,0,0,1357,5198,268,50309,48577,0,12499,25087368,38,0,50463
1360,390311,72.26544399999997,0,0,1358,5238,270,49616,48556,0,12519,25127868,42,0,58823
1361,390401,72.31503699999998,0,0,1359,5441,268,49593,49131,0,13744,27608493,38,0,51079
1362,390534,72.36472399999998,0,0,1360,5218,266,49687,48421,0,12891,25881168,35,0,37894
1363,390625,72.43193099999998,0,0,1361,6802,327,67207,65655,0,20395,41085882,52,0,76836
1364,390716,72.48159799999998,0,0,1362,5252,240,49667,48679,0,12931,25971282,37,0,51949
1365,390878,72.53173399999997,0,0,1363,5486,297,50136,49234,0,12697,25493634,41,0,38944
1366,390968,72.58180699999997,0,0,1364,5239,269,50073,49019,0,12856,25812571,40,0,51116
1367,391060,72.63154099999997,0,0,1365,4857,227,49734,45428,0,12714,25525021,30,0,45243
1368,391150,72.68154699999997,0,0,1366,5041,268,50006,47299,0,11908,23892871,38,0,49351
1369,391283,72.73163499999997,0,0,1367,5170,268,50088,48462,0,12537,25166596,38,0,51626
1370,391373,72.78184899999997,0,0,1368,5497,268,50214,49603,0,14167,28467346,46,0,47103
1371,391464,72.83158999999996,0,0,1369,5109,268,49741,49202,0,12250,24585421,38,0,50093
1372,391610,72.88178399999997,0,0,1370,4883,268,50194,48633,0,11191,22440946,40,0,52018
1373,391701,72.93204799999997,0,0,1371,5236,268,50264,49467,0,12940,25991785,38,0,52771
1374,391792,72.98163999999997,0,0,1372,4901,267,49592,48791,0,11388,22848985,38,0,50499
1375,391938,73.03158299999997,0,0,1373,5459,269,49943,49542,0,14147,28439758,39,0,47318
1376,392031,73.08178899999997,0,0,1374,5331,268,50206,49111,0,13424,26969607,38,0,50771
1377,392121,73.14829499999998,0,0,1375,7752,345,66506,65617,0,15227,30608299,58,0,76405
1378,392211,73.19840599999998,0,0,1376,5354,287,50111,48271,0,13037,26054413,43,0,48190
1379,392344,73.24816699999998,0,0,1377,1573,171,49761,20385,0,5558,11184859,18,0,41909
1380,392433,73.29830899999997,0,0,1378,4512,249,50142,41214,0,9548,19120707,33,0,56511
1381,392524,73.34900399999998,0,0,1379,5339,268,50695,50212,0,13513,27149832,40,0,43632
1382,392611,73.39828899999998,0,0,1380,4883,268,49285,47634,0,11278,22623957,39,0,51108
1383,392775,73.44897299999998,0,0,1381,5220,268,50684,50232,0,12923,25955082,41,0,50740
1384,392795,73.49847399999999,0,0,1382,4563,262,49501,48505,0,11712,23578973,39,0,54638
1385,392885,73.54948499999999,0,0,1383,5319,273,51011,49573,0,12997,26024968,40,0,50530
1386,392976,73.598582,0,0,1384,5308,268,49097,48052,0,12878,25860159,39,0,49145
1387,393125,73.648338,0,0,1385,5458,269,49756,49300,0,12986,26069745,38,0,47052
1388,393270,73.715098,0,0,1386,6911,287,66760,65993,0,20972,42236838,45,0,56889
1389,393416,73.764714,0,0,1387,5279,268,49616,48769,0,12902,25895088,38,0,52076
1390,393507,73.814954,0,0,1388,5248,268,50240,48633,0,12832,25753338,40,0,50992
1391,393597,73.864695,0,0,1389,5310,268,49741,48731,0,13130,26361345,37,0,51794
1392,393729,73.914733,0,0,1390,5210,268,50038,48772,0,12749,25589820,38,0,48799
1393,393820,73.96482,0,0,1391,5180,268,50087,48470,0,12486,25057245,39,0,49195
1394,393911,74.01483300000001,0,0,1392,5166,268,50013,48615,0,12525,25137739,39,0,55053
1395,394001,74.064749,0,0,1393,5304,268,49916,48945,0,13210,26528662,39,0,47932
1396,394134,74.131439,0,0,1394,7416,311,66690,64409,0,18355,36948806,47,0,70849
1397,394226,74.181495,0,0,1395,5553,268,50056,49288,0,13160,26428931,38,0,40007
1398,394316,74.23178,0,0,1396,3663,226,50285,39464,0,11732,23541788,30,0,45247
1399,394477,74.281644,0,0,1397,4974,268,49864,46523,0,11528,23128688,39,0,52482
1400,394567,74.331569,0,0,1398,5123,268,49925,48458,0,12363,24819563,37,0,53057
1401,394659,74.381826,0,0,1399,4788,267,50257,48821,0,10593,21235313,40,0,54872
1402,394791,74.431594,0,0,1400,5347,268,49768,48581,0,13443,27006563,38,0,45895
1403,394881,74.498123,0,0,1401,7565,311,66529,65201,0,18239,36718463,47,0,72178
1404,394972,74.548174,0,0,1402,5086,268,50051,48154,0,12936,25979888,46,0,41945
1405,395119,74.598288,0,0,1403,3854,226,50114,39526,0,11218,22497140,30,0,50555
1406,395209,74.648467,0,0,1404,5177,268,50179,46847,0,12648,25392890,38,0,49541
1407,395299,74.698168,0,0,1405,5089,268,49701,48362,0,12053,24188015,38,0,49731
1408,395391,74.74832699999999,0,0,1406,5098,267,50159,48395,0,12123,24329765,39,0,46999
1409,395524,74.79832599999999,0,0,1407,5156,268,49999,48896,0,12457,25004596,40,0,55924
1410,395615,74.86494799999998,0,0,1408,7855,312,66622,65083,0,17268,34734488,58,0,70124
1411,395705,74.91577399999998,0,0,1409,5251,280,50826,50117,0,12960,26023171,41,0,52676
1412,395865,74.96514999999998,0,0,1410,3172,213,49376,35461,0,11458,23001599,27,0,34285
1413,395955,75.01503199999998,0,0,1411,4313,267,49882,43156,0,8397,16786134,39,0,59317
1414,396046,75.06481699999998,0,0,1412,5092,268,49785,48323,0,12356,24801590,38,0,50809
1415,396178,75.11511499999997,0,0,1413,5281,268,50298,49388,0,13233,26579794,39,0,49352
1416,396269,75.16530599999997,0,0,1414,5164,268,50191,48349,0,12662,25423519,38,0,50182
1417,396359,75.21472899999998,0,0,1415,5299,268,49423,48395,0,13267,26648644,41,0,51056
1418,396505,75.28167099999997,0,0,1416,7496,311,66942,65154,0,19202,38667019,47,0,66834
1419,396595,75.33173499999998,0,0,1417,5667,268,50064,49548,0,12994,26095819,39,0,39072
1420,396686,75.38172299999998,0,0,1418,3754,226,49988,40110,0,12863,25830544,30,0,46004
1421,396818,75.43162199999998,0,0,1419,4742,268,49899,45143,0,10519,21083944,38,0,56667
1422,396908,75.48155799999998,0,0,1420,5251,268,49936,48544,0,13119,26348944,39,0,49731
1423,397000,75.53155899999997,0,0,1421,5081,268,50001,48490,0,12199,24485944,40,0,51462
1424,397146,75.58180799999997,0,0,1422,5175,268,50249,48875,0,12758,25619944,38,0,47308
1425,397236,75.63143299999997,0,0,1423,5215,268,49625,48403,0,12966,26033296,39,0,47734
1426,397326,75.68173299999997,0,0,1424,5477,268,50300,49634,0,14217,28570115,38,0,50353
1427,397417,75.73180699999996,0,0,1425,5276,268,50074,48883,0,13254,26620040,47,0,49742
1428,397549,75.78170499999996,0,0,1426,5147,268,49898,48100,0,12536,25164571,39,0,49685
1429,397640,75.84850199999995,0,0,1427,7591,330,66797,65333,0,15530,31215038,54,0,75975
1430,397731,75.89801799999995,0,0,1428,5251,279,49516,48593,0,13012,26128471,41,0,51627
1431,397825,75.94851899999995,0,0,1429,2213,194,50501,25476,0,7310,14595823,22,0,41571
1432,397984,75.99804099999994,0,0,1430,4831,251,49522,44669,0,10971,21996965,34,0,50923
1433,398075,76.04815199999994,0,0,1431,5384,285,50111,49671,0,13841,27808715,42,0,50369
1434,398165,76.09843999999994,0,0,1432,5261,268,50288,48715,0,13239,26589665,39,0,51592
1435,398256,76.14817499999994,0,0,1433,5217,268,49735,48615,0,12899,25904963,38,0,48460
1436,398391,76.19805999999994,0,0,1434,5374,268,49885,48849,0,13700,27525469,36,0,48060
1437,398481,76.24812499999994,0,0,1435,5185,268,50065,48342,0,12780,25662469,38,0,47676
1438,398571,76.31521599999995,0,0,1436,8015,312,67091,65481,0,18353,36935411,49,0,72033
1439,398718,76.36523099999995,0,0,1437,4827,267,50015,48431,0,13033,26185658,36,0,51810
1440,398808,76.41491199999996,0,0,1438,3620,226,49681,38581,0,11621,23312456,30,0,39302
1441,398898,76.46484599999995,0,0,1439,4884,268,49934,46325,0,11383,22830506,39,0,53614
1442,399031,76.51477599999996,0,0,1440,5289,268,49930,49088,0,13392,26898731,39,0,50323
1443,399121,76.56511099999996,0,0,1441,5290,268,50335,48621,0,13305,26722556,38,0,48716
1444,399212,76.61475299999996,0,0,1442,5299,268,49642,48377,0,13309,26730656,39,0,46676
1445,399373,76.66505399999997,0,0,1443,5282,268,50301,48714,0,13331,26771408,37,0,49505
1446,399465,76.71537099999998,0,0,1444,5254,268,50317,48723,0,13252,26611433,38,0,51288
1447,399555,76.78166999999998,0,0,1445,7629,345,66299,64658,0,15398,30935586,55,0,75825
1448,399687,76.83156399999997,0,0,1446,5325,268,49894,48722,0,13097,26283887,38,0,48866
1449,399777,76.88169799999997,0,0,1447,2032,190,50134,24797,0,6818,13578257,20,0,42058
1450,399867,76.93151999999998,0,0,1448,5156,268,49822,47585,0,12578,25229874,38,0,51231
1451,399999,76.98154799999998,0,0,1449,5398,268,50028,49301,0,13808,27720624,36,0,53455
1452,400089,77.03187899999998,0,0,1450,5202,268,50331,48642,0,12834,25746755,39,0,46088
1453,400179,77.08160199999998,0,0,1451,5329,268,49723,49071,0,13321,26732930,39,0,52702
1454,400325,77.14829599999997,0,0,1452,6659,309,66694,61995,0,18599,37420880,45,0,59667
1455,400416,77.19818899999997,0,0,1453,5056,268,49893,48381,0,13152,26394503,38,0,61279
1456,400506,77.24814999999997,0,0,1454,5185,268,49961,48412,0,13026,26139353,40,0,42923
1457,400638,77.29851799999997,0,0,1455,4925,228,50368,45836,0,11714,23485591,31,0,45526
1458,400728,77.34795499999997,0,0,1456,5240,268,49437,48065,0,13085,26264904,38,0,47365
1459,400819,77.39818299999997,0,0,1457,5303,268,50228,49101,0,13370,26842029,46,0,52544
1460,400979,77.46457999999997,0,0,1458,7419,343,66397,64203,0,14603,29326471,56,0,76131
1461,401070,77.51514999999996,0,0,1459,5378,270,50570,49881,0,13160,26415260,39,0,49554
1462,401160,77.56507599999996,0,0,1460,1940,190,49926,24019,0,6467,12875837,21,0,43198
1463,401250,77.61486099999996,0,0,1461,4815,268,49785,44530,0,10895,21830154,38,0,53229
1464,401382,77.66480099999997,0,0,1462,5327,268,49940,48774,0,13445,26993904,39,0,51889
1465,401472,77.71470999999997,0,0,1463,5348,268,49909,48656,0,13542,27186531,36,0,51540
1466,401563,77.76513799999996,0,0,1464,5208,268,50428,48389,0,12973,26034306,39,0,51129
1467,401655,77.83151099999996,0,0,1465,7022,310,66373,64519,0,20366,41005131,47,0,65252
1468,401801,77.88161999999997,0,0,1466,5244,268,50109,48496,0,13025,26139606,38,0,50747
1469,401891,77.93183999999997,0,0,1467,5479,268,50220,49373,0,12981,26050506,38,0,39928
1470,401981,77.98167999999997,0,0,1468,4648,255,49840,45200,0,13166,26425131,35,0,52768
1471,402113,78.03172799999997,0,0,1469,4957,240,50048,45984,0,11857,23774406,35,0,44388
1472,402203,78.08168099999997,0,0,1470,5152,268,49953,48020,0,12690,25470345,40,0,47990
1473,402293,78.13171399999997,0,0,1471,5373,268,50033,48975,0,13841,27801120,38,0,49162
1474,402383,78.18150199999998,0,0,1472,5196,268,49788,48253,0,13000,26096576,38,0,49744
1475,402517,78.24845199999999,0,0,1473,7662,346,66950,65522,0,14889,29905621,60,0,76784
1476,402607,78.29786299999999,0,0,1474,5307,286,49411,47394,0,13160,26291336,40,0,52128
1477,402697,78.348417,0,0,1475,1690,171,50554,20075,0,6168,12420109,16,0,49561
1478,402845,78.398288,0,0,1476,4521,249,49871,40519,0,9802,19625943,38,0,42475
1479,402946,78.448201,0,0,1477,5239,268,49913,48196,0,13261,26630418,39,0,49371
1480,403037,78.49849999999999,0,0,1478,5359,268,50299,48853,0,13852,27825674,39,0,46988
1481,403127,78.54844,0,0,1479,5202,268,49940,48483,0,13113,26329199,39,0,51318
1482,403259,78.598247,0,0,1480,5166,268,49807,47930,0,12912,25922174,38,0,47887
1483,403349,78.648529,0,0,1481,5126,268,50282,48675,0,12612,25314674,39,0,50522
1484,403440,78.69827699999999,0,0,1482,5359,270,49748,48833,0,13651,27415611,40,0,61570
1485,403586,78.74851399999999,0,0,1483,5060,266,50237,48514,0,12558,25198488,36,0,39126
1486,403677,78.798572,0,0,1484,5235,268,50058,48708,0,13245,26589663,38,0,50211
1487,403769,78.865359,0,0,1485,6872,288,66787,64930,0,21391,43088351,46,0,63455
1488,403859,78.915022,0,0,1486,5133,268,49663,48214,0,12732,25552357,39,0,48118
1489,403991,78.96493299999999,0,0,1487,5061,268,49911,48341,0,12398,24876007,38,0,53968
1490,404082,79.01501499999999,0,0,1488,5314,268,50082,48803,0,13719,27551032,38,0,45339
1491,404172,79.065114,0,0,1489,4713,268,50099,48959,0,10638,21312007,39,0,57185
1492,404332,79.11509,0,0,1490,5223,268,49976,48857,0,13249,26603839,39,0,45524
1493,404422,79.165065,0,0,1491,5353,268,49975,49076,0,13790,27699364,38,0,52491
1494,404514,79.214926,0,0,1492,5441,268,49861,49240,0,14353,28839439,46,0,45136
1495,404605,79.264868,0,0,1493,5386,268,49942,48840,0,14048,28225612,39,0,52069
1496,404741,79.31478200000001,0,0,1494,5287,268,49914,48941,0,13553,27223237,38,0,45016
1497,404831,79.381763,0,0,1495,7416,346,66981,64986,0,13831,27737348,60,0,78393
1498,404921,79.431475,0,0,1496,5280,286,49712,47938,0,13106,26215404,40,0,51393
1499,405010,79.48153900000001,0,0,1497,1231,152,50064,18963,0,4078,8187859,10,0,34723
1500,405123,79.53163400000001,0,0,1498,4846,268,50095,46231,0,11403,22869487,45,0,59113
1501,405248,79.58160600000001,0,0,1499,5112,268,49972,48461,0,12757,25611337,38,0,49666
1502,405338,79.63163700000001,0,0,1500,5229,268,50031,49225,0,13347,26806087,38,0,48362
1503,405470,79.68155600000001,0,0,1501,5400,268,49919,49522,0,14202,28538981,39,0,47368
1504,405562,79.73182900000002,0,0,1502,5297,287,50273,49370,0,13464,27044531,46,0,60610
1505,405651,79.78146400000001,0,0,1503,5473,268,49635,49458,0,14460,29057633,45,0,49873
1506,405742,79.83173000000001,0,0,1504,5373,268,50266,49455,0,14062,28251683,39,0,45301
1507,405875,79.898651,0,0,1505,7219,310,66921,64788,0,19170,38587788,46,0,67027
1508,405966,79.948181,0,0,1506,5398,269,49530,48818,0,13150,26392731,39,0,52054
1509,406057,79.99843800000001,0,0,1507,4411,266,50257,45507,0,13245,26585106,36,0,51712
1510,406148,80.048344,0,0,1508,4779,228,49906,43960,0,12039,24142956,32,0,35265
1511,406308,80.098078,0,0,1509,5117,268,49734,48007,0,12622,25323531,38,0,53848
1512,406398,80.148315,0,0,1510,5189,268,50237,48881,0,13086,26263131,39,0,46777
1513,406488,80.19796699999999,0,0,1511,5072,268,49652,48073,0,12496,25068381,38,0,50993
1514,406578,80.26497599999999,0,0,1512,7566,345,67009,65811,0,15522,31183648,63,0,76038
1515,406710,80.31490699999999,0,0,1513,5122,268,49931,48494,0,13030,26152010,38,0,50854
1516,406800,80.36473299999999,0,0,1514,1961,190,49826,24800,0,6222,12378193,21,0,41982
1517,406890,80.41517499999999,0,0,1515,5113,268,50442,49264,0,12746,25576910,38,0,51863
1518,407034,80.46453799999999,0,0,1516,5014,249,49363,47780,0,12417,24919799,35,0,50174
1519,407124,80.515053,0,0,1517,4994,268,50515,48670,0,12228,24532517,40,0,42871
1520,407214,80.56521699999999,0,0,1518,4823,268,50164,48218,0,11334,22722167,40,0,55005
1521,407317,80.61500999999998,0,0,1519,5028,268,49793,48441,0,12398,24876767,39,0,51436
1522,407384,80.66520199999998,0,0,1520,5003,268,50192,48446,0,12193,24461642,39,0,52618
1523,407528,80.73154399999999,0,0,1521,6723,287,66342,65150,0,20645,41576942,45,0,58655
1524,407688,80.78160899999999,0,0,1522,4972,268,50065,48828,0,12050,24172067,40,0,51589
1525,407779,80.83173799999999,0,0,1523,5295,268,50129,49010,0,13641,27390044,38,0,51979
1526,407869,80.88198499999999,0,0,1524,5308,268,50247,49102,0,13717,27546982,39,0,49335
1527,407960,80.93136599999998,0,0,1525,5083,268,49381,47721,0,12649,25384282,39,0,47668
1528,408092,80.98165899999998,0,0,1526,5215,268,50293,49033,0,13182,26463607,38,0,54665
1529,408183,81.03148299999998,0,0,1527,5190,268,49824,48551,0,13147,26392732,38,0,43654
1530,408273,81.08140699999998,0,0,1528,5057,268,49924,48214,0,12537,25157482,39,0,55173
1531,408405,81.14864399999999,0,0,1529,7857,324,67237,66352,0,18168,36547874,52,0,71093
1532,408495,81.198207,0,0,1530,5307,269,49563,48477,0,13207,26521827,45,0,49344
1533,408585,81.248447,0,0,1531,2610,212,50240,29707,0,9141,18300560,23,0,40790
1534,408731,81.298079,0,0,1532,4788,267,49632,44918,0,11298,22656102,39,0,52489
1535,408821,81.34813,0,0,1533,4797,268,50051,48848,0,11306,22676100,38,0,51443
1536,408912,81.397969,0,0,1534,5126,268,49839,48051,0,12914,25932300,39,0,51297
1537,409044,81.447984,0,0,1535,5305,268,50015,49075,0,13858,27843900,39,0,51559
1538,409134,81.498018,0,0,1536,5112,268,50034,48458,0,12869,25841175,38,0,44740
1539,409224,81.548011,0,0,1537,5346,268,49993,49429,0,13937,28003875,39,0,53019
1540,409314,81.598361,0,0,1538,5276,268,50350,49231,0,13723,27570525,40,0,48292
1541,409474,81.64853699999999,0,0,1539,5470,269,50176,49917,0,14533,29210775,37,0,46974
1542,409564,81.698208,0,0,1540,4986,267,49671,47875,0,12221,24532519,45,0,50677
1543,409654,81.76534799999999,0,0,1541,7713,324,67140,66129,0,17662,35534111,50,0,73437
1544,409744,81.81497499999999,0,0,1542,5344,288,49627,49423,0,13374,26865319,43,0,50484
1545,409876,81.86487499999998,0,0,1543,2592,192,49900,29765,0,9179,18379029,21,0,38879
1546,409969,81.91490199999998,0,0,1544,4596,268,50027,44080,0,10312,20660971,39,0,52616
1547,410059,81.96467199999998,0,0,1545,5146,268,49770,48763,0,13098,26302621,37,0,51044
1548,410205,82.01475799999997,0,0,1546,5399,268,50086,49782,0,14304,28749328,39,0,51121
1549,410295,82.06478999999997,0,0,1547,5358,268,50032,49123,0,14064,28258771,39,0,44996
1550,410386,82.11484999999998,0,0,1548,5165,268,50060,48334,0,13154,26416021,38,0,50939
1551,410476,82.16508799999997,0,0,1549,5195,268,50238,48893,0,13435,26988084,39,0,50979
1552,410608,82.21473199999997,0,0,1550,5272,269,49644,48350,0,13755,27636084,45,0,46837
1553,410698,82.26498899999997,0,0,1551,5281,268,50257,48881,0,13765,27656334,38,0,50553
1554,410788,82.31514399999998,0,0,1552,5176,268,50155,48763,0,13293,26700534,39,0,50232
1555,410920,82.36477499999998,0,0,1553,5007,268,49631,47884,0,12408,24912207,44,0,50093
1556,411013,82.43152099999998,0,0,1554,7695,345,66746,66027,0,16710,33611374,56,0,72161
1557,411103,82.48187799999998,0,0,1555,4503,233,50357,41660,0,12578,25268840,28,0,48615
1558,411264,82.53143999999998,0,0,1556,2780,225,49562,33336,0,7717,15416982,32,0,40785
1559,411356,82.58130099999998,0,0,1557,4959,268,49861,48352,0,12080,24243957,44,0,57214
1560,411447,82.63155699999999,0,0,1558,4883,268,50256,49343,0,11780,23640507,40,0,49694
1561,411536,82.68127199999999,0,0,1559,5260,249,49715,48199,0,13811,27753282,33,0,39898
1562,411670,82.731327,0,0,1560,5129,268,50055,48466,0,13084,26281107,38,0,48443
1563,411761,82.78192899999999,0,0,1561,5037,287,50602,49143,0,12348,24795264,46,0,59716
1564,411851,82.83169399999998,0,0,1562,5172,268,49765,48816,0,13248,26617764,39,0,51067
1565,411997,82.88167599999998,0,0,1563,5314,268,49982,49667,0,13970,28076016,44,0,50635
1566,412087,82.93169599999999,0,0,1564,5097,268,50020,48997,0,12948,26006466,38,0,50870
1567,412177,82.98144799999999,0,0,1565,4965,268,49752,48123,0,12050,24180421,38,0,50620
1568,412322,83.03155999999998,0,0,1566,5119,259,50112,48660,0,12828,25751314,36,0,52401
1569,412413,83.09868699999998,0,0,1567,6705,278,67127,64773,0,20835,41968527,41,0,49200
1570,412503,83.14851699999998,0,0,1568,5107,268,49830,48292,0,12750,25596402,38,0,54048
1571,412636,83.19788499999999,0,0,1569,5125,268,49368,47515,0,12950,26001402,38,0,46080
1572,412726,83.24821199999998,0,0,1570,5266,268,50327,49145,0,13620,27358152,38,0,50739
1573,412817,83.29844399999998,0,0,1571,5355,306,50232,49099,0,13955,28036527,42,0,56295
1574,412978,83.34807799999997,0,0,1572,5334,270,49634,48192,0,13032,26168971,48,0,50734
1575,413068,83.39813499999997,0,0,1573,4944,234,50057,46196,0,12982,26071519,35,0,56436
1576,413160,83.44821999999996,0,0,1574,5151,301,50085,47141,0,13031,26170744,40,0,45085
1577,413251,83.49819599999996,0,0,1575,5584,270,49976,48951,0,13117,26344894,48,0,51761
1578,413384,83.54812199999996,0,0,1576,4372,227,49926,41996,0,11337,22744951,31,0,40606
1579,413475,83.59826599999997,0,0,1577,5062,268,50144,46976,0,12708,25525783,38,0,54162
1580,413566,83.64802799999997,0,0,1578,5129,268,49762,48347,0,12918,25951033,47,0,49358
1581,413712,83.69831799999997,0,0,1579,5071,268,50290,48918,0,12682,25467057,39,0,48148
1582,413802,83.74804599999997,0,0,1580,5314,268,49728,48815,0,13832,27794288,38,0,47849
1583,413892,83.81512399999997,0,0,1581,7532,343,67078,65464,0,15885,31939230,62,0,75200
1584,413982,83.86495299999997,0,0,1582,5176,268,49829,48547,0,13083,26277563,38,0,51096
1585,414115,83.91465199999998,0,0,1583,2088,192,49699,27286,0,6794,13549404,22,0,40663
1586,414206,83.96489699999998,0,0,1584,5259,268,50245,48839,0,13479,27074146,38,0,51070
1587,414297,84.01479899999998,0,0,1585,5158,268,49902,48262,0,13101,26308696,38,0,50120
1588,414457,84.06501499999999,0,0,1586,5297,268,50216,49245,0,13776,27675571,40,0,51861
1589,414547,84.11472899999998,0,0,1587,5172,268,49714,47949,0,13132,26371471,39,0,49251
1590,414637,84.16457399999999,0,0,1588,5231,268,49845,48631,0,13411,26936446,39,0,48146
1591,414728,84.214863,0,0,1589,5418,269,50289,49273,0,14471,29082946,40,0,48095
1592,414862,84.26476299999999,0,0,1590,5225,268,49900,48219,0,13361,26842791,37,0,48666
1593,414953,84.31473199999999,0,0,1591,5500,268,49969,49404,0,14877,29912691,44,0,48667
1594,415043,84.36505799999999,0,0,1592,5255,268,50326,48480,0,13680,27488766,38,0,46136
1595,415190,84.41456199999999,0,0,1593,5282,308,49504,48856,0,13360,26844564,45,0,66398
1596,415280,84.481327,0,0,1594,7313,324,66765,62982,0,13910,27818969,53,0,62287
1597,415370,84.53157499999999,0,0,1595,4234,214,50248,37320,0,12353,24944734,24,0,49759
1598,415462,84.58132699999999,0,0,1596,2251,225,49752,26283,0,5144,10207164,30,0,41023
1599,415595,84.63147999999998,0,0,1597,5400,268,50153,49195,0,14404,28958664,44,0,50281
1600,415685,84.68161399999998,0,0,1598,5205,268,50134,48532,0,13418,26963533,39,0,60221
1601,415775,84.73153599999998,0,0,1599,5264,268,49922,48569,0,13590,27313352,39,0,40204
1602,415907,84.78136299999997,0,0,1600,5165,268,49827,48607,0,13225,26572708,40,0,50921
1603,415999,84.83168999999997,0,0,1601,5220,268,50327,48450,0,13486,27101233,39,0,51487
1604,416089,84.88147299999997,0,0,1602,5271,268,49783,48524,0,13741,27617608,40,0,50184
1605,416250,84.93136199999996,0,0,1603,5074,268,49889,48097,0,12638,25380235,39,0,49837
1606,416340,84.98153699999996,0,0,1604,5196,268,50175,49162,0,13361,26844310,38,0,50233
1607,416431,85.03142699999997,0,0,1605,5203,268,49890,48882,0,13343,26807860,39,0,50548
1608,416563,85.08121699999997,0,0,1606,5430,268,49790,49259,0,14480,29110285,39,0,50345
1609,416653,85.13171799999996,0,0,1607,5272,269,50501,48916,0,13750,27632035,38,0,48755
1610,416743,85.18158099999997,0,0,1608,5402,268,49863,48858,0,14361,28872348,37,0,42185
1611,416889,85.23156799999997,0,0,1609,5057,268,49987,48068,0,12631,25369098,39,0,55371
1612,416979,85.28171799999997,0,0,1610,5437,268,50150,49342,0,14506,29165973,37,0,46107
1613,417070,85.33175599999997,0,0,1611,5222,268,50038,48419,0,13351,26827098,39,0,49829
1614,417217,85.38164199999997,0,0,1612,5238,268,49886,48840,0,13491,27110598,39,0,50042
1615,417308,85.43157999999997,0,0,1613,5101,268,49938,48062,0,12771,25656396,39,0,46324
1616,417401,85.48155699999997,0,0,1614,4920,268,49977,49284,0,11966,24026271,39,0,55387
1617,417554,85.53130599999997,0,0,1615,5018,268,49749,47749,0,12386,24873733,45,0,48142
1618,417644,85.58155999999997,0,0,1616,5373,268,50254,49019,0,14101,28346608,39,0,48769
1619,417734,85.64850699999997,0,0,1617,7439,345,66947,64720,0,14784,29717300,57,0,75603
1620,417824,85.69844899999997,0,0,1618,5228,269,49942,48784,0,13181,26482089,40,0,49826
1621,418026,85.74791999999997,0,0,1619,2034,189,49471,24626,0,7599,15193960,18,0,40531
1622,418116,85.79830799999996,0,0,1620,4860,268,50388,45421,0,11648,23379283,38,0,50487
1623,418207,85.84839299999996,0,0,1621,5127,268,50085,48563,0,12968,26052283,39,0,60598
1624,418297,85.89837199999995,0,0,1622,5165,268,49979,48748,0,13083,26286677,46,0,38905
1625,418527,85.94814399999996,0,0,1623,5241,268,49772,49010,0,13554,27236654,39,0,55888
1626,418618,85.99845699999996,0,0,1624,5232,268,50313,49059,0,13457,27040229,39,0,44661
1627,418708,86.04813099999996,0,0,1625,5073,268,49674,47951,0,12603,25303284,39,0,49384
1628,418798,86.09812799999996,0,0,1626,5237,268,49997,48733,0,13587,27291327,40,0,50972
1629,419115,86.14835599999996,0,0,1627,5152,268,50228,48833,0,13099,26303127,40,0,51619
1630,419205,86.19798999999996,0,0,1628,5081,268,49634,48153,0,12787,25671327,38,0,50467
1631,419296,86.24812599999996,0,0,1629,5078,268,50136,48661,0,12753,25602477,39,0,50398
1632,419387,86.29819599999996,0,0,1630,5067,268,50070,48312,0,12647,25387827,38,0,51910
1633,419552,86.34849999999996,0,0,1631,5138,268,50304,49399,0,13092,26288952,39,0,49619
1634,419743,86.39808899999996,0,0,1632,5152,268,49589,48080,0,13159,26424627,38,0,51896
1635,419833,86.44796199999996,0,0,1633,5262,268,49873,49356,0,13677,27477375,38,0,48441
1636,419923,86.49828899999996,0,0,1634,5291,268,50327,48980,0,13904,27941607,38,0,44166
1637,420225,86.54837699999996,0,0,1635,5235,268,50088,49675,0,13659,27445482,38,0,49950
1638,420316,86.61527099999996,0,0,1636,7571,312,66894,65051,0,17203,34614256,49,0,70331
1639,420406,86.66492899999996,0,0,1637,5101,267,49658,48106,0,13303,26740003,37,0,41359
1640,420498,86.71487899999995,0,0,1638,3528,226,49950,39204,0,12982,26077595,37,0,46494
1641,420861,86.76469199999995,0,0,1639,4852,268,49813,46950,0,11680,23441045,38,0,54223
1642,420951,86.81498599999995,0,0,1640,5236,268,50294,48889,0,13695,27521420,38,0,51438
1643,421041,86.86480399999995,0,0,1641,5080,268,49818,48669,0,12830,25769795,39,0,47240
1644,421131,86.91490799999995,0,0,1642,5041,268,50104,48784,0,12635,25374920,39,0,53955
1645,421501,86.96499999999996,0,0,1643,5289,268,50092,49297,0,13817,27764672,38,0,43983
1646,421591,87.01489799999996,0,0,1644,5075,268,49898,48435,0,12857,25825229,38,0,50659
1647,421682,87.06501999999996,0,0,1645,5189,268,50122,48848,0,13344,26812923,39,0,51144
1648,421773,87.11516599999996,0,0,1646,5274,268,50146,49376,0,13884,27906423,39,0,50650
1649,422036,87.16479799999996,0,0,1647,5079,268,49632,48532,0,12771,25649560,45,0,49488
1650,422192,87.21501999999997,0,0,1648,5307,268,50222,49354,0,14053,28245610,39,0,50775
1651,422283,87.26492299999997,0,0,1649,5011,268,49903,49045,0,12534,25169635,40,0,48498
1652,422374,87.33161299999996,0,0,1650,7611,345,66690,65834,0,15892,31964797,57,0,76179
1653,422760,87.38152299999996,0,0,1651,5105,268,49910,49140,0,13327,26784574,40,0,50483
1654,422850,87.43149599999995,0,0,1652,2036,190,49973,23997,0,7153,14290050,20,0,40001
1655,422942,87.48160399999995,0,0,1653,4933,268,50108,46998,0,12097,24293065,45,0,50814
1656,423033,87.53167599999995,0,0,1654,5425,268,50072,49678,0,14688,29539840,39,0,50029
1657,423310,87.58131399999995,0,0,1655,5034,268,49638,48036,0,12593,25297465,39,0,52707
1658,423417,87.63154099999996,0,0,1656,4825,268,50227,49236,0,11664,23416240,40,0,50306
1659,423507,87.68172399999996,0,0,1657,5132,249,50183,48852,0,13349,26828365,32,0,40749
1660,423599,87.73158699999996,0,0,1658,5068,268,49863,48442,0,12799,25714615,44,0,58110
1661,423767,87.78202299999997,0,0,1659,5208,287,50436,49650,0,13448,27030359,45,0,52394
1662,424069,87.83143999999997,0,0,1660,5058,268,49417,47931,0,12803,25724234,39,0,49570
1663,424159,87.88171499999997,0,0,1661,5251,268,50275,49284,0,13688,27516359,39,0,51075
1664,424248,87.93159199999997,0,0,1662,5248,268,49877,49353,0,13663,27465734,45,0,51667
1665,424367,87.98134199999997,0,0,1663,5165,268,49750,49064,0,13331,26788117,39,0,48176
1666,424639,88.03166899999997,0,0,1664,5169,268,50327,48693,0,13294,26713192,38,0,52388
1667,424731,88.09839099999996,0,0,1665,7335,310,66722,65792,0,21085,42489967,45,0,64397
1668,424821,88.14807499999996,0,0,1666,4979,268,49684,48476,0,13106,26332492,38,0,49709
1669,425142,88.19810399999996,0,0,1667,4703,266,50029,46757,0,13341,26808367,36,0,52340
1670,425232,88.24819899999996,0,0,1668,5158,247,50095,47564,0,13327,26778498,36,0,49434
1671,425323,88.29834799999996,0,0,1669,5135,280,50149,49295,0,13162,26444373,39,0,49821
1672,425415,88.34793799999996,0,0,1670,5130,262,49590,48059,0,13112,26343123,40,0,40316
1673,425716,88.39811099999996,0,0,1671,5186,282,50173,48231,0,13330,26784573,41,0,51305
1674,425806,88.44811999999996,0,0,1672,5061,230,50009,47288,0,12764,25638423,34,0,44523
1675,425896,88.49835799999995,0,0,1673,5059,268,50238,48768,0,12772,25656902,38,0,47072
1676,426277,88.54805299999995,0,0,1674,5272,268,49695,48616,0,13861,27863646,43,0,50639
1677,426367,88.59835999999996,0,0,1675,5340,307,50307,49822,0,14014,28173471,43,0,62743
1678,426457,88.64816299999995,0,0,1676,5142,229,49803,48910,0,13270,26666871,36,0,51411
1679,426547,88.69808899999995,0,0,1677,4294,267,49926,40850,0,8949,17916846,37,0,41867
1680,426749,88.74840399999995,0,0,1678,5301,268,50315,49115,0,14057,28260546,38,0,49231
1681,427091,88.81575399999996,0,0,1679,7540,324,67350,66356,0,17048,34304938,52,0,71294
1682,427203,88.86525799999995,0,0,1680,5179,268,49504,48616,0,13346,26820771,39,0,52577
1683,427293,88.91506399999996,0,0,1681,2856,213,49806,33130,0,10068,20199761,25,0,37643
1684,427526,88.96474399999995,0,0,1682,4538,267,49680,46714,0,10163,20379753,39,0,52463
1685,427746,89.01483099999996,0,0,1683,5073,268,50087,48281,0,12885,25888005,38,0,50866
1686,427837,89.06451099999995,0,0,1684,5038,268,49680,48498,0,12643,25397955,38,0,50029
1687,427927,89.11475799999995,0,0,1685,5176,251,50247,48545,0,13352,26829123,39,0,49973
1688,428093,89.16477399999995,0,0,1686,5077,285,50016,49045,0,12672,25447566,45,0,53896
1689,428275,89.21477099999996,0,0,1687,5435,268,49997,49656,0,14452,29052066,37,0,51700
1690,428367,89.26471199999996,0,0,1688,5045,268,49941,49660,0,12493,25083572,40,0,50234
1691,428457,89.31506199999995,0,0,1689,5372,268,50350,49460,0,14133,28404572,38,0,49060
1692,428680,89.38184999999996,0,0,1690,7105,310,66788,65900,0,20862,42030797,45,0,65562
1693,428770,89.43133499999996,0,0,1691,5024,267,49485,48144,0,13323,26764322,38,0,51300
1694,428860,89.48124099999995,0,0,1692,5073,267,49906,47685,0,13419,26958722,37,0,42543
1695,429139,89.53167899999995,0,0,1693,5350,269,50438,49654,0,13469,27063770,39,0,50617
1696,429229,89.58135299999995,0,0,1694,5076,229,49674,45793,0,13277,26674970,33,0,51031
1697,429319,89.63129399999995,0,0,1695,4963,267,49941,46807,0,12134,24360395,37,0,39906
1698,429410,89.68129599999996,0,0,1696,5206,268,50002,49277,0,13332,26792421,38,0,51488
1699,429605,89.73153999999997,0,0,1697,5154,268,50244,48703,0,12993,26105946,45,0,51815
1700,429696,89.78150399999997,0,0,1698,5176,268,49964,49046,0,13105,26332746,38,0,50907
1701,429786,89.83165299999997,0,0,1699,5139,268,50149,48934,0,13015,26150496,39,0,49081
1702,429975,89.89806599999997,0,0,1700,7469,323,66413,65011,0,16246,32680888,52,0,75335
1703,430065,89.94810199999998,0,0,1701,5218,268,50036,49085,0,13323,26774196,38,0,42648
1704,430157,89.99853399999998,0,0,1702,2728,212,50432,31517,0,9262,18561535,26,0,50693
1705,430346,90.04806199999997,0,0,1703,4780,268,49528,45478,0,11207,22483979,38,0,52444
1706,430437,90.09815499999998,0,0,1704,5430,268,50093,49854,0,14544,29241404,38,0,50973
1707,430527,90.14850299999998,0,0,1705,5397,268,50348,49942,0,14220,28584797,38,0,48960
1708,430617,90.19811199999998,0,0,1706,5172,268,49609,48359,0,13155,26420072,40,0,47154
1709,430806,90.24829199999998,0,0,1707,5146,268,50180,48481,0,12972,26055066,38,0,52551
1710,430896,90.29817899999998,0,0,1708,5545,268,49887,49480,0,14892,29943066,38,0,46333
1711,430986,90.36500099999998,0,0,1709,7712,324,66822,65659,0,17571,35355658,58,0,72234
1712,431077,90.41498799999998,0,0,1710,5231,268,49987,48766,0,13487,27105536,40,0,53813
1713,431182,90.46470399999998,0,0,1711,2630,212,49716,30514,0,8780,17584725,25,0,39560
1714,431273,90.51486499999999,0,0,1712,5074,268,50161,46862,0,12812,25738661,39,0,50668
1715,431364,90.56481099999999,0,0,1713,5209,268,49946,48178,0,13377,26886584,40,0,50759
1716,431468,90.614864,0,0,1714,5371,268,50053,48866,0,14232,28617959,38,0,49970
1717,431558,90.664622,0,0,1715,5058,268,49758,48052,0,12546,25203809,39,0,52830
1718,431649,90.71484299999999,0,0,1716,5312,268,50221,48799,0,13860,27864659,37,0,46529
1719,431740,90.76462399999998,0,0,1717,5040,268,49781,48032,0,12448,25008397,36,0,51696
1720,431844,90.81482599999998,0,0,1718,5166,268,50202,48814,0,13048,26223397,38,0,50160
1721,431934,90.88187499999998,0,0,1719,7406,311,67049,65358,0,19587,39464872,47,0,68158
1722,432024,90.93145599999998,0,0,1720,5471,268,49581,49105,0,13361,26852665,38,0,50790
1723,432163,90.98166599999999,0,0,1721,4164,266,50210,43901,0,13416,26964040,36,0,52445
1724,432253,91.03137999999998,0,0,1722,4767,228,49714,43975,0,11840,23772640,31,0,38880
1725,432343,91.08179199999998,0,0,1723,5141,268,50412,48656,0,13034,26186692,39,0,48374
1726,432433,91.13137999999998,0,0,1724,5077,268,49588,48196,0,12662,25433392,39,0,53996
1727,432537,91.18160399999998,0,0,1725,5085,268,50224,48450,0,12784,25678923,38,0,48407
1728,432627,91.23138099999998,0,0,1726,5053,267,49777,48380,0,12478,25060792,39,0,51714
1729,432717,91.28144499999999,0,0,1727,5178,268,50064,48438,0,13157,26440323,39,0,51502
1730,432821,91.33139999999999,0,0,1728,5326,268,49955,48810,0,13953,28040073,46,0,47638
1731,432911,91.39800799999999,0,0,1729,7743,325,66608,65537,0,17476,35167840,53,0,73974
1732,433002,91.448072,0,0,1730,5257,268,50064,48391,0,13337,26798748,39,0,49379
1733,433107,91.497986,0,0,1731,2577,211,49914,30214,0,8843,17710781,24,0,39357
1734,433198,91.54799799999999,0,0,1732,4978,268,50012,46410,0,12233,24563148,39,0,51538
1735,433288,91.598062,0,0,1733,5292,268,50064,48855,0,13793,27725946,38,0,50739
1736,433395,91.648182,0,0,1734,5203,268,50120,48506,0,13376,26883040,38,0,50783
1737,433487,91.698181,0,0,1735,5129,268,49999,48568,0,13021,26164165,38,0,51954
1738,433577,91.748131,0,0,1736,5099,268,49950,48394,0,12771,25657915,38,0,50911
1739,433667,91.798044,0,0,1737,5331,268,49913,48599,0,13895,27935534,38,0,49534
1740,433800,91.84777000000001,0,0,1738,5159,268,49726,48355,0,13135,26396534,39,0,48436
1741,433891,91.89829100000001,0,0,1739,5195,268,50521,49185,0,13287,26704334,38,0,49883
1742,433981,91.94796900000001,0,0,1740,5170,268,49678,47945,0,13133,26390965,37,0,47753
1743,434071,92.01492100000002,0,0,1741,7982,325,66952,66513,0,18732,37713519,51,0,72615
1744,434175,92.06461200000001,0,0,1742,5350,285,49691,48782,0,13487,27104777,47,0,48825
1745,434265,92.11477900000001,0,0,1743,2668,195,50167,30356,0,9569,19179412,22,0,44457
1746,434355,92.16457500000001,0,0,1744,4959,267,49796,46073,0,12157,24407729,38,0,46758
1747,434460,92.21475700000002,0,0,1745,5294,268,50182,48881,0,13668,27461428,38,0,50476
1748,434550,92.26485700000002,0,0,1746,4960,268,50100,48812,0,11944,23965771,45,0,51715
1749,434640,92.31469000000003,0,0,1747,4978,268,49833,48767,0,12049,24178396,39,0,51562
1750,434744,92.36491500000002,0,0,1748,5223,268,50225,49140,0,13399,26912146,40,0,51449
1751,434838,92.41457100000002,0,0,1749,5128,268,49656,48609,0,12904,25909771,38,0,51312
1752,434929,92.46523700000003,0,0,1750,5115,268,50666,48875,0,12794,25687021,38,0,49349
1753,435020,92.51479100000003,0,0,1751,5238,268,49554,48816,0,13437,26989096,38,0,48206
1754,435125,92.58162300000004,0,0,1752,7519,311,66832,65157,0,19975,40231584,48,0,68757
1755,435215,92.63132300000004,0,0,1753,5135,268,49700,48083,0,13263,26643582,39,0,51044
1756,435305,92.68169500000003,0,0,1754,4387,266,50372,44061,0,13163,26441082,36,0,50966
1757,435395,92.73168800000003,0,0,1755,5022,228,49993,45280,0,12826,25758657,31,0,34907
1758,435527,92.78165500000003,0,0,1756,5256,270,49967,48525,0,13551,27232858,40,0,59326
1759,435617,92.83153500000003,0,0,1757,5294,306,49880,48742,0,13038,26194033,44,0,50835
1760,435708,92.88144300000003,0,0,1758,5116,268,49908,48317,0,13210,26540814,44,0,51495
1761,435799,92.93160000000003,0,0,1759,4635,228,50157,42546,0,10762,21583614,32,0,40370
1762,435904,92.98140800000003,0,0,1760,4964,268,49808,46166,0,11989,24068289,39,0,51515
1763,435994,93.04863600000003,0,0,1761,7536,323,67228,65471,0,16559,33310156,58,0,72350
1764,436084,93.09895700000003,0,0,1762,5145,268,50321,49287,0,13071,26259339,38,0,52751
1765,436188,93.14780300000002,0,0,1763,3028,213,48846,33104,0,10656,21377549,25,0,39077
1766,436278,93.19823600000002,0,0,1764,5122,268,50433,46956,0,12802,25710816,38,0,50002
1767,436368,93.24801100000002,0,0,1765,5384,268,49775,49187,0,14094,28327116,38,0,46754
1768,436459,93.29786400000002,0,0,1766,5146,268,49853,48348,0,12959,26028741,40,0,52310
1769,436563,93.34831400000002,0,0,1767,5300,268,50450,49258,0,13744,27618366,40,0,46925
1770,436653,93.39838100000001,0,0,1768,5089,268,50067,48391,0,12614,25328597,40,0,49833
1771,436743,93.44782200000002,0,0,1769,5149,268,49441,48264,0,12882,25871297,40,0,51184
1772,436833,93.49807400000002,0,0,1770,5075,268,50252,48457,0,12621,25350367,44,0,53607
1773,436937,93.56498700000002,0,0,1771,7426,333,66913,65213,0,15564,31297559,54,0,73708
1774,437027,93.61491800000002,0,0,1772,5374,280,49931,49429,0,13327,26781536,40,0,49842
1775,437117,93.66472600000002,0,0,1773,2281,190,49808,25926,0,8522,17067592,20,0,40494
1776,437207,93.71474500000002,0,0,1774,4659,268,50019,44390,0,10610,21283409,44,0,50603
1777,437311,93.76452900000002,0,0,1775,4994,268,49784,48540,0,12214,24526952,39,0,55866
1778,437400,93.81464400000003,0,0,1776,5179,268,50115,49017,0,13114,26349452,38,0,47408
1779,437490,93.86492100000002,0,0,1777,4966,268,50277,48667,0,12164,24425702,39,0,52360
1780,437580,93.91452500000003,0,0,1778,5062,249,49604,47985,0,12753,25619946,32,0,40542
1781,437684,93.96478700000003,0,0,1779,4847,268,50262,48234,0,11548,23179821,39,0,61388
1782,437776,94.01514100000003,0,0,1780,5473,268,50354,49841,0,14603,29366196,39,0,40911
1783,437866,94.06510500000003,0,0,1781,4976,268,49964,48276,0,12119,24334577,39,0,50615
1784,437971,94.13181900000004,0,0,1782,6537,288,66714,65519,0,19639,39562577,46,0,61526
1785,438063,94.18162200000003,0,0,1783,5039,268,49803,48548,0,12460,25022823,38,0,51542
1786,438154,94.23156400000003,0,0,1784,5263,268,49942,48653,0,13648,27428523,43,0,50717
1787,438245,94.28147500000003,0,0,1785,5188,268,49911,48329,0,13182,26484873,38,0,51793
1788,438378,94.33139800000004,0,0,1786,5524,268,49923,49552,0,14889,29941548,39,0,44751
1789,438469,94.38132900000004,0,0,1787,5191,268,49931,48541,0,13206,26538030,38,0,50875
1790,438559,94.43122800000003,0,0,1788,5327,270,49899,48562,0,13940,28024380,39,0,56349
1791,438649,94.48115900000003,0,0,1789,5065,266,49931,48125,0,12640,25391880,38,0,40195
1792,438753,94.53144900000004,0,0,1790,5277,290,50290,49662,0,13503,27139455,49,0,64841
1793,438843,94.58115100000003,0,0,1791,5391,286,49702,48902,0,12955,26029755,42,0,46493
1794,438933,94.63119800000004,0,0,1792,4737,228,50047,44067,0,12420,24946380,33,0,40491
1795,439023,94.68178000000005,0,0,1793,4918,268,50582,48606,0,11776,23644559,39,0,49826
1796,439130,94.73160100000004,0,0,1794,5277,268,49821,48744,0,13596,27330059,39,0,49975
1797,439220,94.78121700000004,0,0,1795,5056,268,49616,48129,0,12436,24981059,39,0,52466
1798,439310,94.83135900000003,0,0,1796,5304,268,50142,48852,0,13833,27808465,39,0,46750
1799,439400,94.88162900000003,0,0,1797,5326,268,50270,49426,0,13959,28062096,38,0,50502
1800,439509,94.94820100000003,0,0,1798,7506,350,66572,65477,0,14180,28374833,61,0,76903
1801,439608,94.99817100000003,0,0,1799,4786,261,49970,48317,0,12654,25541876,35,0,49397
1802,439698,95.04794300000003,0,0,1800,1831,192,49772,22112,0,5383,10708079,20,0,41142
1803,439803,95.09852200000003,0,0,1801,5205,268,50579,48981,0,13290,26708890,40,0,50706
1804,439893,95.14799200000003,0,0,1802,5277,268,49470,48857,0,13584,27304240,39,0,52075
1805,439984,95.19809300000003,0,0,1803,5231,268,50101,48433,0,13404,26939992,39,0,50392
1806,440074,95.24819300000003,0,0,1804,5317,268,50100,48817,0,13920,27976792,39,0,51075
1807,440206,95.29809400000003,0,0,1805,5050,268,49901,48227,0,12403,24896765,40,0,49283
1808,440296,95.34782500000003,0,0,1806,5065,268,49731,48488,0,12383,24851708,38,0,50149
1809,440389,95.39822200000003,0,0,1807,5192,268,50397,48859,0,13034,26171502,38,0,49503
1810,440479,95.44784600000003,0,0,1808,5300,268,49624,48497,0,13568,27252852,39,0,50254
1811,440585,95.51502900000003,0,0,1809,7284,311,67183,65071,0,18998,38248602,46,0,69263
1812,440675,95.56449600000003,0,0,1810,5213,268,49467,48534,0,13076,26256552,40,0,51026
1813,440766,95.61458400000004,0,0,1811,4588,267,50088,44513,0,13107,26317808,38,0,50995
1814,440856,95.66449000000003,0,0,1812,4780,227,49906,44675,0,12846,25787764,31,0,32403
1815,440962,95.71452000000004,0,0,1813,5016,268,50030,47837,0,12199,24481387,39,0,52146
1816,441052,95.76486500000003,0,0,1814,5253,268,50345,49348,0,13494,27103762,39,0,51163
1817,441142,95.81454100000003,0,0,1815,5177,268,49676,48330,0,13109,26324137,43,0,48455
1818,441246,95.86500700000003,0,0,1816,5234,272,50466,49001,0,13345,26806594,43,0,64689
1819,441337,95.91482500000004,0,0,1817,5237,304,49818,48953,0,12997,26106451,41,0,49467
1820,441427,95.96485300000003,0,0,1818,4185,227,50028,38531,0,8549,17099251,31,0,42250
1821,441532,96.03191800000003,0,0,1819,6805,310,67065,60790,0,17475,35174401,47,0,72261
1822,441622,96.08147600000004,0,0,1820,5710,269,49558,49078,0,12942,25995076,40,0,47479
1823,441712,96.13141700000004,0,0,1821,3876,266,49941,41714,0,12890,25889776,41,0,45145
1824,441817,96.18178400000004,0,0,1822,4665,228,50367,43311,0,11022,22107076,33,0,48775
1825,441907,96.23112000000003,0,0,1823,5081,268,49336,47833,0,12652,25404028,40,0,43883
1826,441998,96.28141800000003,0,0,1824,5150,268,50298,49178,0,12960,26027728,39,0,56300
1827,442089,96.33135500000003,0,0,1825,5149,268,49937,48354,0,13070,26251997,39,0,46564
1828,442193,96.38113900000003,0,0,1826,4839,268,49784,48158,0,11458,22987697,40,0,51408
1829,442283,96.43132200000004,0,0,1827,5146,268,50183,48978,0,13023,26156822,43,0,51796
1830,442376,96.48128800000003,0,0,1828,4907,267,49966,48143,0,11833,23747072,39,0,50518
1831,442481,96.54818100000003,1,1,0,7557,311,66893,65112,10972808,17666,35558897,46,1,67320
1832,442571,96.59776800000003,1,1,1,5617,303,49587,48753,12391260,13399,26913434,43,0,48757
1833,442660,96.61479300000003,1,1,2,1359,171,17025,14177,3417173,3664,7224825,13,0,13648
1834,442669,96.64811500000003,1,1,3,3985,116,33322,32562,9097633,9388,18883506,28,0,42826
1835,442773,96.68152500000004,1,1,4,3501,213,33410,32548,8367210,12023,24266611,21,0,25907
1836,442809,96.69803700000004,1,1,5,1858,206,16512,16288,4545335,848,1513840,21,0,19307
1837,442952,96.74788600000004,1,1,6,5706,269,49849,48891,13322176,15006,30183790,35,0,26883
1838,443085,96.79820900000004,1,1,7,5826,287,50323,50178,13552659,16216,32634040,41,0,29919
1839,443121,96.83178500000004,1,1,8,3974,248,33576,33330,9405859,7515,15009958,29,0,23668
1840,443264,96.88144300000003,1,1,9,5508,269,49658,47959,12867921,14645,29448208,35,0,28553
1841,443356,96.93182400000003,1,1,10,5631,287,50381,49503,13172811,15359,30894058,42,0,27664
1842,443460,96.98153400000004,1,1,11,5565,268,49710,48107,12987608,15155,30480958,34,0,26826
1843,443532,97.01520400000004,1,1,12,3849,249,33670,32862,9153240,6763,13487158,29,0,24912
1844,443639,97.06502100000004,1,1,13,5750,268,49817,49474,13336416,15964,32119183,34,0,25575
1845,443744,97.11521500000005,1,1,14,5521,287,50194,48699,12868601,14700,29558064,43,0,29302
1846,443780,97.14872900000005,1,1,15,4024,248,33514,33289,9504059,7712,15403566,27,0,24237
1847,443923,97.19865600000004,1,1,16,5546,269,49927,48379,12964303,15015,30192141,35,0,27627
1848,444015,97.24839600000004,1,1,17,5606,287,49740,49188,13055837,15128,30420966,41,0,27638
1849,444120,97.29815900000004,1,1,18,5796,268,49763,49649,13510846,16203,32597841,34,0,26691
1850,444209,97.33181400000004,1,1,19,3887,249,33655,32855,9217001,6924,13809385,29,0,24761
1851,444299,97.38167900000003,1,1,20,5420,268,49865,48784,12687958,14438,29025235,34,0,25479
1852,444432,97.43139800000003,1,1,21,5429,287,49719,48201,12775081,14295,28740217,43,0,27001
1853,444504,97.46533500000002,1,1,22,4055,249,33937,33688,9661017,7769,15525067,27,0,22903
1854,444612,97.51520200000003,1,1,23,5720,268,49867,49463,13326767,15920,32030842,34,0,26133
1855,444704,97.56462600000003,1,1,24,5532,287,49424,48586,12948494,14783,29728417,41,0,28709
1856,444759,97.59884500000003,1,1,25,3963,248,34219,33106,9418788,7543,15071215,28,0,25060
1857,444900,97.64847900000002,1,1,26,5453,269,49634,48167,12712955,14293,28739965,36,0,25619
1858,444992,97.69850600000002,1,1,27,5733,287,50027,49765,13371597,15799,31789615,40,0,26890
1859,445097,97.74841800000003,1,1,28,5941,268,49912,49304,13737396,16994,34209490,33,0,26037
1860,445189,97.78167600000003,1,1,29,4035,249,33258,32955,9521211,7685,15358765,27,0,23875
1861,445281,97.83189000000003,1,2,0,5791,287,50214,48737,13522504,16082,32362690,42,0,28699
1862,445353,97.86537100000002,1,2,1,3925,249,33481,32551,9327383,7156,14287540,29,0,25378
1863,445475,97.91491600000002,1,2,2,5742,287,49545,48713,13398703,15811,31813915,42,0,27628
1864,445566,97.96508900000002,1,2,3,5758,268,50173,48591,13484814,16214,32629990,34,0,26618
1865,445657,97.99805600000002,1,2,4,3965,249,32967,32383,9464923,7302,14583190,27,0,22156
1866,445764,98.04809200000003,1,2,5,5725,287,50036,48565,13409323,15844,31876942,41,0,31350
1867,445854,98.09881100000003,1,2,6,5891,269,50719,49799,13823075,16902,34019392,34,0,26738
1868,445943,98.13140100000003,1,2,7,3818,248,32590,31533,9082945,6533,13014572,27,0,23355
1869,446076,98.18154600000003,1,2,8,5712,287,50145,48790,13390295,15556,31277033,41,0,29953
1870,446148,98.21548000000003,1,2,9,4119,249,33934,33849,9765670,7994,15962464,27,0,23814
1871,446255,98.26494200000003,1,2,10,5887,268,49462,48762,13702663,16599,33387589,35,0,26004
1872,446346,98.31511700000003,1,2,11,5808,287,50175,49249,13567058,15943,32059189,41,0,29591
1873,446449,98.34840600000003,1,2,12,3829,249,33289,32287,9058743,6536,13010014,28,0,24076
1874,446539,98.39830600000002,1,2,13,5574,287,49900,48328,13055370,14897,29938001,43,0,28960
1875,446630,98.44826300000003,1,2,14,5585,268,49957,48607,13074915,15094,30332369,35,0,26682
1876,446685,98.48212600000002,1,2,15,3834,248,33863,32593,9108872,6549,13032542,28,0,24398
1877,446823,98.53183900000002,1,2,16,5822,271,49713,49291,13638969,16284,32745917,36,0,27946
1878,446914,98.58156300000002,1,2,17,5821,285,49724,49268,13551253,16163,32500892,39,0,27616
1879,447017,98.61514000000001,1,2,18,3894,249,33577,32509,9229845,6863,13671430,28,0,25365
1880,447109,98.665011,1,2,19,5796,287,49871,49122,13599307,16076,32329274,40,0,28424
1881,447200,98.71514400000001,1,2,20,5767,268,50133,48533,13533339,15965,32104499,35,0,26925
1882,447290,98.74847100000001,1,2,21,3844,249,33327,32468,9135855,6650,13241624,28,0,23854
1883,447396,98.79843600000001,1,2,22,5778,287,49965,49265,13561760,15964,32103993,41,0,29423
1884,447432,98.83154400000001,1,2,23,3954,248,33108,32124,9349944,7481,14925918,28,0,22933
1885,447576,98.88185000000001,1,2,24,5817,269,50306,49557,13537174,15906,31986543,35,0,26743
1886,447710,98.93134600000002,1,2,25,5589,287,49496,47882,13109887,15007,30163789,43,0,29046
1887,447772,98.96508100000001,1,2,26,3985,249,33735,32772,9425514,7365,14688739,28,0,24292
1888,447890,99.01500000000001,1,2,27,5851,268,49919,49103,13629869,16501,33192177,33,0,25640
1889,447996,99.06512100000002,1,2,28,5666,287,50121,48734,13227935,15328,30815333,42,0,28057
1890,448087,99.09866600000002,1,2,29,4050,249,33545,33296,9598179,7658,15283583,27,0,23739
1891,448179,99.14869700000003,0,3,0,4953,268,50031,49122,10102648,12013,24102458,37,1,30017
1892,448270,99.21504400000002,0,3,1,7026,288,66347,64529,0,22028,44382833,48,0,43918
1893,448374,99.26476600000002,0,3,2,5279,268,49722,47976,0,13751,27629503,43,0,49463
1894,448464,99.31475900000002,0,3,3,5367,308,49993,48769,0,13267,26646365,42,0,63110
1895,448555,99.36483000000003,0,3,4,5590,269,50071,48197,0,12726,25550840,40,0,49221
1896,448660,99.41471700000002,0,3,5,5993,270,49887,48896,0,12593,25272930,42,0,50831
1897,448750,99.46528400000003,0,3,6,5152,280,50567,48672,0,12808,25720688,41,0,50334
1898,448840,99.51480200000003,0,3,7,5275,288,49518,48122,0,12934,25975838,42,0,49922
1899,449027,99.58157300000003,0,3,8,6663,460,66771,64685,0,16795,33582120,60,0,62125
1900,449118,99.63175800000003,0,3,9,5454,268,50185,49118,0,14472,29084212,39,0,50306
1901,449250,99.68161700000003,0,3,10,5490,268,49859,48664,0,14615,29373787,37,0,41145
1902,449342,99.73167200000003,0,3,11,5555,269,50055,48912,0,14896,29944331,40,0,49962
1903,449432,99.78193900000004,0,3,12,5502,308,50267,49239,0,14028,28186631,45,0,60348
1904,449523,99.83101100000003,0,3,13,5770,269,49072,48076,0,12455,25001306,40,0,50185
1905,449627,99.88139100000004,0,3,14,5282,269,50380,46484,0,12519,25127108,38,0,41228
1906,449718,99.93138100000003,0,3,15,4430,267,49990,42467,0,12542,25173683,37,0,58345
1907,449808,99.98134000000003,0,3,16,4437,227,49959,41217,0,11973,24019939,31,0,35377
1908,449898,100.03134200000004,0,3,17,5315,308,50002,47941,0,13074,26249464,43,0,56807
1909,450002,100.08124100000003,0,3,18,5886,270,49899,48926,0,12525,25137739,38,0,49174
1910,450092,100.13123400000003,0,3,19,4583,267,49993,43142,0,12500,25087114,36,0,50055
1911,450182,100.18162300000003,0,3,20,4444,227,50389,41201,0,12141,24360139,29,0,43378
1912,450286,100.23136500000003,0,3,21,5213,308,49742,47851,0,12956,26010514,43,0,57044
1913,450377,100.28136200000003,0,3,22,5912,270,49997,49094,0,12450,24985864,40,0,51379
1914,450467,100.33170100000002,0,3,23,4114,266,50339,41708,0,12473,25032439,36,0,50657
1915,450557,100.38110600000002,0,3,24,4775,228,49405,41385,0,11279,22618387,31,0,40650
1916,450693,100.43110800000002,0,3,25,5184,268,50002,46106,0,13268,26646112,36,0,52019
1917,450783,100.48139200000003,0,3,26,5535,309,50284,48991,0,12957,26016337,52,0,59586
1918,450873,100.53140000000003,0,3,27,5700,269,50008,48518,0,12395,24878287,39,0,49276
1919,450977,100.58182000000004,0,3,28,3910,226,50420,38766,0,12079,24238387,30,0,40073
1920,451069,100.63141700000004,0,3,29,4204,267,49597,38596,0,8209,16401637,44,0,53879
1921,451159,100.68158200000005,0,4,0,5088,268,50165,49174,0,12664,25423012,41,0,50461
1922,451263,100.73136700000005,0,4,1,5531,269,49785,49234,0,14859,29867887,36,0,47611
1923,451354,100.78134200000005,0,4,2,5301,268,49975,48510,0,13840,27804412,46,0,44666
1924,451446,100.83116500000006,0,4,3,5468,308,49823,48836,0,13033,26173275,45,0,63292
1925,451550,100.88107100000005,0,4,4,5590,270,49906,48292,0,12305,24695277,40,0,50903
1926,451641,100.93116100000005,0,4,5,3250,225,50090,33991,0,8103,16186227,32,0,40931
1927,451731,100.98109300000004,0,4,6,5044,268,49932,44968,0,12428,24935238,38,0,51447
1928,451835,101.03173400000004,0,4,7,5582,269,50641,49487,0,15276,30697881,38,0,45314
1929,451925,101.08147600000004,0,4,8,5404,308,49742,48988,0,13678,27457374,45,0,60662
1930,452015,101.13129800000004,0,4,9,6292,270,49822,49718,0,12358,24784374,39,0,48130
1931,452148,101.18137000000004,0,4,10,2763,225,50072,31955,0,8358,16684374,31,0,43715
1932,452238,101.23157600000005,0,4,11,4393,268,50206,40423,0,9353,18699249,36,0,58007
1933,452328,101.28124500000004,0,4,12,5161,268,49669,48123,0,13073,26232249,38,0,45817
1934,452419,101.34806100000004,0,4,13,8058,346,66816,66252,0,18661,37535566,62,0,67769
1935,452523,101.39811200000004,0,4,14,5204,268,50051,48683,0,12583,25243797,39,0,50259
1936,452614,101.44803800000004,0,4,15,2342,191,49926,26839,0,8864,17725205,20,0,38506
1937,452704,101.49791700000004,0,4,16,4717,267,49879,45719,0,10926,21888372,38,0,51748
1938,452808,101.54839800000005,0,4,17,5101,269,50481,48903,0,12800,25687779,40,0,50767
1939,452900,101.59841700000005,0,4,18,4740,267,50019,49137,0,11154,22354629,38,0,50993
1940,452990,101.64804900000006,0,4,19,4930,268,49632,48191,0,11963,23994373,39,0,52117
1941,453094,101.69827400000005,0,4,20,5030,268,50225,48834,0,12591,25267592,39,0,51574
1942,453184,101.74824200000006,0,4,21,4857,268,49968,48143,0,11595,23250692,40,0,48553
1943,453277,101.79815100000006,0,4,22,4827,268,49909,48619,0,11516,23090717,39,0,51069
1944,453382,101.84823500000006,0,4,23,5079,268,50084,48603,0,12698,25481229,38,0,47807
1945,453472,101.89822200000006,0,4,24,5378,268,49987,49582,0,14275,28670856,38,0,46813
1946,453564,101.94800500000007,0,4,25,5253,269,49783,49346,0,13709,27523187,40,0,50154
1947,453696,102.01502200000007,0,4,26,7332,343,67017,65532,0,14927,29977254,65,0,73553
1948,453787,102.06491900000007,0,4,27,5360,273,49897,49672,0,12726,25380712,43,0,51499
1949,453878,102.11459900000007,0,4,28,1897,187,49680,23208,0,7153,14414608,18,0,38768
1950,453970,102.16444900000008,0,4,29,4451,268,49850,42651,0,9605,19215625,39,0,49788
1951,454075,102.21469000000008,1,5,0,5395,268,50241,48274,4433951,14410,28945750,39,1,56704
1952,454165,102.26453700000008,1,5,1,5451,269,49847,48684,12973933,14823,29789670,36,0,43855
1953,454173,102.28184200000007,1,5,2,2240,73,17305,17156,5328939,2306,4657267,15,0,26511
1954,454264,102.31460800000006,1,5,3,3393,235,32766,32505,8367615,11718,23514428,26,0,27247
1955,454369,102.34790300000006,1,5,4,3546,227,33295,32342,8717385,6874,13692945,30,0,26686
1956,454439,102.38154900000006,1,5,5,3757,249,33646,32918,9278354,6503,12945468,28,0,24382
1957,454548,102.43138000000006,1,5,6,5554,270,49831,49204,13354682,15051,30255168,36,0,26327
1958,454653,102.48191300000006,1,5,7,5417,285,50533,49235,13018479,14427,28991568,42,0,25195
1959,454742,102.51539400000006,1,5,8,3932,249,33481,33437,9592332,7299,14555849,28,0,24593
1960,454833,102.56501200000005,1,5,9,5551,287,49618,49131,13405162,14968,30081017,41,0,26707
1961,454927,102.61511300000005,1,5,10,5529,268,50101,49071,13296256,15122,30394386,36,0,25773
1962,455013,102.64834000000005,1,5,11,3786,249,33227,32071,9276609,6593,13123161,28,0,24762
1963,455122,102.69850600000005,1,5,12,5621,268,50166,49628,13589240,15652,31467636,34,0,24176
1964,455213,102.74832300000006,1,5,13,5461,287,49817,49297,13211469,14702,29543886,41,0,28872
1965,455315,102.78219800000005,1,5,14,3777,249,33875,32781,9253598,6557,13050261,29,0,24905
1966,455435,102.83157700000005,1,5,15,5513,287,49379,48975,13318491,14841,29821563,41,0,26806
1967,455525,102.88167500000006,1,5,16,5612,268,50098,49189,13620311,15509,31174263,35,0,26453
1968,455623,102.91485900000006,1,5,17,3747,249,33184,32503,9190637,6388,12704238,27,0,25078
1969,455718,102.96487300000007,1,5,18,5403,287,50014,48583,13077576,14348,28823238,41,0,26823
1970,455809,103.01490000000007,1,5,19,5674,268,50027,49810,13685921,15764,31690638,35,0,26388
1971,455913,103.04836400000006,1,5,20,3794,249,33464,33022,9291432,6564,13060638,27,0,24626
1972,456003,103.09855600000006,1,5,21,5410,268,50192,48556,13067353,14500,29129519,34,0,25565
1973,456095,103.14836600000005,1,5,22,5368,287,49810,49590,13010715,14159,28438994,42,0,27238
1974,456131,103.18176800000005,1,5,23,3713,248,33402,32418,9142677,6302,12528569,28,0,24599
1975,456288,103.23173800000005,1,5,24,5462,269,49970,49533,13180619,14650,29433269,35,0,25748
1976,456378,103.28161200000005,1,5,25,5364,270,49874,48399,13008329,14210,28546067,36,0,26616
1977,456418,103.31532200000005,1,5,26,3786,265,33710,33261,9319756,7525,15008942,34,0,24539
1978,456578,103.36525100000006,1,5,27,5574,269,49929,49305,13488004,14282,28696424,34,0,25191
1979,456669,103.41505600000006,1,5,28,5304,287,49805,48063,12864117,13790,27700124,42,0,26947
1980,456706,103.44834100000007,1,5,29,3841,248,33285,33099,9461247,7965,15904499,28,0,24400
1981,456850,103.49823500000007,1,6,0,5607,269,49894,49101,13622641,14465,29066999,33,0,26227
1982,456983,103.54831800000007,1,6,1,5539,287,50083,49081,13397078,14965,30079499,42,0,27273
1983,457055,103.58137500000007,1,6,2,4022,249,33057,32873,9878260,7770,15509624,27,0,24045
1984,457163,103.63147000000006,1,6,3,5749,287,50095,49909,13873590,16015,32205749,41,0,28110
1985,457238,103.66474700000006,1,6,4,3976,249,33277,33105,9763159,7546,15056024,29,0,23240
1986,457359,103.71436300000006,1,6,5,5760,287,49616,49288,13869803,15952,32074376,41,0,29215
1987,457407,103.74838400000006,1,6,6,4059,249,34021,33361,9949441,8010,15991826,29,0,23218
1988,457538,103.79849400000006,1,6,7,5767,270,50110,49579,13982784,16072,32309781,35,0,29259
1989,457643,103.84825200000006,1,6,8,5690,286,49758,48699,13542762,15517,31181349,41,0,27050
1990,457733,103.88158000000006,1,6,9,3889,248,33328,32685,9407164,6752,13432224,27,0,23066
1991,457823,103.93167700000005,1,6,10,5387,268,50097,48381,12873531,14074,28256236,36,0,28444
1992,457860,103.96529400000006,1,6,11,3919,267,33617,33262,9617918,7551,15047161,35,0,26853
1993,458017,104.01469700000006,1,6,12,5618,269,49403,47879,13453435,14522,29167993,35,0,24593
1994,458108,104.06457300000005,1,6,13,5648,287,49876,48802,13576879,15303,30749518,42,0,29883
1995,458196,104.09844900000006,1,6,14,4085,249,33876,33579,9892596,7792,15539743,28,0,24679
1996,458330,104.14823400000006,1,6,15,5709,287,49785,49302,13706000,15476,31103641,42,0,27355
1997,458419,104.18230600000005,1,6,16,4121,249,34072,33717,10033669,7986,15936391,27,0,24103
1998,458510,104.23157100000006,1,6,17,5617,268,49265,47678,13488467,15336,30820141,36,0,26628
1999,458547,104.26496800000005,1,6,18,3917,267,33397,32823,9584472,7780,15523798,35,0,26815
2000,458704,104.31496600000006,1,6,19,5801,269,49998,49527,13920674,15225,30599923,33,0,25138
2001,458795,104.36489100000006,1,6,20,5582,287,49925,48501,13457105,14968,30079498,43,0,27940
2002,458886,104.39839600000006,1,6,21,4047,249,33505,33109,9945011,7643,15246373,28,0,24461
2003,458991,104.44841900000006,1,6,22,5657,287,50023,48388,13603372,15433,31021123,42,0,28180
2004,459079,104.48174100000006,1,6,23,4020,249,33322,32878,9801637,7498,14952748,27,0,23658
2005,459170,104.53147000000006,1,6,24,5816,287,49729,49244,13910569,16112,32397617,41,0,29519
2006,459257,104.56542400000005,1,6,25,4001,249,33954,32849,9722555,7409,14770244,28,0,23289
2007,459366,104.61481000000005,1,6,26,5680,287,49386,49125,13623419,15464,31081619,40,0,28909
2008,459403,104.64843200000004,1,6,27,4086,248,33622,33507,9948660,8576,17133419,29,0,23055
2009,459548,104.69832100000004,1,6,28,5731,269,49889,49405,13735674,15201,30549044,33,0,27083
2010,459655,104.74784600000004,1,6,29,5514,287,49525,48008,13304094,14711,29556794,43,0,27806
2011,459720,104.78331200000004,0,7,0,3383,248,35466,35074,7780527,6011,11939294,30,1,25958
2012,459837,104.86443500000004,0,7,1,9114,332,81123,78276,0,22773,45869961,57,0,65661
2013,459969,104.91500000000005,0,7,2,5152,300,50565,49444,0,12235,24550489,51,0,49824
2014,460070,104.96500900000005,0,7,3,5298,393,50009,49191,0,12389,24738414,51,0,49330
2015,460184,105.01487100000006,0,7,4,5407,316,49862,48580,0,12308,24628224,39,0,38348
2016,460334,105.06483200000005,0,7,5,5176,268,49961,48241,0,13169,26451713,45,0,61077
2017,460427,105.11461700000005,0,7,6,5431,270,49785,48823,0,14332,28805269,43,0,50465
2018,460521,105.16476000000006,0,7,7,5169,285,50143,48475,0,13090,26290219,45,0,43285
2019,460625,105.21458300000006,0,7,8,5284,268,49823,48583,0,13790,27707719,39,0,44709
2020,460718,105.26507800000006,0,7,9,5579,269,50495,48948,0,15236,30634350,36,0,49065
2021,460807,105.29818200000005,0,7,10,3637,250,33104,31979,0,5590,11101200,33,0,46569
2022,460898,105.36464700000005,0,7,11,7726,328,66465,64753,0,19041,38339475,50,0,64780
2023,461002,105.41447500000005,0,7,12,5367,282,49828,48445,0,12210,24494317,44,0,49329
2024,461092,105.46448900000006,0,7,13,3622,253,50014,36884,0,11538,23158283,35,0,48533
2025,461182,105.51441500000006,0,7,14,4208,227,49926,39461,0,10988,22028352,31,0,40098
2026,461286,105.54798100000005,0,7,15,3579,267,33566,32760,0,5140,10181595,37,0,46234
2027,461377,105.61454100000005,0,7,16,8080,312,66560,65251,0,19519,39286687,49,0,63490
2028,461467,105.66471700000004,0,7,17,5050,281,50176,49286,0,12229,24536820,43,0,49879
2029,461557,105.71484900000004,0,7,18,3903,253,50132,37788,0,11671,23419253,31,0,44603
2030,461689,105.76429300000004,0,7,19,3907,227,49444,37330,0,10465,20964720,30,0,45046
2031,461779,105.81447300000004,0,7,20,5237,303,50180,48408,0,13412,26930876,41,0,60199
2032,461869,105.86459000000004,0,7,21,6013,275,50117,49326,0,11860,23788076,44,0,41849
2033,461960,105.91448600000004,0,7,22,5062,268,49896,44787,0,11926,23921726,37,0,58910
2034,462064,105.96440100000004,0,7,23,3703,229,49915,39108,0,11848,23763776,37,0,50183
2035,462154,106.01437700000004,0,7,24,4955,304,49976,44991,0,12035,24146249,39,0,46173
2036,462247,106.06479900000004,0,7,25,6118,271,50422,49555,0,12029,24134099,40,0,43384
2037,462353,106.11459400000004,0,7,26,5303,268,49795,45595,0,11774,23617724,37,0,49523
2038,462443,106.16429200000005,0,7,27,3526,266,49698,38603,0,11709,23486099,36,0,59483
2039,462533,106.21460400000005,0,7,28,4795,268,50312,43510,0,11960,23994374,37,0,41950
2040,462638,106.26462900000006,0,7,29,6060,270,50025,49284,0,11842,23756943,40,0,57438
2041,462729,106.31465000000006,0,8,0,5295,269,50021,45173,0,11716,23489410,38,0,49139
2042,462821,106.36447800000006,0,8,1,3510,265,49828,37587,0,11867,23821470,34,0,51118
2043,462913,106.41443000000007,0,8,2,4687,228,49952,41875,0,11854,23782762,31,0,37726
2044,463017,106.46443500000007,0,8,3,4862,268,50005,48037,0,11676,23422312,40,0,47236
2045,463109,106.51506400000007,0,8,4,5444,309,50629,48950,0,12110,24297364,46,0,61397
2046,463200,106.56614100000007,0,8,5,4420,266,51077,41175,0,11713,23493439,36,0,51329
2047,463303,106.59776800000007,0,8,6,3438,209,31627,30786,0,4702,9293126,27,0,24166
2048,463394,106.66418800000007,0,8,7,7061,329,66420,65090,0,18896,38029900,51,0,75977
2049,463484,106.71443000000006,0,8,8,5749,269,50242,49159,0,11980,24025000,39,0,47202
2050,463588,106.76440700000006,0,8,9,4707,268,49977,45817,0,11857,23775925,45,0,51946
2051,463679,106.81500800000006,0,8,10,4224,267,50601,43354,0,11857,23775925,37,0,48603
2052,463771,106.86440200000007,0,8,11,5140,268,49394,46386,0,11972,24008800,39,0,49212
2053,463875,106.91482000000006,0,8,12,5442,269,50418,48642,0,11838,23737450,39,0,50494
2054,463965,106.96458600000007,0,8,13,5029,268,49766,44980,0,11815,23690875,39,0,41803
2055,464055,107.01437000000007,0,8,14,4182,267,49784,41243,0,12025,24119923,37,0,59813
2056,464159,107.06482100000007,0,8,15,5087,268,50451,46748,0,11685,23431423,38,0,48289
2057,464249,107.11440800000007,0,8,16,5116,269,49587,46063,0,11850,23765548,39,0,50372
2058,464340,107.16448700000007,0,8,17,4863,268,50079,44121,0,11804,23676955,36,0,51584
2059,464472,107.21486000000006,0,8,18,4032,247,50373,42586,0,11879,23828830,35,0,50258
2060,464563,107.26454200000006,0,8,19,5242,287,49682,48706,0,11876,23824274,43,0,39449
2061,464653,107.31475300000007,0,8,20,5128,269,50211,48484,0,11854,23781243,40,0,51447
2062,464743,107.36486500000007,0,8,21,4693,267,50112,46013,0,11909,23892618,37,0,50813
2063,464847,107.41476500000006,0,8,22,4489,228,49900,43043,0,11144,22341974,32,0,45755
2064,464937,107.46470800000006,0,8,23,4962,268,49943,47335,0,12095,24267749,39,0,47498
2065,465028,107.51467100000006,0,8,24,4981,268,49963,48188,0,12137,24349001,46,0,49893
2066,465132,107.56486500000007,0,8,25,4953,275,50194,48644,0,11921,23911601,43,0,62096
2067,465223,107.61457800000007,0,8,26,5114,301,49713,48934,0,11754,23573426,43,0,49948
2068,465314,107.66461500000007,0,8,27,4304,228,50037,41042,0,9973,19966901,34,0,38828
2069,465418,107.71445100000007,0,8,28,4662,268,49836,43611,0,10569,21173801,38,0,52038
2070,465510,107.76458100000006,0,8,29,5148,268,50130,49054,0,13048,26195295,38,0,46688
2071,465602,107.83141800000007,1,9,0,7492,346,66837,64968,11861112,14276,28542016,57,1,74228
2072,465706,107.86459000000006,1,9,1,3554,232,33172,32908,8771174,10979,22153144,24,0,38001
2073,465778,107.89815100000007,1,9,2,2075,206,33561,21372,5281366,2368,4575890,23,0,26626
2074,465805,107.93123800000006,1,9,3,3971,97,33087,33004,9475656,10027,20292292,23,0,34032
2075,465895,107.94817500000006,1,9,4,1476,190,16937,16358,3831414,4440,8784073,19,0,21007
2076,465932,107.98218500000006,1,9,5,3769,248,34010,33353,9447600,7297,14560913,29,0,24459
2077,466095,108.03138100000005,1,9,6,5343,269,49196,47688,13050723,13116,26344388,36,0,25027
2078,466210,108.08168600000005,1,9,7,5375,287,50305,48937,13189677,14032,28203845,42,0,26807
2079,466301,108.13113100000005,1,9,8,4888,249,49445,48794,12014188,11865,23815670,28,0,23834
2080,466393,108.18177000000006,1,9,9,5525,287,50639,49559,13506256,14730,29617295,44,0,26663
2081,466495,108.21439500000005,1,9,10,3659,249,32625,32103,9134641,5780,11493545,29,0,24329
2082,466587,108.26445600000005,1,9,11,5574,287,50061,49749,13705948,15057,30277951,43,0,26324
2083,466657,108.29781700000005,1,9,12,3938,249,33361,33314,9852108,7231,14430301,27,0,24217
2084,466781,108.34848900000006,1,9,13,5650,270,50672,50062,13751214,15255,30680420,37,0,27367
2085,466872,108.39875200000006,1,9,14,5398,285,50263,49016,13277798,14376,28900445,40,0,26098
2086,466944,108.43139500000005,1,9,15,3580,249,32643,31515,8986401,5412,10744547,29,0,24616
2087,467067,108.48122100000005,1,9,16,5524,287,49826,49286,13660733,14850,29856497,41,0,26968
2088,467103,108.51499300000005,1,9,17,3802,248,33772,32975,9464383,7704,15385847,27,0,23659
2089,467246,108.56478600000004,1,9,18,5544,269,49793,49406,13635543,13937,28007672,34,0,25016
2090,467337,108.61443000000004,1,9,19,5227,287,49644,48257,12877770,13342,26802797,44,0,27415
2091,467378,108.64787200000004,1,9,20,3932,248,33442,33279,9795951,7531,15035522,28,0,23972
2092,467532,108.69838900000003,1,9,21,5621,271,50517,49874,13665563,14926,30010397,37,0,26329
2093,467624,108.74856300000003,1,9,22,5442,285,50174,49339,13347841,14531,29210522,41,0,25189
2094,467692,108.78151500000003,1,9,23,3657,249,32952,31998,9142068,5791,11512022,29,0,23810
2095,467848,108.83151400000003,1,9,24,5478,268,49999,49703,13476714,14799,29753222,35,0,25280
2096,467941,108.88149700000002,1,9,25,5404,287,49983,49252,13322071,14201,28547589,43,0,26990
2097,467992,108.91432900000002,1,9,26,3631,249,32832,31512,9108507,5696,11324964,29,0,24061
2098,468124,108.96485100000002,1,9,27,5632,268,50522,50021,13942993,15616,31412964,34,0,25279
2099,468231,109.01451700000003,1,9,28,5372,287,49666,48098,13129237,14016,28172964,42,0,27045
2100,468323,109.04840900000002,1,9,29,3823,249,33892,32948,9523990,6684,13322626,29,0,24657
2101,468415,109.09809100000003,1,10,0,5675,287,49682,48708,13986046,15584,31345126,41,0,27017
2102,468510,109.13157200000002,1,10,1,3915,249,33481,32494,9674473,7045,14052132,29,0,23764
2103,468610,109.18097600000002,1,10,2,5683,287,49404,48840,13919249,15615,31406382,40,0,27558
2104,468699,109.21482700000001,1,10,3,4007,249,33851,33386,10016765,7605,15186132,27,0,23754
2105,468804,109.26423000000001,1,10,4,5546,287,49403,48310,13702361,14884,29924588,42,0,26269
2106,468892,109.29905200000002,1,10,5,4133,249,34822,34401,10308498,8175,16335065,28,0,23713
2107,468983,109.34819400000002,1,10,6,5463,287,49142,47579,13481447,14567,29278865,40,0,26831
2108,469020,109.38189300000002,1,10,7,3897,248,33699,33219,9803942,7349,14654820,30,0,24878
2109,469178,109.43164500000002,1,10,8,5751,269,49752,49086,14043138,15697,31559520,34,0,24455
2110,469199,109.46501600000002,1,10,9,3740,267,33371,32416,9348187,7548,15057795,34,0,25908
2111,469358,109.51472300000002,1,10,10,5708,269,49707,48712,13975480,14233,28594920,34,0,25415
2112,469379,109.55017100000002,1,10,11,4007,267,35448,34451,9969332,8839,17672070,36,0,25586
2113,469552,109.59820000000002,1,10,12,5554,269,48029,47368,13678488,13537,27185520,34,0,25620
2114,469644,109.64816100000002,1,10,13,5673,287,49961,48497,13787264,15477,31114020,43,0,28328
2115,469733,109.68178200000001,1,10,14,3816,249,33621,32682,9443759,6523,12985208,30,0,23247
2116,469839,109.731271,1,10,15,5745,287,49489,49271,14045042,15868,31912631,39,0,27868
2117,469928,109.765296,1,10,16,4024,249,34025,33692,9993779,7554,15075262,29,0,24530
2118,470021,109.814598,1,10,17,5725,287,49302,49013,14047114,15659,31487887,41,0,25793
2119,470125,109.848539,1,10,18,4110,249,33941,33482,10100513,8003,15989044,27,0,22969
2120,470216,109.898007,1,10,19,5555,287,49468,48627,13587043,14999,30155944,42,0,28413
2121,470289,109.93204800000001,1,10,20,4066,249,34041,33829,10114903,7774,15525319,28,0,23897
2122,470398,109.98163000000001,1,10,21,5565,287,49582,48460,13661460,15024,30206569,40,0,27352
2123,470478,110.015241,1,10,22,4022,249,33611,33359,10040958,7600,15171450,27,0,24234
2124,470594,110.064862,1,10,23,5700,287,49621,48992,13950864,15639,31450425,39,0,27013
2125,470642,110.098443,1,10,24,3986,249,33581,32562,9919494,7328,14620650,28,0,24743
2126,470773,110.148072,1,10,25,5693,287,49629,49064,13960077,15470,31104402,39,0,27134
2127,470836,110.181647,1,10,26,3867,248,33575,32634,9663397,7319,14597108,30,0,24588
2128,470995,110.231697,1,10,27,5780,269,50050,49583,14036534,15496,31155533,34,0,26196
2129,471087,110.28156899999999,1,10,28,5607,288,49872,48293,13718497,15094,30341483,41,0,26784
2130,471178,110.31473899999999,1,10,29,3880,248,33170,32420,9681182,6800,13546133,28,0,24161
2131,471283,110.36463199999999,0,11,0,4752,268,49893,48872,9294210,10999,22049108,38,1,26546
2132,471377,110.43156299999998,0,11,1,7235,329,66931,64918,0,19579,39423608,55,0,62412
2133,471467,110.48161399999998,0,11,2,5763,270,50051,48666,0,11586,23232995,44,0,51570
2134,471573,110.53155999999998,0,11,3,5127,302,49946,48492,0,11947,23976403,45,0,49311
2135,471674,110.58186999999998,0,11,4,5246,438,50310,49147,0,11795,23466993,52,0,49696
2136,471816,110.63197099999998,0,11,5,5305,269,50101,48589,0,12363,24821082,40,0,43467
2137,471939,110.68156199999999,0,11,6,5260,268,49591,48055,0,13587,27299682,40,0,48526
2138,472030,110.73168199999999,0,11,7,5150,287,50120,48846,0,12920,25953564,45,0,54062
2139,472136,110.78110699999999,0,11,8,5366,269,49425,48272,0,14101,28345089,37,0,39745
2140,472226,110.83098299999999,0,11,9,5431,268,49876,48109,0,14501,29155089,39,0,50165
2141,472316,110.88163999999999,0,11,10,5727,309,50657,49235,0,11811,23707839,51,0,59919
2142,472406,110.93237199999999,0,11,11,5669,282,50732,49630,0,11559,23185156,45,0,50208
2143,472512,110.98153399999998,0,11,12,4770,262,49162,42827,0,11331,22735839,37,0,50240
2144,472602,111.03107899999998,0,11,13,3181,219,49545,33794,0,11320,22730504,25,0,36957
2145,472694,111.08097899999997,0,11,14,5181,308,49900,45907,0,11665,23412948,44,0,59826
2146,472798,111.11431999999996,0,11,15,3478,227,33341,32138,0,6303,12554898,32,0,33990
2147,472888,111.16454699999997,0,11,16,5157,269,50227,46484,0,13074,26266173,38,0,45328
2148,472978,111.21452799999997,0,11,17,5512,269,49981,48802,0,14869,29901048,37,0,57334
2149,473082,111.26458899999997,0,11,18,6024,309,50061,49142,0,11314,22702173,45,0,48757
2150,473174,111.31470299999997,0,11,19,5367,282,50114,48555,0,11664,23398540,43,0,50782
2151,473264,111.36449399999997,0,11,20,2433,212,49791,26741,0,8256,16522106,25,0,42373
2152,473354,111.41474399999997,0,11,21,4239,267,50250,37717,0,8525,17054448,37,0,54735
2153,473459,111.46447499999996,0,11,22,5587,269,49731,49090,0,15260,30692823,37,0,40215
2154,473549,111.51423199999996,0,11,23,5362,308,49757,48561,0,13458,27043773,43,0,59979
2155,473639,111.56423699999996,0,11,24,5875,270,50005,48296,0,11508,23098821,43,0,49861
2156,473733,111.61443299999996,0,11,25,3572,226,50196,37083,0,11278,22633071,31,0,39451
2157,473865,111.66494599999996,0,11,26,4523,268,50513,40989,0,9924,19891221,38,0,52075
2158,473955,111.71490699999995,0,11,27,5651,309,49961,49409,0,13159,26442096,46,0,54107
2159,474045,111.76468599999995,0,11,28,5722,269,49779,48128,0,11539,23161596,38,0,49501
2160,474136,111.81453799999996,0,11,29,3517,266,49852,37898,0,11419,22918596,36,0,49336
2161,474240,111.86416699999995,0,12,0,4587,228,49629,41079,0,10544,21146721,33,0,45429
2162,474330,111.91466399999995,0,12,1,5612,309,50497,49159,0,12306,24714771,44,0,58242
2163,474420,111.96454099999994,0,12,2,5131,269,49877,48920,0,11434,22947452,46,0,51633
2164,474512,112.01467299999995,0,12,3,4837,268,50132,42916,0,11392,22862402,40,0,45381
2165,474616,112.06492999999995,0,12,4,4244,267,50257,42494,0,11369,22812029,37,0,55104
2166,474707,112.11461399999995,0,12,5,4529,267,49684,42546,0,11449,22969472,37,0,40595
2167,474798,112.16439999999994,0,12,6,5473,269,49786,47963,0,11420,22903152,39,0,49796
2168,474903,112.21448999999994,0,12,7,4678,268,50090,45414,0,11404,22870752,39,0,50632
2169,474993,112.26430199999994,0,12,8,4792,268,49812,45125,0,11441,22947196,38,0,49582
2170,475084,112.31473699999994,0,12,9,4387,229,50435,44614,0,11546,23159821,32,0,50825
2171,475216,112.36442199999993,0,12,10,5362,307,49685,47468,0,11360,22780133,43,0,50376
2172,475306,112.41469499999994,0,12,11,5935,276,50273,49470,0,11388,22824450,47,0,50462
2173,475396,112.46501599999993,0,12,12,3477,259,50321,37918,0,11446,22968185,33,0,53342
2174,475500,112.51436199999993,0,12,13,3906,228,49346,36308,0,8083,16145727,31,0,42754
2175,475590,112.56466799999994,0,12,14,5367,268,50306,49136,0,14017,28165875,39,0,47174
2176,475681,112.61479499999994,0,12,15,5258,308,50127,48455,0,12157,24399375,44,0,55607
2177,475785,112.66445299999994,0,12,16,5757,270,49658,48873,0,11356,22778869,41,0,50168
2178,475875,112.71505099999993,0,12,17,3595,226,50598,40433,0,11119,22305020,30,0,39800
2179,475966,112.76451199999993,0,12,18,4419,268,49461,43523,0,9390,18803795,38,0,56936
2180,476056,112.81481599999992,0,12,19,5251,275,50304,49400,0,13495,27116420,42,0,54079
2181,476161,112.86490399999992,0,12,20,5447,302,50088,49533,0,11593,23266389,49,0,51546
2182,476251,112.91488499999993,0,12,21,3802,227,49981,40386,0,9375,18774939,34,0,40298
2183,476341,112.96474399999992,0,12,22,4668,268,49859,45559,0,10608,21271764,40,0,50305
2184,476446,113.01499999999993,0,12,23,4943,268,50256,48686,0,12068,24228264,46,0,51745
2185,476537,113.08156099999992,0,12,24,7231,345,66561,64809,0,14303,28737958,57,0,73632
2186,476628,113.13113099999993,0,12,25,5002,268,49570,47960,0,11542,23159316,39,0,49268
2187,476761,113.18125599999992,0,12,26,1625,190,50125,25223,0,5243,10416224,21,0,40618
2188,476851,113.23146799999992,0,12,27,4891,268,50212,48493,0,11662,23402316,39,0,51180
2189,476942,113.28160399999992,0,12,28,4899,268,50136,48827,0,11684,23446866,40,0,50861
2190,477034,113.33124699999992,0,12,29,5061,269,49643,48225,0,12549,25198491,40,0,49664
2191,477140,113.38083899999992,1,13,0,5429,268,49592,48470,6190571,14369,28883991,41,1,45437
2192,477231,113.43117999999993,1,13,1,5360,309,50341,48461,13383664,11849,23788586,43,0,56314
2193,477250,113.44798799999992,1,13,2,1786,201,16808,16300,4710007,825,1506210,22,0,21686
2194,477330,113.48148599999992,1,13,3,3760,68,33498,32410,9088372,10517,21258739,17,0,32056
2195,477435,113.51494999999991,1,13,4,3470,226,33464,33153,8748794,10760,21586399,28,0,20252
2196,477525,113.54821199999991,1,13,5,3567,267,33262,32380,9074599,5254,10440547,34,0,25984
2197,477561,113.58174499999991,1,13,6,3951,248,33533,33434,9925880,7525,15033246,27,0,23100
2198,477719,113.63095799999991,1,13,7,5237,269,49213,47984,12991345,13164,26452221,35,0,27242
2199,477811,113.6810869999999,1,13,8,5357,287,50129,48453,13318803,13869,27879846,42,0,27034
2200,477847,113.7155309999999,1,13,9,3777,248,34444,33253,9501524,6961,13895703,30,0,24632
2201,478004,113.7649589999999,1,13,10,5211,269,49428,48123,12918063,12814,25749547,36,0,25129
2202,478096,113.8143499999999,1,13,11,5356,287,49391,48926,13311210,13865,27877822,42,0,26381
2203,478188,113.86472499999991,1,13,12,5087,268,50375,49775,12695009,12813,25747522,35,0,25861
2204,478243,113.8977449999999,1,13,13,3602,248,33020,31675,9107472,5784,11512278,28,0,25028
2205,478409,113.9485049999999,1,13,14,5364,269,50760,48995,13185809,13800,27743159,37,0,25555
2206,478500,113.9980039999999,1,13,15,5334,287,49499,48679,13201743,13832,27804161,42,0,26947
2207,478536,114.0310929999999,1,13,16,3647,248,33089,32249,9186521,6636,13232261,30,0,24815
2208,478694,114.0819509999999,1,13,17,5549,288,50858,50294,13729776,13951,28045136,41,0,25681
2209,478785,114.1308239999999,1,13,18,5342,268,48873,48147,13345485,14142,28430392,36,0,24820
2210,478857,114.1644709999999,1,13,19,3740,249,33647,32668,9489066,6219,12384798,28,0,23510
2211,478979,114.21432199999991,1,13,20,5352,268,49851,48385,13299140,14114,28372173,36,0,24627
2212,479070,114.26484399999991,1,13,21,5364,287,50522,48914,13357420,13929,27997548,42,0,26096
2213,479159,114.2980319999999,1,13,22,3816,249,33188,32884,9589969,6591,13138098,28,0,23794
2214,479264,114.34793499999991,1,13,23,5378,268,49903,48427,13271755,14122,28388373,35,0,26271
2215,479357,114.3980989999999,1,13,24,5341,287,50164,49207,13231351,13918,27978311,43,0,26649
2216,479447,114.43111999999991,1,13,25,3750,249,33021,32604,9473714,6233,12419984,31,0,23959
2217,479540,114.4815549999999,1,13,26,5423,284,50435,48672,13384336,14168,28488359,41,0,26898
2218,479580,114.5147529999999,1,13,27,3740,251,33198,33124,9440786,7348,14677859,31,0,25138
2219,479734,114.5644979999999,1,13,28,5512,269,49745,49244,13632426,13771,27684434,35,0,24704
2220,479825,114.6149099999999,1,13,29,5120,287,50412,49465,12749347,12770,25657409,41,0,27015
2221,479961,114.6649539999999,1,14,0,5382,269,50044,48347,13407086,14303,28761734,37,0,25636
2222,480051,114.69793299999989,1,14,1,3731,248,32979,32152,9446216,6203,12359234,28,0,23864
2223,480143,114.74777999999989,1,14,2,5626,287,49847,48966,13950505,15175,30527534,42,0,26702
2224,480232,114.78096599999989,1,14,3,3962,249,33186,32865,9989860,7345,14671784,27,0,23446
2225,480337,114.83100099999989,1,14,4,5590,287,50035,48984,13916991,15225,30630303,40,0,26472
2226,480426,114.86419799999989,1,14,5,3854,249,33197,32199,9774119,6817,13600305,29,0,23942
2227,480519,114.91450899999988,1,14,6,5588,287,50311,48669,13874295,15125,30424005,41,0,26405
2228,480624,114.94851099999988,1,14,7,4026,249,34002,33614,10136024,7594,15161578,28,0,23111
2229,480717,114.99797299999989,1,14,8,5714,287,49462,48929,14180451,15835,31845046,41,0,27513
2230,480809,115.03160299999989,1,14,9,3873,249,33630,32663,9773853,6980,13918228,27,0,22875
2231,480915,115.08166399999989,1,14,10,5733,287,50061,49425,14259639,15897,31975153,40,0,29166
2232,481005,115.11480799999988,1,14,11,3802,249,33144,32070,9640395,6608,13164928,28,0,23803
2233,481096,115.16505999999988,1,14,12,5763,287,50252,49911,14361228,15968,32118928,41,0,27070
2234,481200,115.19832599999988,1,14,13,3831,249,33266,32169,9669443,6778,13509178,28,0,23239
2235,481292,115.24787899999988,1,14,14,5572,287,49553,48451,13878483,15171,30505003,41,0,27121
2236,481380,115.28161899999988,1,14,15,3955,249,33740,33222,10010773,7396,14764426,27,0,22519
2237,481515,115.33145599999987,1,14,16,5724,287,49837,49208,14346044,15836,31855426,40,0,27763
2238,481606,115.36479199999988,1,14,17,3829,249,33336,32527,9684401,6711,13377301,27,0,24418
2239,481698,115.41453599999988,1,14,18,5761,287,49744,49324,14370951,16085,32364208,40,0,27173
2240,481787,115.44831299999989,1,14,19,3945,249,33777,32593,9964015,7368,14713802,29,0,23249
2241,481893,115.49822899999988,1,14,20,5722,287,49916,49278,14252498,15858,31906052,41,0,28396
2242,481982,115.53142799999988,1,14,21,3823,249,33199,32144,9637992,6718,13391476,29,0,23573
2243,482075,115.58142299999987,1,14,22,5645,287,49995,48927,14034070,15461,31093013,40,0,26421
2244,482178,115.61465599999987,1,14,23,3829,249,33233,32905,9685868,6776,13505888,27,0,22437
2245,482271,115.66452799999986,1,14,24,5562,287,49872,48403,13906046,14966,30090638,42,0,28625
2246,482359,115.69831499999987,1,14,25,3903,249,33787,33017,9895600,7160,14278171,27,0,23500
2247,482451,115.74792799999986,1,14,26,5754,287,49613,49228,14391452,16012,32204990,41,0,26913
2248,482553,115.78131199999986,1,14,27,3805,249,33384,32364,9602138,6619,13184165,29,0,22918
2249,482645,115.83116399999986,1,14,28,5741,287,49852,49333,14305107,15976,32132090,40,0,28736
2250,482736,115.86473599999987,1,14,29,3879,249,33572,32457,9838690,7011,13977965,28,0,24237
2251,482841,115.91481199999987,0,15,0,4651,268,50076,49027,9759901,10667,21381365,39,1,26840
2252,482932,115.98122699999988,0,15,1,7198,329,66415,64640,0,20706,41710340,56,0,57719
2253,483024,116.03190699999988,0,15,2,5944,282,50680,49815,0,11302,22662452,48,0,49802
2254,483157,116.08091999999988,0,15,3,5133,290,49013,47273,0,11817,23717710,43,0,44582
2255,483259,116.13133699999987,0,15,4,5276,438,50417,49116,0,11488,22855951,49,0,48292
2256,483418,116.18176799999988,0,15,5,5234,269,50431,49043,0,13246,26615233,49,0,57250
2257,483522,116.23175599999988,0,15,6,5257,287,49988,48965,0,13515,27159958,47,0,50398
2258,483616,116.28149499999988,0,15,7,5353,269,49739,48124,0,14243,28634158,37,0,40497
2259,483706,116.33147599999988,0,15,8,5452,271,49981,49083,0,14589,29333289,41,0,56590
2260,483810,116.38156599999988,0,15,9,5585,306,50090,48329,0,11363,22803677,44,0,49508
2261,483901,116.43256999999988,0,15,10,5665,282,51004,49693,0,11326,22711812,44,0,49031
2262,483991,116.46426899999989,0,15,11,2345,212,31699,27460,0,7468,14924128,28,0,30726
2263,484081,116.51481499999989,0,15,12,4036,268,50546,36461,0,7491,14958320,39,0,57590
2264,484186,116.56462799999989,0,15,13,5294,268,49813,48558,0,13961,28060070,39,0,41625
2265,484276,116.61481099999989,0,15,14,5460,269,50183,48789,0,14767,29688422,37,0,45653
2266,484366,116.66471699999988,0,15,15,5389,308,49906,48275,0,12940,25988747,49,0,61113
2267,484458,116.71442399999988,0,15,16,6145,277,49707,49073,0,11270,22594614,43,0,50769
2268,484590,116.76448099999988,0,15,17,2805,219,50057,32761,0,9636,19310530,26,0,37960
2269,484681,116.81494599999988,0,15,18,3982,267,50465,37419,0,7301,14569772,37,0,56590
2270,484771,116.86487399999987,0,15,19,5367,269,49928,48549,0,14260,28661747,38,0,47119
2271,484861,116.91430299999988,0,15,20,5519,308,49429,48786,0,14131,28402041,50,0,56075
2272,484966,116.96459799999988,0,15,21,6297,283,50295,50012,0,11450,22960633,47,0,50015
2273,485056,117.01417199999989,0,15,22,2984,213,49574,31456,0,10663,21390205,25,0,39758
2274,485146,117.06444799999989,0,15,23,3501,267,50276,32396,0,4914,9736097,37,0,58292
2275,485238,117.11456099999988,0,15,24,5481,269,50113,49045,0,14912,29987364,38,0,46480
2276,485345,117.16485099999989,0,15,25,5362,289,50290,48624,0,14269,28685289,41,0,52375
2277,485436,117.21465499999988,0,15,26,6053,289,49804,49060,0,11263,22596620,51,0,48278
2278,485527,117.26417699999988,0,15,27,5420,303,49522,49054,0,11842,23756712,48,0,54162
2279,485617,117.31455699999988,0,15,28,2531,191,50380,27178,0,9143,18316003,20,0,38685
2280,485724,117.36426399999988,0,15,29,3907,267,49707,35572,0,7079,14124020,37,0,54932
2281,485814,117.41469399999988,0,16,0,5519,269,50430,49110,0,15014,30192395,37,0,47149
2282,485905,117.46429399999988,0,16,1,5523,309,49600,48389,0,13113,26342870,44,0,50335
2283,485996,117.51500999999988,0,16,2,6070,282,50716,49925,0,11392,22845462,53,0,55622
2284,486100,117.56514599999987,0,16,3,4761,268,50136,42567,0,11239,22548020,39,0,48775
2285,486190,117.61473999999987,0,16,4,3161,253,49594,33034,0,11291,22661905,32,0,52435
2286,486281,117.66433199999987,0,16,5,4439,228,49592,42130,0,9927,19887422,33,0,39010
2287,486413,117.71468399999988,0,16,6,5354,308,50352,49068,0,12852,25804471,44,0,59394
2288,486503,117.76448799999987,0,16,7,6063,270,49804,49178,0,11344,22746214,40,0,48123
2289,486594,117.81460999999987,0,16,8,4953,269,50122,45556,0,11255,22553606,39,0,49858
2290,486684,117.86439299999988,0,16,9,4042,266,49783,40875,0,11326,22722147,36,0,50033
2291,486791,117.91425599999988,0,16,10,4721,268,49863,44531,0,11377,22813039,39,0,49210
2292,486883,117.96522199999988,0,16,11,5716,282,50966,49427,0,11135,22310606,44,0,52291
2293,486976,118.01497799999989,0,16,12,4614,255,49756,42190,0,11160,22385997,34,0,49428
2294,487081,118.06466599999989,0,16,13,3345,226,49688,37296,0,11171,22395889,31,0,39316
2295,487173,118.11457199999988,0,16,14,5178,309,49906,48200,0,11425,22914037,45,0,58862
2296,487263,118.16436099999989,0,16,15,5651,269,49789,48714,0,11156,22373869,39,0,50694
2297,487368,118.21455199999988,0,16,16,5300,281,50191,48724,0,11344,22737629,43,0,50015
2298,487458,118.26419099999988,0,16,17,3950,254,49639,38721,0,11148,22370052,32,0,49268
2299,487548,118.31436299999989,0,16,18,4132,267,50172,41865,0,11308,22681669,38,0,49170
2300,487653,118.36425899999989,0,16,19,5570,270,49896,48419,0,11223,22509544,41,0,49574
2301,487743,118.41470299999989,0,16,20,5564,269,50444,49644,0,11330,22713836,41,0,48901
2302,487835,118.44746599999989,0,16,21,2243,224,32763,29616,0,6587,13134027,33,0,28279
2303,487925,118.51492499999989,0,16,22,6493,310,67459,60743,0,16316,32822869,45,0,70495
2304,488029,118.5645619999999,0,16,23,5082,268,49637,48183,0,11428,22919362,39,0,42065
2305,488119,118.61446099999989,0,16,24,4453,268,49899,45166,0,11435,22929739,39,0,53017
2306,488209,118.66428599999989,0,16,25,4835,268,49825,45962,0,11390,22838614,39,0,50951
2307,488314,118.71428199999988,0,16,26,4657,267,49996,45836,0,11227,22508539,38,0,50567
2308,488404,118.76435899999989,0,16,27,5016,269,50077,45975,0,11357,22771789,39,0,50436
2309,488494,118.81455099999988,0,16,28,4881,268,50192,46006,0,11453,22966189,39,0,50376
2310,488587,118.86473999999988,0,16,29,4366,244,50189,43073,0,11472,23004664,35,0,49989
2311,488692,118.91487699999989,1,17,0,4975,291,50137,47015,7091024,11397,22852789,43,1,50107
2312,488782,118.96478599999989,1,17,1,5208,269,49909,47244,12875576,11352,22769259,38,0,50349
2313,488872,118.9978629999999,1,17,2,3435,226,33077,32319,8555098,7280,14521940,29,0,31783
2314,488880,119.01441299999989,1,17,3,2019,43,16550,16097,4894507,4123,8349075,9,0,20977
2315,488985,119.04784799999989,1,17,4,3261,226,33435,32437,8224494,9579,19175896,29,0,26895
2316,489074,119.08123599999989,1,17,5,3699,248,33388,32275,9311774,5940,11810719,29,0,23729
2317,489167,119.13133899999988,1,17,6,5212,287,50103,49050,12916968,13066,26240869,42,0,26278
2318,489270,119.16515699999988,1,17,7,3906,249,33818,33634,9812433,7014,13985569,28,0,23643
2319,489390,119.21457499999988,1,17,8,5518,270,49418,49086,13574986,14639,29426194,38,0,26857
2320,489411,119.24787399999988,1,17,9,3581,260,33299,32310,9021798,7415,14801598,32,0,24883
2321,489571,119.29791099999989,1,17,10,5517,274,50037,49545,13634784,12782,25663284,37,0,25305
2322,489677,119.34768999999989,1,17,11,5531,287,49779,49501,13687488,14674,29498588,41,0,26543
2323,489749,119.38131599999988,1,17,12,3904,249,33626,33222,9817683,6967,13891913,28,0,23139
2324,489858,119.43151199999988,1,17,13,5501,268,50196,49439,13554640,14731,29614013,35,0,27638
2325,489964,119.48165699999988,1,17,14,5358,287,50145,48849,13269599,13821,27771263,42,0,27107
2326,490036,119.51489999999988,1,17,15,3678,249,33243,32126,9291825,5862,11650490,30,0,24240
2327,490143,119.56436999999988,1,17,16,5379,268,49470,48002,13369595,14289,28715165,36,0,25755
2328,490185,119.59819199999988,1,17,17,3948,267,33822,33702,9986033,7493,14953265,34,0,24026
2329,490338,119.64794999999988,1,17,18,5531,287,49758,49631,13681874,14300,28737440,39,0,27769
2330,490429,119.69817299999988,1,17,19,5291,269,50223,48820,13178201,13850,27827709,37,0,24893
2331,490501,119.73164699999988,1,17,20,3765,249,33474,32981,9527966,6315,12569334,29,0,23811
2332,490651,119.78115199999988,1,17,21,5249,268,49505,47861,12992846,13574,27270328,37,0,24981
2333,490742,119.83100499999988,1,17,22,5532,287,49853,49293,13613509,14684,29518078,42,0,26154
2334,490814,119.86472699999987,1,17,23,3730,249,33722,32603,9351304,6133,12203822,29,0,24490
2335,490923,119.91491099999988,1,17,24,5490,287,50184,49960,13598038,14650,29446190,43,0,26581
2336,490943,119.94785299999988,1,17,25,3758,248,32942,32759,9441371,7633,15240563,29,0,24269
2337,491122,119.99772499999987,1,17,26,5332,269,49872,48283,13197585,12548,25193438,36,0,25940
2338,491214,120.04763699999988,1,17,27,5490,287,49912,49424,13660540,14643,29435813,42,0,26480
2339,491262,120.08192099999988,1,17,28,3855,248,34284,33207,9708470,6724,13398319,32,0,24926
2340,491408,120.13142599999988,1,17,29,5660,269,49505,48940,13924537,15569,31309444,35,0,24134
2341,491445,120.16465699999988,1,18,0,3761,267,33231,32151,9443893,7156,14273119,35,0,26131
2342,491589,120.21455199999988,1,18,1,5713,288,49895,49473,14059550,14536,29217619,42,0,27818
2343,491626,120.24791699999989,1,18,2,4046,248,33365,33246,10153900,8302,16593769,27,0,22525
2344,491784,120.29779799999989,1,18,3,5512,288,49881,48434,13592995,14163,28460775,40,0,27883
2345,491821,120.33086299999988,1,18,4,3954,248,33065,32880,10005311,8502,16997250,28,0,23544
2346,491964,120.38170799999988,1,18,5,5757,285,50845,50439,14075401,14562,29263433,39,0,27672
2347,492069,120.43127999999987,1,18,6,5560,271,49572,48481,13714719,15091,30334658,36,0,25364
2348,492158,120.46457999999987,1,18,7,3889,249,33300,32127,9648464,6807,13551963,29,0,24127
2349,492249,120.51523799999987,1,18,8,5826,287,50658,50106,14242155,16093,32353075,43,0,28398
2350,492340,120.54783099999987,1,18,9,3890,249,32593,32096,9683702,6818,13571200,27,0,23155
2351,492474,120.59778299999988,1,18,10,5589,287,49952,48594,13799122,14946,30030400,42,0,28359
2352,492564,120.63183899999989,1,18,11,4023,249,34056,33492,9890928,7402,14753800,27,0,24052
2353,492655,120.68101599999989,1,18,12,5696,287,49177,48660,13931979,15504,31161869,40,0,27675
2354,492745,120.71477099999989,1,18,13,3958,249,33755,32581,9816614,7143,14232363,27,0,24328
2355,492851,120.76441799999988,1,18,14,5624,287,49647,49053,13793822,15017,30177213,43,0,27984
2356,492940,120.79821799999988,1,18,15,4090,249,33800,33475,10188681,7871,15710361,27,0,23681
2357,493031,120.84802199999987,1,18,16,5528,287,49804,48462,13613200,14631,29399361,41,0,27319
2358,493105,120.88174299999987,1,18,17,3942,249,33721,32863,9861690,7156,14262486,28,0,24575
2359,493227,120.93174799999987,1,18,18,5687,287,50005,49511,14049779,15510,31183893,41,0,26656
2360,493299,120.96491399999987,1,18,19,4003,249,33166,32915,9920337,7445,14852268,27,0,23948
2361,493409,121.01497499999986,1,18,20,5563,287,50061,48436,13672211,14850,29847393,41,0,27347
2362,493452,121.04821099999987,1,18,21,4067,249,33236,33029,10067295,7735,15439518,27,0,22891
2363,493603,121.09810299999987,1,18,22,5616,268,49892,48367,13769436,15355,30870018,36,0,28067
2364,493640,121.13164799999987,1,18,23,3846,267,33545,32584,9652739,7419,14799618,36,0,24189
2365,493797,121.18153899999987,1,18,24,5739,288,49891,49580,14113148,14907,29962818,39,0,26961
2366,493818,121.21477699999987,1,18,25,3865,248,33238,32248,9672165,8051,16075620,28,0,24656
2367,493979,121.26471399999987,1,18,26,5575,269,49937,49012,13732346,13798,27711776,35,0,24894
2368,494070,121.31489999999987,1,18,27,5665,287,50186,49030,13883827,15375,30905201,42,0,27694
2369,494173,121.34770499999986,1,18,28,3783,249,32805,31963,9439982,6325,12578951,28,0,23857
2370,494267,121.39804199999986,1,18,29,5785,287,50337,49863,14234909,15986,32142476,41,0,26345
2371,494332,121.43418999999986,0,19,0,3283,246,36148,35173,7854458,5811,11538101,31,1,26219
2372,494464,121.49816399999986,0,19,1,6373,290,63974,61241,0,16941,34076351,46,0,47200
2373,494554,121.54796599999986,0,19,2,5284,269,49802,48094,0,13696,27512821,43,0,45551
2374,494645,121.59806799999986,0,19,3,5397,287,50102,48457,0,14170,28472671,44,0,58800
2375,494750,121.64808499999985,0,19,4,5770,291,50017,49090,0,11470,23005171,44,0,49024
2376,494840,121.69844099999985,0,19,5,5538,281,50356,48792,0,11561,23175554,44,0,48917
2377,494930,121.74758499999984,0,19,6,5327,291,49144,47988,0,12107,24263957,47,0,49336
2378,495054,121.79808699999984,0,19,7,5293,437,50502,49179,0,11635,23177940,52,0,49012
2379,495207,121.84776099999984,0,19,8,5198,269,49674,48653,0,13180,26471719,43,0,45850
2380,495299,121.89798799999984,0,19,9,5386,270,50227,49336,0,13986,28102350,38,0,52147
2381,495432,121.94819899999985,0,19,10,5239,285,50211,48751,0,13470,27058969,45,0,48690
2382,495523,121.99786499999985,0,19,11,5446,269,49666,48522,0,14475,29094094,39,0,42229
2383,495615,122.04752299999984,0,19,12,5081,308,49658,47816,0,12535,25165594,44,0,54995
2384,495719,122.09813199999984,0,19,13,5789,270,50609,48988,0,11535,23140594,44,0,57435
2385,495809,122.14750799999983,0,19,14,4789,268,49376,43654,0,11407,22877596,39,0,45302
2386,495899,122.19785399999984,0,19,15,4745,267,50346,43758,0,11520,23106421,36,0,51924
2387,496003,122.24765599999984,0,19,16,4163,267,49802,43113,0,11552,23171221,36,0,41718
2388,496093,122.29770799999983,0,19,17,5590,269,50052,48110,0,11492,23049721,40,0,52628
2389,496183,122.34791999999983,0,19,18,5581,276,50212,47497,0,11448,22942931,41,0,54098
2390,496288,122.39782999999983,0,19,19,4601,261,49910,41316,0,11496,23075511,34,0,40447
2391,496382,122.44794899999982,0,19,20,3456,266,50119,37752,0,11542,23150971,36,0,60729
2392,496473,122.49767899999982,0,19,21,5579,269,49730,47200,0,11626,23321071,39,0,47356
2393,496577,122.54758199999982,0,19,22,5731,282,49903,49280,0,11381,22807256,44,0,49514
2394,496668,122.59816099999982,0,19,23,4826,256,50579,41708,0,11422,22906452,35,0,51581
2395,496757,122.63127699999983,0,19,24,1764,205,33116,21218,0,4368,8643590,21,0,25147
2396,496895,122.69788799999982,0,19,25,7335,330,66611,63845,0,18563,37370775,53,0,73774
2397,496985,122.73130599999982,0,19,26,3050,225,33418,32263,0,7513,14994525,29,0,27727
2398,497076,122.78112399999982,0,19,27,4420,268,49818,39935,0,9404,18825319,41,0,53211
2399,497180,122.83084099999982,0,19,28,5382,269,49717,48156,0,14250,28638469,38,0,44895
2400,497274,122.88117499999983,0,19,29,5496,307,50334,49538,0,14603,29348737,41,0,59507
2401,497365,122.93109299999983,0,20,0,6022,271,49918,48710,0,11331,22724456,42,0,48100
2402,497455,122.98106299999984,0,20,1,3517,226,49970,35894,0,11047,22149356,30,0,38038
2403,497560,123.03090299999984,0,20,2,4048,267,49840,37963,0,7471,14907956,37,0,57999
2404,497650,123.08110999999984,0,20,3,5149,269,50207,49064,0,13049,26203406,39,0,44575
2405,497742,123.13071899999984,0,20,4,5386,268,49609,48497,0,14240,28612902,38,0,46420
2406,497846,123.18117399999984,0,20,5,5675,309,50455,49513,0,11668,23404602,50,0,59750
2407,497936,123.23101599999984,0,20,6,5411,269,49842,49195,0,11461,22977832,40,0,49510
2408,498026,123.28095299999984,0,20,7,3201,226,49937,35794,0,10002,20018800,31,0,43795
2409,498117,123.33107499999984,0,20,8,4420,268,50122,42866,0,9257,18510175,43,0,53441
2410,498221,123.38085399999984,0,20,9,5288,268,49779,48843,0,13672,27450550,38,0,46322
2411,498311,123.43162099999984,0,20,10,5612,309,50767,49826,0,13154,26401600,47,0,56386
2412,498401,123.48102599999983,0,20,11,5648,269,49405,48171,0,11505,23062375,43,0,50015
2413,498534,123.53116499999983,0,20,12,3621,226,50139,38382,0,11235,22515625,30,0,38918
2414,498624,123.58120199999983,0,20,13,4304,268,50037,40245,0,8678,17337700,38,0,53733
2415,498714,123.63097799999983,0,20,14,5353,268,49776,48703,0,13953,28023373,37,0,48639
2416,498804,123.68170699999983,0,20,15,5050,307,50729,48354,0,12338,24752998,45,0,56487
2417,498908,123.73097199999984,0,20,16,5372,270,49265,48193,0,11618,23294998,42,0,50158
2418,498999,123.78123499999984,0,20,17,4453,267,50263,43852,0,11682,23429155,37,0,49557
2419,499090,123.83111199999983,0,20,18,4521,228,49877,42034,0,10146,20318755,34,0,38732
2420,499180,123.88104999999983,0,20,19,4963,268,49938,47420,0,11981,24034630,38,0,50950
2421,499284,123.93200799999983,0,20,20,5075,275,50958,49388,0,12553,25192930,47,0,61158
2422,499375,123.98110499999983,0,20,21,4826,261,49097,47338,0,11479,23019599,37,0,36129
2423,499465,124.03130199999983,0,20,22,4639,268,50197,44332,0,10385,20804249,39,0,52494
2424,499555,124.08113999999982,0,20,23,5020,268,49838,48528,0,12325,24732749,38,0,48069
2425,499659,124.13139699999982,0,20,24,5206,308,50257,49648,0,11981,24032351,44,0,63546
2426,499750,124.18116899999983,0,20,25,3781,227,49772,37434,0,7476,14911245,34,0,41999
2427,499841,124.24812099999983,0,20,26,7314,318,66952,63652,0,15646,31437805,49,0,70163
2428,499975,124.29787199999983,0,20,27,4945,275,49751,48118,0,11691,23446620,42,0,50260
2429,500067,124.34859199999983,0,20,28,3117,212,50720,34507,0,11195,22459910,25,0,42532
2430,500159,124.39814599999983,0,20,29,4578,268,49554,44248,0,10136,20294707,38,0,50078
2431,500250,124.44791699999983,1,21,0,5286,275,49771,48140,6685075,13526,27159457,42,1,61327
2432,500355,124.49767299999984,1,21,1,5688,302,49756,49448,13872636,11501,23066427,40,0,41953
2433,500391,124.51451099999984,1,21,2,1725,206,16838,16338,4498743,861,1520427,22,0,22236
2434,500454,124.54741999999985,1,21,3,3843,63,32909,32281,9165907,10810,21890250,16,0,25742
2435,500545,124.58123499999985,1,21,4,3378,266,33815,33560,8422459,11439,22940877,32,0,32111
2436,500649,124.61519099999985,1,21,5,3804,227,33956,33459,9434726,6769,13487925,29,0,21299
2437,500697,124.64790399999985,1,21,6,3638,248,32713,31759,9107928,5711,11350032,29,0,24836
2438,500831,124.69826799999986,1,21,7,5593,269,50364,49842,13751790,15185,30534882,35,0,25337
2439,500936,124.74773699999986,1,21,8,5318,287,49469,48254,13138281,13776,27680138,43,0,26967
2440,501008,124.78180999999987,1,21,9,3713,249,34073,33293,9285911,6006,11945888,28,0,23993
2441,501117,124.83146999999987,1,21,10,5532,287,49660,49215,13510736,14711,29573513,42,0,27047
2442,501137,124.86467399999987,1,21,11,3840,248,33204,33004,9509331,8251,16495051,28,0,24118
2443,501311,124.91436699999987,1,21,12,5587,269,49693,49300,13625815,13485,27093901,35,0,24453
2444,501403,124.96495399999986,1,21,13,5474,287,50587,49410,13398940,14430,29007526,42,0,26365
2445,501469,124.99858599999986,1,21,14,3911,249,33632,33359,9702879,6966,13892926,29,0,24530
2446,501627,125.04780799999986,1,21,15,5437,287,49222,48948,13315246,14272,28683778,40,0,26435
2447,501718,125.09834599999986,1,21,16,5409,268,50538,49719,13315091,14366,28874128,35,0,25476
2448,501754,125.13132699999987,1,21,17,3696,248,32981,31854,9147578,6170,12277228,29,0,24366
2449,501911,125.18153699999988,1,21,18,5360,269,50210,48853,13038253,13711,27547753,37,0,25305
2450,502003,125.23201199999988,1,21,19,5516,287,50475,49932,13475685,14697,29542884,42,0,27730
2451,502067,125.26498699999988,1,21,20,3794,248,32975,32673,9453244,6457,12856884,29,0,24286
2452,502184,125.33102899999987,1,21,21,5855,288,66042,65674,14315397,16337,32863884,45,0,27099
2453,502263,125.36535399999987,1,21,22,3975,249,34325,34019,9859967,7339,14642934,29,0,24180
2454,502377,125.41410399999987,1,21,23,5296,268,48750,47642,12838152,13629,27380184,35,0,24993
2455,502470,125.46497799999986,1,21,24,5412,287,50874,49173,13223327,14167,28469634,42,0,27209
2456,502511,125.49828699999986,1,21,25,3718,248,33309,32314,9280347,6562,13073307,29,0,24212
2457,502669,125.54790699999987,1,21,26,5452,269,49620,49180,13334667,14007,28149432,35,0,24088
2458,502760,125.59791599999987,1,21,27,5202,268,50009,49350,12675939,13225,26565882,36,0,25279
2459,502781,125.63104899999988,1,21,28,3713,267,33133,33015,9249889,7735,15448632,35,0,25554
2460,502956,125.68077299999987,1,21,29,5614,269,49724,49327,13631787,13540,27203757,35,0,24357
2461,503051,125.73133799999988,1,22,0,5620,287,50565,49580,13721309,15090,30342507,42,0,26844
2462,503123,125.76479799999989,1,22,1,3927,249,33460,32400,9649929,7080,14130357,29,0,24363
2463,503276,125.81442199999988,1,22,2,5615,270,49624,48147,13612840,15103,30360732,36,0,26767
2464,503313,125.84804099999988,1,22,3,3900,265,33619,33134,9692209,7700,15377757,33,0,23989
2465,503459,125.89776099999987,1,22,4,5505,269,49720,47938,13503711,14001,28137282,35,0,27117
2466,503566,125.94735499999987,1,22,5,5547,287,49594,48563,13611602,14821,29793984,41,0,26788
2467,503654,125.98176299999987,1,22,6,4036,249,34408,33297,9911094,7626,15228666,28,0,24385
2468,503749,126.03128699999988,1,22,7,5670,287,49524,49142,13782829,15359,30880396,42,0,28465
2469,503828,126.06545099999988,1,22,8,4004,249,34164,33183,9891421,7442,14843914,29,0,24209
2470,503943,126.11459099999988,1,22,9,5648,287,49140,48509,13697954,15143,30436920,41,0,26303
2471,503979,126.14808799999987,1,22,10,3910,248,33497,32697,9661308,7487,14933520,29,0,24603
2472,504123,126.19814199999988,1,22,11,5850,269,50054,49508,14149250,15863,31894920,33,0,25719
2473,504165,126.23154899999987,1,22,12,3919,267,33407,33164,9673758,7545,15050970,34,0,25674
2474,504318,126.28120199999988,1,22,13,5771,269,49653,49170,14065072,15373,30904189,35,0,24238
2475,504409,126.33137899999988,1,22,14,5654,288,50177,48566,13743698,15360,30879383,39,0,28485
2476,504512,126.36470499999989,1,22,15,3933,248,33326,32990,9744360,7060,14075681,27,0,24364
2477,504605,126.41445399999989,1,22,16,5544,287,49749,48054,13557342,14865,29880806,41,0,27193
2478,504693,126.4482629999999,1,22,17,3827,249,33809,32781,9438062,6571,13085456,29,0,24418
2479,504799,126.4980079999999,1,22,18,5690,287,49745,49374,13745860,15405,30978863,42,0,27738
2480,504871,126.5317569999999,1,22,19,4109,249,33749,33487,10083638,7976,15935138,27,0,23217
2481,504979,126.5811549999999,1,22,20,5687,270,49398,48794,13792404,15437,31043663,36,0,29323
2482,505016,126.6149719999999,1,22,21,3919,265,33817,32864,9752227,7457,14884163,32,0,23264
2483,505176,126.66484399999989,1,22,22,5696,288,49872,49555,13843771,15079,30318713,41,0,28614
2484,505213,126.69789499999989,1,22,23,4022,248,33051,32892,9935690,8270,16530488,28,0,23775
2485,505357,126.74820999999989,1,22,24,5701,269,50315,48739,13832308,14900,29956238,35,0,25772
2486,505462,126.79813799999988,1,22,25,5793,288,49928,49664,14087555,15922,32021990,41,0,27642
2487,505552,126.83129599999988,1,22,26,3825,248,33158,32183,9388799,6555,13053815,29,0,24094
2488,505643,126.88128499999988,1,22,27,5645,287,49989,48888,13723837,15207,30574115,42,0,27585
2489,505732,126.91472699999987,1,22,28,4024,249,33442,33014,9884963,7548,15066159,27,0,23128
2490,505838,126.96448399999987,1,22,29,5498,287,49757,49212,13363695,14442,29026509,41,0,29120
2491,505904,127.00272899999987,0,23,0,3620,248,38245,37694,8548713,7536,15041859,33,1,26469
2492,506022,127.06468899999987,0,23,1,6559,288,61960,60948,0,17974,36177290,47,0,46762
2493,506155,127.11450099999988,0,23,2,5332,269,49812,48424,0,13929,27993760,42,0,44368
2494,506245,127.16435699999988,0,23,3,5241,268,49856,47999,0,13459,27042010,38,0,48852
2495,506336,127.21440599999988,0,23,4,5456,309,50049,48964,0,12714,25531866,46,0,60712
2496,506427,127.26443199999989,0,23,5,5873,269,50026,48458,0,11854,23792645,39,0,47964
2497,506534,127.31475299999988,0,23,6,5367,282,50321,48903,0,11949,23968849,45,0,50394
2498,506624,127.36456799999988,0,23,7,5204,289,49815,48134,0,12153,24404196,43,0,50302
2499,506725,127.41493499999987,0,23,8,4990,433,50367,48479,0,11830,23595051,49,0,48973
2500,506847,127.46463399999988,0,23,9,5313,273,49699,48031,0,11787,23627139,39,0,48796
2501,506991,127.51481699999988,0,23,10,5314,269,50183,48994,0,13772,27681152,37,0,44442
2502,507096,127.56481099999988,0,23,11,5354,287,49994,48969,0,13907,27954527,45,0,55778
2503,507189,127.61468599999988,0,23,12,5136,268,49875,48178,0,13021,26161896,48,0,49171
2504,507279,127.66444699999988,0,23,13,5494,269,49761,48936,0,14816,29796771,36,0,44301
2505,507385,127.71417799999988,0,23,14,5434,268,49731,48443,0,14458,29068023,39,0,45105
2506,507475,127.76430299999987,0,23,15,5670,309,50125,48787,0,11857,23799479,54,0,59555
2507,507566,127.81455499999987,0,23,16,5802,270,50252,49057,0,11895,23858739,40,0,49325
2508,507656,127.86465999999987,0,23,17,3017,225,50105,34003,0,10576,21224663,29,0,39742
2509,507789,127.91464599999988,0,23,18,4497,268,49986,41958,0,9785,19605198,39,0,56417
2510,507880,127.96429499999988,0,23,19,5475,268,49649,48596,0,14650,29456823,39,0,42440
2511,507970,128.01406699999987,0,23,20,5717,309,49772,48871,0,12106,24309780,53,0,58772
2512,508061,128.06417199999987,0,23,21,5758,282,50105,49123,0,11681,23431465,45,0,54571
2513,508168,128.11407599999987,0,23,22,3049,213,49904,32336,0,10779,21640295,25,0,35183
2514,508258,128.16477599999988,0,23,23,4245,267,50700,39738,0,8631,17272905,38,0,58583
2515,508349,128.21459799999988,0,23,24,5629,269,49822,49167,0,15401,30985953,36,0,44982
2516,508457,128.2644179999999,0,23,25,5407,309,49820,48436,0,12326,24759078,44,0,52973
2517,508548,128.3144659999999,0,23,26,5843,269,50048,48675,0,11821,23736453,39,0,50086
2518,508639,128.3646489999999,0,23,27,4134,267,50183,40326,0,11676,23442828,37,0,48297
2519,508730,128.4142719999999,0,23,28,4232,227,49623,39217,0,11466,23017578,30,0,47274
2520,508838,128.4645719999999,0,23,29,5077,308,50300,47238,0,12138,24378378,51,0,52563
2521,508928,128.5145989999999,0,24,0,6132,270,50027,49415,0,11943,23983503,38,0,54451
2522,509018,128.5642519999999,0,24,1,4692,268,49653,42949,0,11867,23828084,38,0,43363
2523,509150,128.6145129999999,0,24,2,3558,226,50261,38994,0,10492,21043709,37,0,46798
2524,509242,128.6648119999999,0,24,3,5163,275,50299,48738,0,13092,26308709,41,0,61446
2525,509333,128.7146049999999,0,24,4,5781,303,49793,48908,0,11891,23872886,44,0,49105
2526,509438,128.7647909999999,0,24,5,5657,281,50186,49500,0,11861,23794446,49,0,51704
2527,509530,128.81447099999988,0,24,6,4006,254,49680,39563,0,12025,24155850,31,0,47890
2528,509622,128.86453599999987,0,24,7,3833,227,50065,36760,0,10009,20051203,29,0,40838
2529,509727,128.91411099999988,0,24,8,5283,271,49575,48568,0,13669,27462703,41,0,60644
2530,509820,128.96486799999988,0,24,9,5061,305,50757,49943,0,11903,23886553,44,0,49732
2531,509911,129.01431099999988,0,24,10,5823,270,49443,48499,0,11840,23763535,39,0,47512
2532,510015,129.06461099999987,0,24,11,4951,268,50300,44797,0,11859,23802010,36,0,49317
2533,510106,129.11440899999988,0,24,12,3918,266,49798,41015,0,11885,23853141,36,0,51311
2534,510197,129.16424799999987,0,24,13,4896,268,49839,45305,0,11930,23944266,38,0,49636
2535,510289,129.21431599999988,0,24,14,6051,270,50068,49386,0,11817,23714682,39,0,37738
2536,510394,129.26438099999987,0,24,15,5010,268,50065,45520,0,11867,23815932,41,0,50523
2537,510485,129.31413699999987,0,24,16,3663,266,49756,39755,0,11742,23562807,39,0,59408
2538,510578,129.36407399999987,0,24,17,4752,268,49937,45366,0,11921,23929839,39,0,52182
2539,510668,129.41409699999988,0,24,18,5335,269,50023,48810,0,11750,23583564,41,0,38624
2540,510800,129.46463099999988,0,24,19,5062,268,50534,47515,0,11936,23960214,38,0,51455
2541,510892,129.5143849999999,0,24,20,4239,267,49754,44209,0,11884,23853395,37,0,49689
2542,510982,129.5643189999999,0,24,21,5000,268,49934,47571,0,11898,23883264,40,0,58708
2543,511073,129.6144319999999,0,24,22,5277,269,50113,47084,0,11898,23883264,41,0,41242
2544,511177,129.6643239999999,0,24,23,5005,268,49892,46577,0,11763,23609889,39,0,49972
2545,511275,129.7147709999999,0,24,24,4186,266,50447,43440,0,11788,23658235,38,0,50633
2546,511365,129.7644179999999,0,24,25,4861,231,49647,46214,0,11767,23615710,35,0,49972
2547,511477,129.8145009999999,0,24,26,5160,306,50083,48782,0,11763,23609129,44,0,50602
2548,511567,129.8644169999999,0,24,27,5194,269,49916,48491,0,11823,23730629,47,0,49495
2549,511657,129.91489599999989,0,24,28,4282,266,50479,44890,0,11948,23983754,36,0,55435
2550,511751,129.9644229999999,0,24,29,4855,229,49527,45473,0,11728,23538254,33,0,38760
2551,511871,130.0139719999999,1,25,0,5650,309,49549,48862,8405153,12010,24109304,46,1,53963
2552,511962,130.0640569999999,1,25,1,5568,269,50085,48468,13639671,11741,23572174,37,0,53483
2553,512051,130.0812229999999,1,25,2,1562,206,17166,16610,4103855,2631,5124424,20,0,14546
2554,512061,130.11449399999992,1,25,3,3845,97,33271,32558,9222246,9797,19821235,24,0,38378
2555,512194,130.14800699999992,1,25,4,3191,232,33513,33016,8004042,11151,22395114,28,0,27016
2556,512287,130.18113599999992,1,25,5,3527,226,33129,31987,8795743,6801,13572472,29,0,19772
2557,512359,130.21493999999993,1,25,6,3719,249,33804,32837,9231502,6256,12468847,28,0,24021
2558,512466,130.26491699999994,1,25,7,5461,270,49977,49151,13353884,14553,29268753,39,0,25345
2559,512586,130.31423599999994,1,25,8,5099,285,49319,47883,12588978,13086,26299597,39,0,25281
2560,512648,130.34826599999994,1,25,9,4007,249,34030,33884,9921316,7719,15431422,28,0,23578
2561,512767,130.39763799999994,1,25,10,5479,287,49372,48769,13404631,14691,29549722,42,0,27183
2562,512886,130.44732799999994,1,25,11,5161,268,49690,48816,12650260,13343,26820022,35,0,25529
2563,512934,130.48165999999995,1,25,12,3768,248,34332,33042,9383782,7352,14688247,30,0,24103
2564,513067,130.53087399999995,1,25,13,5246,269,49214,48055,12860103,13007,26139622,36,0,24647
2565,513159,130.58078999999995,1,25,14,5567,287,49916,49442,13639961,15102,30381997,43,0,25992
2566,513200,130.61460199999996,1,25,15,3817,248,33812,32759,9510661,7566,15119318,28,0,24706
2567,513372,130.66421999999997,1,25,16,5339,269,49618,48893,13035074,13522,27180218,36,0,25233
2568,513463,130.71433499999998,1,25,17,5477,287,50115,48477,13473073,14841,29855750,44,0,26456
2569,513500,130.74832599999996,1,25,18,3859,248,33991,32910,9653087,7188,14356906,28,0,23755
2570,513674,130.79806399999995,1,25,19,5524,287,49738,49144,13503930,14750,29669956,40,0,25870
2571,513765,130.84761399999996,1,25,20,5406,269,49550,48161,13216219,14510,29183956,37,0,25365
2572,513853,130.88176699999997,1,25,21,3923,249,34153,33741,9705292,7350,14684956,28,0,23769
2573,513972,130.93162299999997,1,25,22,5432,270,49856,48149,13243426,14412,28983987,40,0,26243
2574,514063,130.98141799999996,1,25,23,5473,285,49795,48683,13427162,14858,29887137,39,0,25889
2575,514157,131.01462199999997,1,25,24,3835,249,33204,32798,9541038,6871,13713462,27,0,23905
2576,514249,131.06452999999996,1,25,25,5612,287,49908,49332,13787025,15401,30990510,41,0,26483
2577,514331,131.09854899999996,1,25,26,3832,248,34019,33131,9480117,6846,13666635,27,0,24143
2578,514461,131.14799499999995,1,25,27,5570,271,49446,48827,13518696,15223,30630060,36,0,25952
2579,514556,131.19801099999995,1,25,28,5498,285,50016,48775,13373413,14838,29850435,41,0,25848
2580,514660,131.23125799999994,1,25,29,3860,249,33247,32675,9551684,6979,13935960,27,0,23894
2581,514768,131.28100199999994,1,26,0,5605,287,49744,49004,13778842,15364,30915585,40,0,26960
2582,514840,131.31511199999994,1,26,1,4016,249,34110,33521,9923427,7834,15667335,27,0,22631
2583,514977,131.36466199999995,1,26,2,5724,287,49550,48786,13975427,16063,32331060,39,0,27555
2584,515065,131.39835899999994,1,26,3,4085,249,33697,33316,10179754,8108,16222185,27,0,23376
2585,515159,131.44751899999994,1,26,4,5723,287,49160,48861,13939382,15915,32031360,40,0,28694
2586,515248,131.48192299999994,1,26,5,4040,249,34404,33234,10006167,7922,15841737,29,0,23966
2587,515369,131.53136299999994,1,26,6,5644,287,49440,48817,13790025,15665,31519793,41,0,26925
2588,515405,131.56468199999995,1,26,7,3948,249,33319,32323,9721763,7332,14637873,28,0,23693
2589,515551,131.61495899999994,1,26,8,5807,287,50277,50159,13943051,16022,32230566,41,0,28114
2590,515621,131.64831899999993,1,26,9,3935,248,33360,33197,9665366,7812,15605316,30,0,24788
2591,515760,131.69788099999994,1,26,10,5690,288,49562,48966,13687370,14885,29926622,38,0,26899
2592,515855,131.74768299999994,1,26,11,5811,268,49802,49250,14072908,16266,32723147,35,0,25919
2593,515972,131.78144299999994,1,26,12,3855,249,33760,32595,9434162,6695,13341872,28,0,24909
2594,516064,131.83143399999994,1,26,13,5640,287,49991,48887,13630639,15362,30891028,42,0,27737
2595,516152,131.86506899999995,1,26,14,3981,249,33635,33062,9786656,7394,14755828,27,0,23053
2596,516245,131.91441999999995,1,26,15,5784,287,49351,49187,13821091,15930,32045026,41,0,29276
2597,516324,131.94872399999994,1,26,16,3989,249,34304,33412,9760386,7379,14729251,27,0,24242
2598,516453,131.99836799999994,1,26,17,5713,268,49644,48906,13713694,15884,31951876,33,0,26055
2599,516544,132.04812399999994,1,26,18,5551,287,49756,48100,13390864,14859,29879289,41,0,27276
2600,516635,132.08113799999995,1,26,19,3938,249,33014,32600,9626468,7116,14199714,27,0,23464
2601,516754,132.13134299999996,1,26,20,5641,287,50205,48629,13688464,15296,30764214,42,0,29140
2602,516826,132.16493899999995,1,26,21,3930,249,33596,32737,9625064,7101,14169339,28,0,24226
2603,516936,132.21462099999994,1,26,22,5660,287,49682,49208,13609422,15416,31007214,40,0,27488
2604,516991,132.24794699999993,1,26,23,4143,248,33326,33218,10088582,8171,16336089,27,0,23514
2605,517144,132.29825199999993,1,26,24,5607,269,50305,48798,13464591,15288,30752571,33,0,27014
2606,517237,132.34801999999993,1,26,25,5546,287,49768,48529,13389716,14785,29730198,41,0,27505
2607,517339,132.38151499999992,1,26,26,3845,249,33495,32400,9436703,6693,13343898,28,0,23889
2608,517445,132.43134999999992,1,26,27,5746,287,49835,49397,13769185,15805,31795698,40,0,26903
2609,517518,132.46502399999991,1,26,28,4139,249,33674,33315,10028422,8092,16173835,27,0,24294
2610,517659,132.51469699999993,1,26,29,5656,268,49673,48646,13517420,15567,31310710,35,0,26529
2611,517752,132.56448399999994,0,27,0,4558,268,49787,47145,8743581,10092,20223835,38,1,26978
2612,517845,132.63099199999994,0,27,1,6904,325,66508,64133,0,21491,43306810,52,0,59475
2613,517939,132.68108799999993,0,27,2,5951,273,50096,49360,0,12082,24261180,46,0,51131
2614,518058,132.73097099999993,0,27,3,5559,269,49883,48412,0,12051,24182234,41,0,45588
2615,518150,132.78105299999993,0,27,4,5159,298,50082,48445,0,12342,24789199,44,0,50600
2616,518242,132.83095099999994,0,27,5,5328,281,49898,48689,0,12562,25126725,43,0,50418
2617,518371,132.88204899999994,0,27,6,5059,429,51098,49089,0,12135,24303731,49,0,50517
2618,518515,132.93166399999993,0,27,7,5397,269,49615,48811,0,12651,25418722,42,0,49368
2619,518623,132.98095199999992,0,27,8,5361,268,49288,48163,0,14071,28294222,39,0,43668
2620,518745,133.0307809999999,0,27,9,5161,287,49829,48422,0,13046,26218597,45,0,55527
2621,518835,133.0809739999999,0,27,10,5452,268,50193,49006,0,14511,29185222,40,0,47959
2622,518926,133.13068399999992,0,27,11,5320,269,49710,48153,0,13957,28063372,39,0,49909
2623,519016,133.18097899999992,0,27,12,5511,268,50295,49056,0,14857,29885872,37,0,44981
2624,519135,133.23107599999992,0,27,13,5333,308,50097,48758,0,12991,26107222,46,0,58280
2625,519226,133.2810029999999,0,27,14,6169,270,49927,49340,0,12024,24145249,38,0,49814
2626,519317,133.3309099999999,0,27,15,3453,226,49907,36721,0,11844,23780749,30,0,38548
2627,519435,133.3811059999999,0,27,16,4163,267,50196,38941,0,8172,16346468,37,0,57363
2628,519526,133.4308089999999,0,27,17,5228,269,49703,48529,0,13460,27054668,42,0,46992
2629,519617,133.4811099999999,0,27,18,5321,268,50301,48789,0,13893,27931493,38,0,45524
2630,519736,133.5309569999999,0,27,19,5192,295,49847,48376,0,13251,26626886,40,0,60041
2631,519827,133.5807589999999,0,27,20,5474,282,49802,48223,0,12099,24292567,44,0,50262
2632,519918,133.63108099999988,0,27,21,4146,227,50322,40181,0,10860,21783592,32,0,39716
2633,520009,133.68067899999988,0,27,22,4681,268,49598,42053,0,10793,21647917,38,0,49837
2634,520137,133.7309949999999,0,27,23,5433,268,50316,48925,0,14581,29318617,41,0,46292
2635,520227,133.78084699999988,0,27,24,5756,309,49852,49141,0,12261,24624415,48,0,63472
2636,520324,133.83108599999989,0,27,25,5767,276,50239,48891,0,11949,23974925,42,0,49887
2637,520414,133.88085499999988,0,27,26,2478,218,49769,29757,0,7834,15677430,32,0,44299
2638,520519,133.93112399999987,0,27,27,4498,268,50269,40890,0,9772,19585709,38,0,54573
2639,520612,133.98095499999988,0,27,28,5360,268,49831,48534,0,14109,28372691,36,0,43768
2640,520703,134.03103999999988,0,27,29,5413,269,50085,48336,0,14452,29067266,37,0,49012
2641,520807,134.08092999999988,0,28,0,5322,270,49890,48389,0,13927,28004141,38,0,55548
2642,520898,134.1306389999999,0,28,1,5484,307,49709,48118,0,12043,24189041,47,0,50351
2643,520989,134.18092899999988,0,28,2,5298,269,50290,49254,0,12084,24273585,41,0,49087
2644,521082,134.2310069999999,0,28,3,3703,226,50078,36277,0,10451,20966760,30,0,40945
2645,521186,134.2811549999999,0,28,4,4364,267,50148,43137,0,9296,18624087,38,0,54516
2646,521277,134.3308619999999,0,28,5,5376,269,49707,48449,0,14334,28826037,39,0,45403
2647,521370,134.3805109999999,0,28,6,5307,268,49649,48203,0,13931,28002367,40,0,47326
2648,521461,134.4306269999999,0,28,7,5342,308,50116,48768,0,12648,25398216,46,0,62464
2649,521568,134.4805419999999,0,28,8,5267,269,49915,48136,0,12130,24349266,39,0,49857
2650,521660,134.5311199999999,0,28,9,3756,227,50578,37224,0,8906,17820666,32,0,43838
2651,521751,134.5808909999999,0,28,10,4758,267,49771,43544,0,11037,22134422,39,0,51119
2652,521842,134.6308189999999,0,28,11,5424,269,49928,48355,0,14474,29094347,38,0,46713
2653,521975,134.6809799999999,0,28,12,5341,275,50161,49031,0,13853,27836822,42,0,59225
2654,522065,134.73112399999988,0,28,13,5378,302,50144,48861,0,12117,24321422,42,0,49170
2655,522155,134.79753399999987,0,28,14,6747,323,66410,58969,0,12946,25862331,55,0,52972
2656,522246,134.84800199999987,0,28,15,4077,214,50468,35858,0,11352,22917709,24,0,60095
2657,522265,134.88137299999985,0,28,16,907,161,33371,11130,0,815,1520143,22,0,37093
2658,522441,134.94782899999984,0,28,17,6513,332,66456,64918,0,17657,35477418,54,0,58706
2659,522532,134.99748299999985,0,28,18,5059,268,49654,48069,0,12544,25199759,39,0,51800
2660,522636,135.04747599999985,0,28,19,5298,268,49993,49267,0,13859,27862634,39,0,44653
2661,522726,135.09799399999986,0,28,20,5076,269,50518,48822,0,12774,25665509,40,0,50524
2662,522816,135.14762799999986,0,28,21,5324,268,49634,48815,0,13943,28032734,38,0,49028
2663,522921,135.19762299999985,0,28,22,5127,268,49995,48257,0,12946,26013809,39,0,46979
2664,523011,135.24786899999984,0,28,23,5228,308,50246,49507,0,12422,24952709,50,0,57928
2665,523104,135.29763599999984,0,28,24,5130,269,49767,48230,0,12239,24578336,41,0,51801
2666,523194,135.34776099999985,0,28,25,4258,227,50125,39774,0,10330,20709573,32,0,41118
2667,523327,135.39788699999986,0,28,26,4547,268,50126,43502,0,9991,20023098,38,0,52353
2668,523417,135.44759399999987,0,28,27,5166,268,49707,48631,0,13100,26318823,41,0,47440
2669,523507,135.51438399999986,0,28,28,7354,334,66790,64575,0,15114,30384790,54,0,73000
2670,523600,135.56434399999986,0,28,29,5201,279,49960,48671,0,12616,25343280,43,0,51697
2671,523708,135.61398299999988,1,29,0,2524,191,49639,25890,5767180,9470,18985013,20,1,41579
2672,523798,135.66415699999988,1,29,1,4663,268,50174,40966,11200974,10712,21495275,35,0,49873
2673,523806,135.68046099999987,1,29,2,2130,42,16304,15649,4995777,3488,7063200,8,0,22275
2674,523897,135.71396599999986,1,29,3,3313,226,33505,32213,8162134,11099,22278950,28,0,27123
2675,523988,135.74782199999984,1,29,4,3659,267,33856,32757,8966194,5784,11516075,33,0,30607
2676,524029,135.78097699999984,1,29,5,3897,248,33155,33111,9577591,8209,16430498,27,0,23211
2677,524183,135.83119299999984,1,29,6,5510,269,50216,48575,13306802,13889,27932498,34,0,26909
2678,524275,135.88143599999984,1,29,7,5524,287,50243,49220,13395003,14929,30038498,43,0,27466
2679,524295,135.91460999999984,1,29,8,3708,248,33174,31917,9131874,7429,14850998,30,0,25018
2680,524471,135.96447099999983,1,29,9,5711,269,49861,49483,13781709,14655,29483648,34,0,24485
2681,524562,136.01492799999983,1,29,10,5440,287,50457,49061,13190988,14434,29037642,42,0,28783
2682,524598,136.04817799999984,1,29,11,3804,248,33250,32180,9370450,7165,14317917,28,0,24608
2683,524743,136.09812899999983,1,29,12,5543,269,49951,49335,13333016,14439,29047767,35,0,25296
2684,524850,136.14801299999982,1,29,13,5418,287,49884,48249,12996782,14294,28754142,41,0,26916
2685,524886,136.18134399999983,1,29,14,3896,248,33331,32988,9523094,7924,15854892,28,0,24310
2686,525032,136.23133999999982,1,29,15,5501,269,49996,48264,13215890,14071,28298769,34,0,25135
2687,525167,136.28110299999983,1,29,16,5423,287,49763,48680,13055151,14339,28841469,42,0,27159
2688,525203,136.31480399999984,1,29,17,4001,248,33701,33611,9795535,8181,16371519,28,0,23216
2689,525351,136.36516699999984,1,29,18,5651,269,50363,49180,13568684,14993,30165819,35,0,27743
2690,525443,136.41488299999983,1,29,19,5494,287,49716,49268,13258553,14574,29315825,42,0,27486
2691,525522,136.44823699999984,1,29,20,3952,249,33354,32920,9605196,7309,14604200,27,0,23582
2692,525639,136.49831699999984,1,29,21,5519,287,50080,49290,13310590,14839,29852450,42,0,28652
2693,525731,136.54802099999984,1,29,22,5645,268,49704,49387,13667980,15594,31381325,37,0,26271
2694,525836,136.58160099999984,1,29,23,3778,249,33580,32203,9261276,6409,12781700,28,0,24443
2695,525927,136.63136699999984,1,29,24,5470,287,49766,49000,13214521,14666,29503644,43,0,26633
2696,526020,136.68129799999983,1,29,25,5570,268,49931,48414,13431015,15258,30706242,35,0,25492
2697,526112,136.71501499999982,1,29,26,3838,249,33717,33098,9415756,6773,13524117,28,0,24134
2698,526217,136.76450399999982,1,29,27,5611,287,49489,48908,13494857,15268,30726492,41,0,26294
2699,526253,136.79820699999982,1,29,28,3830,248,33703,32708,9373035,7773,15549117,28,0,24614
2700,526401,136.8481369999998,1,29,29,5716,269,49930,49226,13697042,14856,29887635,35,0,25449
2701,526508,136.8978409999998,1,30,0,5612,287,49704,48678,13535838,15338,30866723,41,0,27035
2702,526598,136.9314639999998,1,30,1,4042,249,33623,33277,9821039,7740,15480773,29,0,24455
2703,526692,136.9812659999998,1,30,2,5657,287,49802,48267,13561823,15465,31123898,41,0,27768
2704,526753,137.0149849999998,1,30,3,3981,249,33719,32735,9714020,7520,15035273,29,0,23292
2705,526886,137.0643519999998,1,30,4,5795,268,49367,49019,14004865,16307,32828948,35,0,28895
2706,526923,137.0978069999998,1,30,5,3851,267,33455,32217,9460836,7588,15169175,33,0,24654
2707,527081,137.1477109999998,1,30,6,5752,269,49904,49401,13796305,15276,30737375,34,0,25060
2708,527175,137.1978229999998,1,30,7,5632,287,50112,48594,13521956,15304,30784961,42,0,27125
2709,527266,137.2313599999998,1,30,8,4010,249,33537,33036,9708750,7496,14969204,27,0,23122
2710,527358,137.28137999999979,1,30,9,5863,287,50020,49445,14038638,16416,33032204,42,0,28608
2711,527453,137.3150569999998,1,30,10,3925,249,33677,32703,9603857,7111,14189579,27,0,24696
2712,527553,137.3645749999998,1,30,11,5678,287,49518,48632,13586744,15435,31045679,41,0,27596
2713,527646,137.4146069999998,1,30,12,5958,269,50032,49279,14239839,17028,34271504,34,0,26760
2714,527749,137.4479179999998,1,30,13,3836,267,33311,32626,9369947,6523,12998879,34,0,27084
2715,527841,137.4978269999998,1,30,14,5878,269,49909,49437,14123554,16717,33641729,34,0,26652
2716,527931,137.5314009999998,1,30,15,3888,248,33574,32524,9517087,6952,13871402,28,0,24341
2717,528023,137.58105899999978,1,30,16,5810,287,49658,48871,13859872,16013,32221446,42,0,28302
2718,528135,137.6145449999998,1,30,17,3911,249,33486,32513,9534019,7048,14067321,29,0,24104
2719,528248,137.6644129999998,1,30,18,5693,287,49868,48743,13654607,15517,31221603,42,0,27168
2720,528336,137.6978339999998,1,30,19,4026,249,33421,33125,9816302,7682,15355728,27,0,23087
2721,528444,137.7480749999998,1,30,20,5805,287,50241,49593,13945947,16292,32790978,40,0,29209
2722,528508,137.7815729999998,1,30,21,3959,249,33498,32683,9627883,7317,14616603,27,0,23680
2723,528626,137.83113399999982,1,30,22,5732,287,49561,49180,13783315,15902,32001228,40,0,27647
2724,528731,137.8813789999998,1,30,23,5964,269,50245,49927,14314031,17089,34404903,34,0,26692
2725,528820,137.91467399999982,1,30,24,3935,248,33295,32707,9556698,7178,14333609,28,0,23370
2726,528912,137.9642669999998,1,30,25,5563,287,49593,47872,13373546,14905,29976986,42,0,30106
2727,529016,137.99793199999982,1,30,26,3974,249,33665,33202,9685188,7398,14775311,27,0,23408
2728,529107,138.04769699999983,1,30,27,5724,287,49765,49304,13761884,15765,31718486,41,0,28640
2729,529196,138.08161199999984,1,30,28,4129,249,33915,33666,9987962,8124,16245461,27,0,24430
2730,529304,138.13093499999982,1,30,29,5731,287,49323,48817,13758347,15898,31981735,40,0,26777
2731,529369,138.16710599999982,0,31,0,3530,248,36171,35946,8155271,6873,13706110,30,1,26269
2732,529485,138.24743699999982,0,31,1,9213,336,80331,78314,0,23449,47260127,59,0,64829
2733,529576,138.29783099999983,0,31,2,5330,298,50394,49575,0,12726,25566030,49,0,51289
2734,529720,138.34894299999982,0,31,3,5372,438,51112,50278,0,12483,24882218,50,0,51592
2735,529827,138.39767199999983,0,31,4,5212,268,48729,46668,0,12104,24310278,39,0,38607
2736,529943,138.44825399999982,0,31,5,5118,269,50582,48844,0,12774,25667028,43,0,54174
2737,530079,138.49773599999983,0,31,6,5230,268,49482,47905,0,13530,27197928,38,0,45546
2738,530170,138.54771799999983,0,31,7,5428,287,49982,49304,0,14226,28608847,50,0,49864
2739,530276,138.59748499999984,0,31,8,5253,268,49767,48050,0,13687,27518891,39,0,55497
2740,530367,138.64791299999985,0,31,9,5606,269,50428,49429,0,15392,30971516,38,0,44835
2741,530457,138.69775599999986,0,31,10,5536,308,49843,49042,0,14126,28407866,44,0,50801
2742,530562,138.74763399999986,0,31,11,6040,270,49878,49045,0,12137,24380141,44,0,49849
2743,530654,138.79748099999986,0,31,12,4235,267,49847,43453,0,12016,24135116,38,0,55366
2744,530746,138.84743999999986,0,31,13,4295,227,49959,41344,0,11573,23238041,31,0,38886
2745,530836,138.89736099999988,0,31,14,5137,308,49921,48130,0,12698,25512368,45,0,64827
2746,530940,138.94745399999988,0,31,15,6013,270,50093,48953,0,12001,24100943,42,0,40630
2747,531031,138.99771899999988,0,31,16,5001,268,50265,43420,0,12006,24111068,37,0,56652
2748,531123,139.04768999999987,0,31,17,3639,226,49971,37283,0,11647,23382574,31,0,38422
2749,531213,139.09780699999988,0,31,18,5019,289,50117,44961,0,12379,24866393,43,0,55664
2750,531346,139.14723099999986,0,31,19,5595,288,49424,48206,0,12130,24362168,40,0,50438
2751,531436,139.19750499999986,0,31,20,4559,267,50274,43203,0,12055,24210293,36,0,50583
2752,531526,139.24755499999986,0,31,21,4446,228,50050,40772,0,10943,21958493,33,0,41608
2753,531616,139.29733599999986,0,31,22,5109,268,49781,45404,0,12828,25775618,37,0,51377
2754,531721,139.34776099999985,0,31,23,5366,309,50425,48771,0,12495,25101293,49,0,61978
2755,531811,139.39763999999985,0,31,24,5623,269,49879,48255,0,12206,24519866,40,0,49932
2756,531904,139.44734099999985,0,31,25,3485,226,49701,35485,0,9598,19238666,29,0,40000
2757,531996,139.49758399999985,0,31,26,4418,267,50243,39374,0,9423,18882772,37,0,54009
2758,532102,139.54759899999985,0,31,27,5361,269,50015,48305,0,14144,28442797,39,0,46131
2759,532193,139.59767199999985,0,31,28,5456,268,50073,48628,0,14625,29416822,44,0,48797
2760,532285,139.64771399999984,0,31,29,5494,309,50042,48700,0,12941,26000646,47,0,60131
2761,532375,139.69769499999984,0,32,0,5913,269,49981,49017,0,12037,24170046,39,0,48406
2762,532481,139.76414899999983,0,32,1,5157,268,66454,45960,0,12217,24534546,39,0,63986
2763,532571,139.81424899999982,0,32,2,3219,226,50100,35796,0,11031,22134415,31,0,40690
2764,532661,139.86424899999983,0,32,3,5141,268,50000,49222,0,13075,26273515,40,0,49893
2765,532766,139.91403099999982,0,32,4,5424,309,49782,48603,0,12162,24419373,46,0,54067
2766,532856,139.96453799999983,0,32,5,5895,269,50507,48689,0,12201,24498348,42,0,49721
2767,532946,140.01435699999985,0,32,6,4422,267,49819,41751,0,12159,24404184,37,0,55360
2768,533037,140.06382799999986,0,32,7,4183,238,49471,40061,0,12299,24681608,35,0,45010
2769,533141,140.11423199999984,0,32,8,5164,297,50404,46883,0,12153,24387477,42,0,51030
2770,533232,140.16429399999984,0,32,9,5395,269,50062,46492,0,12063,24205227,39,0,50973
2771,533322,140.21440999999984,0,32,10,4533,267,50116,42401,0,12173,24427977,38,0,51892
2772,533427,140.26427599999985,0,32,11,4454,228,49866,40291,0,10475,20989527,32,0,43795
2773,533517,140.31426699999986,0,32,12,5017,268,49991,47001,0,12279,24642627,39,0,46209
2774,533607,140.36424299999985,0,32,13,5517,308,49976,48980,0,13673,27465477,50,0,61267
2775,533713,140.41402399999984,0,32,14,5685,270,49781,48220,0,12164,24413550,42,0,50277
2776,533804,140.46434399999984,0,32,15,3747,226,50320,36549,0,10790,21631200,28,0,40147
2777,533894,140.51429699999983,0,32,16,4330,267,49953,39389,0,8929,17862675,38,0,51813
2778,534027,140.56400899999983,0,32,17,5385,269,49712,48529,0,14178,28496457,37,0,48252
2779,534118,140.61421399999983,0,32,18,5173,268,50205,48309,0,13142,26398557,44,0,48994
2780,534210,140.68119699999983,0,32,19,7274,345,66983,64773,0,14158,28443574,58,0,76344
2781,534301,140.73068399999983,0,32,20,5128,268,49487,48360,0,12381,24857532,41,0,49961
2782,534405,140.78087999999983,0,32,21,1578,190,50196,20356,0,5299,10528865,19,0,43188
2783,534495,140.83098499999983,0,32,22,4318,249,50105,39544,0,9019,18049482,40,0,51361
2784,534586,140.88130699999982,0,32,23,5334,268,50322,49634,0,13931,27996282,38,0,43167
2785,534676,140.93070499999982,0,32,24,4714,268,49398,47637,0,10808,21668409,39,0,51831
2786,534783,140.9975669999998,0,32,25,6970,328,66862,66166,0,21025,42357834,52,0,64825
2787,534873,141.0474269999998,0,32,26,5117,268,49860,48616,0,12042,24167259,41,0,52129
2788,534963,141.0974319999998,0,32,27,4794,268,50005,46042,0,12136,24357609,39,0,52130
2789,535055,141.1483189999998,0,32,28,4843,243,50887,45351,0,12120,24325209,36,0,52419
2790,535162,141.1976439999998,0,32,29,4912,253,49325,45532,0,11902,23880721,35,0,39157
2791,535253,141.2477379999998,1,33,0,5082,277,50094,45361,6783617,12428,24945871,41,1,63338
2792,535343,141.2977199999998,1,33,1,5567,300,49982,48273,13326615,12189,24469491,40,0,48528
2793,535447,141.3308889999998,1,33,2,3559,226,33169,32445,8606971,8081,16149272,29,0,26254
2794,535455,141.3474479999998,1,33,3,2129,43,16559,16101,4995970,4174,8452350,9,0,23518
2795,535546,141.38083899999978,1,33,4,3519,226,33391,32899,8494802,11309,22685972,28,0,26370
2796,535636,141.41510699999978,1,33,5,3775,250,34268,32821,9173169,6117,12177489,32,0,29518
2797,535727,141.46437099999977,1,33,6,5414,285,49264,47753,13039503,14440,29031564,39,0,25777
2798,535841,141.49822199999977,1,33,7,3819,249,33851,32978,9304210,6524,13001664,28,0,23567
2799,535950,141.54788899999977,1,33,8,5506,268,49667,47988,13230876,14855,29871939,35,0,27300
2800,536042,141.59790799999976,1,33,9,5519,287,50019,48878,13314090,14765,29689689,43,0,27048
2801,536147,141.63140199999975,1,33,10,3871,249,33494,33069,9385509,6810,13580814,27,0,23136
2802,536239,141.68126299999975,1,33,11,5686,270,49861,49211,13634746,15601,31382589,35,0,29426
2803,536276,141.71462599999975,1,33,12,3853,265,33363,33153,9317025,7532,15042864,34,0,24944
2804,536433,141.76510599999975,1,33,13,5419,269,50480,50061,12876535,13237,26595489,35,0,25423
2805,536525,141.81495699999974,1,33,14,5549,268,49851,48538,13235246,15023,30212139,34,0,25570
2806,536617,141.86440499999975,1,33,15,5494,287,49448,48147,13127634,14505,29163948,42,0,27922
2807,536696,141.89824899999974,1,33,16,3811,249,33844,32951,9262287,6563,13081398,29,0,25252
2808,536812,141.94796599999972,1,33,17,5578,268,49717,49134,13353821,15085,30338448,34,0,25698
2809,536904,141.99768899999972,1,33,18,5466,287,49723,48348,13150757,14399,28949298,42,0,27937
2810,537002,142.03163299999972,1,33,19,4022,249,33944,33766,9646128,7552,15085642,27,0,23730
2811,537098,142.0809319999997,1,33,20,5506,268,49299,47897,13144377,14873,29910667,36,0,27983
2812,537190,142.13132699999971,1,33,21,5528,287,50395,49360,13280205,14728,29617042,44,0,27244
2813,537300,142.16480099999973,1,33,22,3876,249,33474,33105,9439253,6768,13498042,28,0,23669
2814,537413,142.21430799999973,1,33,23,5550,287,49507,49460,13356664,14853,29870167,42,0,28525
2815,537434,142.24804699999973,1,33,24,3946,248,33739,33454,9582538,8423,16849417,28,0,24183
2816,537594,142.29800299999974,1,33,25,5730,269,49956,49832,13741283,14763,29691715,34,0,24943
2817,537702,142.34754899999973,1,33,26,5628,287,49546,49316,13527655,15198,30572590,41,0,26844
2818,537772,142.38105999999974,1,33,27,3865,249,33511,32544,9307172,6715,13392996,30,0,24803
2819,537883,142.43103699999975,1,33,28,5490,268,49977,48554,13097997,14715,29592996,35,0,26426
2820,537990,142.48098499999975,1,33,29,5621,287,49948,49245,13432199,15192,30558921,41,0,26827
2821,538062,142.51477999999975,1,34,0,3845,249,33795,32581,9451651,6670,13298833,30,0,24101
2822,538171,142.56425899999974,1,34,1,5539,287,49479,48404,13343990,14695,29549458,41,0,26623
2823,538279,142.61472099999975,1,34,2,5825,268,50462,48825,13857663,16421,33046127,36,0,25652
2824,538369,142.64800899999975,1,34,3,3846,249,33288,32355,9347644,6641,13241627,28,0,24444
2825,538460,142.69803099999976,1,34,4,5870,287,50022,49682,14048734,16437,33078527,40,0,27980
2826,538539,142.73119599999976,1,34,5,3905,249,33165,32348,9411363,6933,13829129,28,0,23723
2827,538655,142.78126599999976,1,34,6,5804,287,50070,49472,13809848,15994,32177654,41,0,29006
2828,538691,142.81457499999976,1,34,7,3947,248,33309,32297,9483595,7670,15315478,27,0,23768
2829,538880,142.86454799999976,1,34,8,5701,269,49973,49058,13556073,15304,30768252,34,0,26210
2830,538973,142.91453499999974,1,34,9,5750,287,49987,49307,13842280,15801,31774677,41,0,29589
2831,539062,142.94842399999973,1,34,10,3813,249,33889,32425,9272412,6641,13225677,29,0,23829
2832,539154,142.99769399999974,1,34,11,5659,287,49270,48828,13593557,15557,31280577,40,0,28788
2833,539195,143.03106799999975,1,34,12,3818,248,33374,32381,9391223,7316,14592552,30,0,24401
2834,539349,143.08173599999975,1,34,13,5762,288,50668,49757,13898720,15271,30702946,39,0,26749
2835,539441,143.13095999999976,1,34,14,5579,268,49224,47738,13426088,15273,30706996,36,0,25600
2836,539533,143.16502899999975,1,34,15,3921,249,34069,33225,9592343,7145,14251594,30,0,24667
2837,539639,143.21418799999975,1,34,16,5639,287,49159,48593,13612846,15345,30856594,42,0,26144
2838,539728,143.24833899999976,1,34,17,4130,249,34151,33755,10038485,8205,16398094,28,0,24505
2839,539821,143.29795199999975,1,34,18,5513,287,49613,48563,13298132,14869,29897251,40,0,27275
2840,539863,143.33133399999974,1,34,19,4105,248,33382,33321,10035957,8774,17554876,27,0,22799
2841,540016,143.38120599999974,1,34,20,5697,269,49872,48184,13601071,15033,30229351,35,0,27009
2842,540108,143.43104199999974,1,34,21,5765,287,49836,49473,13851780,16153,32500389,40,0,28518
2843,540203,143.46459199999973,1,34,22,3740,249,33550,32477,9215758,6269,12488327,29,0,24356
2844,540302,143.51459499999973,1,34,23,5476,287,50003,48931,13174963,14540,29237102,43,0,28022
2845,540394,143.56456099999974,1,34,24,5876,269,49966,49469,14075018,16745,33702227,34,0,26747
2846,540486,143.59785099999974,1,34,25,3880,248,33290,32340,9470438,6897,13756229,28,0,23963
2847,540620,143.64760499999974,1,34,26,5524,287,49754,48776,13319706,14941,30045329,39,0,27890
2848,540710,143.68153799999973,1,34,27,4092,249,33933,33608,10016352,8011,16012079,27,0,23853
2849,540800,143.73116099999973,1,34,28,5667,287,49623,48676,13623857,15511,31199579,41,0,26948
2850,540875,143.76488099999972,1,34,29,4098,249,33720,33403,9991188,8053,16097129,27,0,23397
2851,540999,143.81459399999972,0,35,0,4907,268,49713,49181,10245830,11988,24065504,38,1,28580
2852,541090,143.88117499999973,0,35,1,7060,288,66581,64927,0,22538,45423178,46,0,47788
2853,541182,143.93105099999974,0,35,2,5203,308,49876,47966,0,12188,24472023,48,0,60967
2854,541272,143.98084099999974,0,35,3,5952,270,49790,48670,0,12219,24533279,42,0,48071
2855,541377,144.03077099999973,0,35,4,5480,299,49930,48732,0,12350,24786171,46,0,45382
2856,541467,144.08104199999974,0,35,5,5280,275,50271,49038,0,12556,25094354,43,0,57137
2857,541568,144.13101499999973,0,35,6,5034,435,49973,48395,0,12088,24202935,48,0,40664
2858,541717,144.18153599999974,0,35,7,5368,269,50521,49355,0,12859,25833077,38,0,49317
2859,541835,144.23101799999975,0,35,8,5144,268,49482,47508,0,13237,26600046,39,0,50004
2860,541925,144.28112399999975,0,35,9,5308,268,50106,48369,0,14054,28252952,39,0,47997
2861,542031,144.33087599999976,0,35,10,5340,287,49752,48897,0,14058,28261052,46,0,52195
2862,542122,144.38073999999978,0,35,11,5375,269,49864,48333,0,14278,28706552,39,0,48631
2863,542213,144.43063099999978,0,35,12,5516,268,49891,48562,0,15067,30305796,39,0,45756
2864,542304,144.48090799999977,0,35,13,5808,309,50277,48927,0,12492,25091421,47,0,61409
2865,542408,144.53093999999976,0,35,14,5742,276,50032,49094,0,12133,24348265,50,0,50254
2866,542498,144.58083599999975,0,35,15,3694,260,49896,39238,0,12220,24549206,32,0,51450
2867,542589,144.63078099999976,0,35,16,4420,227,49945,40093,0,11430,22937073,30,0,37713
2868,542693,144.68075299999975,0,35,17,5730,309,49972,49137,0,12753,25616148,45,0,50362
2869,542785,144.73119399999976,0,35,18,5823,269,50441,48728,0,12107,24307998,39,0,50096
2870,542875,144.78052799999975,0,35,19,4298,268,49334,41355,0,11942,23973873,38,0,59360
2871,542980,144.83104999999975,0,35,20,4291,267,50522,41872,0,12122,24338373,37,0,47301
2872,543071,144.86422399999975,0,35,21,3175,209,33174,29514,0,5041,9999348,27,0,37257
2873,543163,144.91423299999974,0,35,22,5309,285,50009,48734,0,14088,28321042,42,0,45892
2874,543296,144.98087599999974,0,35,23,7941,346,66643,65902,0,17804,35833559,55,0,67843
2875,543387,145.01384899999974,0,35,24,3120,231,32973,32195,0,11352,22796823,27,0,33810
2876,543462,145.06448699999973,0,35,25,2647,208,50638,23105,0,2097,4043065,25,0,45653
2877,543572,145.11395999999974,0,35,26,5191,268,49473,47567,0,13517,27168565,37,0,45957
2878,543678,145.16443699999974,0,35,27,5305,287,50477,49221,0,13809,27762903,50,0,57734
2879,543770,145.21434799999975,0,35,28,5316,268,49911,48401,0,14163,28479753,39,0,44029
2880,543862,145.26416099999975,0,35,29,5424,269,49813,48668,0,14657,29480103,39,0,45310
2881,543953,145.31429599999976,0,36,0,5360,307,50135,48581,0,14191,28536453,49,0,58850
2882,544057,145.36431699999974,0,36,1,6104,271,50021,49399,0,12147,24397353,43,0,50535
2883,544150,145.41408799999974,0,36,2,3637,226,49771,36806,0,11708,23508378,28,0,37457
2884,544241,145.46424799999974,0,36,3,4176,267,50160,38039,0,8425,16861822,45,0,58548
2885,544345,145.51416199999974,0,36,4,5036,269,49914,48377,0,12656,25425799,40,0,45023
2886,544436,145.56426699999975,0,36,5,5230,268,50105,49057,0,13735,27610774,39,0,49884
2887,544527,145.61428499999974,0,36,6,5497,308,50018,49001,0,14050,28236497,48,0,55529
2888,544619,145.66408699999974,0,36,7,5639,269,49802,48206,0,12002,24084740,41,0,49214
2889,544726,145.71388599999975,0,36,8,4111,227,49799,39499,0,12102,24287240,29,0,39104
2890,544820,145.76397699999976,0,36,9,4870,268,50091,44453,0,11689,23452434,37,0,49120
2891,544911,145.81388399999975,0,36,10,5639,309,49907,48689,0,12743,25586784,45,0,60757
2892,545044,145.86482299999975,0,36,11,5764,269,50939,49223,0,12238,24564159,41,0,51313
2893,545134,145.91405299999974,0,36,12,3445,226,49230,36508,0,10899,21852684,37,0,43651
2894,545224,145.96426799999975,0,36,13,4711,268,50215,41966,0,10702,21453759,39,0,49224
2895,545328,146.01432399999976,0,36,14,5427,268,50056,48998,0,14316,28775907,38,0,47087
2896,545419,146.06438699999975,0,36,15,5581,309,50063,48783,0,12820,25746507,52,0,60355
2897,545510,146.11423799999974,0,36,16,5832,269,49851,48805,0,12161,24412032,39,0,50156
2898,545601,146.16413699999976,0,36,17,3126,226,49899,33864,0,9480,18989083,31,0,43639
2899,545706,146.21413599999977,0,36,18,4394,267,49999,40077,0,9298,18619014,39,0,52012
2900,545798,146.26423199999977,0,36,19,5251,268,50096,48461,0,13520,27173121,40,0,48812
2901,545892,146.31452899999977,0,36,20,5197,269,50297,48520,0,13280,26687121,39,0,49366
2902,545997,146.36454699999976,0,36,21,5263,268,50018,49157,0,13670,27476871,39,0,46140
2903,546091,146.41429999999977,0,36,22,5226,268,49753,48703,0,13440,27011121,40,0,47132
2904,546183,146.48115399999978,0,36,23,7218,364,66854,63704,0,12893,25767139,62,0,78138
2905,546287,146.53073399999977,0,36,24,4968,268,49580,45905,0,12175,24444179,39,0,48247
2906,546377,146.58079599999976,0,36,25,1156,168,50062,15240,0,3445,6902236,14,0,53189
2907,546467,146.63114099999976,0,36,26,4942,271,50345,47679,0,11881,23848829,48,0,49611
2908,546601,146.68095799999975,0,36,27,5268,268,49817,49675,0,13646,27422954,40,0,48209
2909,546693,146.73076899999975,0,36,28,5293,268,49811,49251,0,13632,27394604,39,0,44261
2910,546786,146.78085199999975,0,36,29,5279,269,50083,48800,0,13642,27414854,40,0,50154
2911,546879,146.83074399999975,1,37,0,5302,268,49892,48194,5782881,13827,27789479,39,1,42139
2912,546985,146.88105399999975,1,37,1,5492,308,50310,49080,13359039,13777,27695824,41,0,59657
2913,547075,146.91426899999976,1,37,2,3627,227,33215,32497,8876816,6477,12913324,28,0,31173
2914,547083,146.93050899999977,1,37,3,1878,42,16240,15503,4447291,5700,11542500,8,0,19626
2915,547173,146.96431799999976,1,37,4,3654,227,33809,33399,8825557,9230,18488149,28,0,27233
2916,547279,146.99714199999977,1,37,5,3650,248,32824,31779,8950349,5759,11464691,29,0,25013
2917,547371,147.04787099999976,1,37,6,5592,287,50729,49498,13412574,15078,30335666,42,0,28431
2918,547443,147.08144899999976,1,37,7,3972,249,33578,33264,9697833,7393,14773541,28,0,23197
2919,547567,147.13094799999976,1,37,8,5577,287,49499,49206,13421759,15098,30376166,42,0,29086
2920,547659,147.18108899999976,1,37,9,5644,268,50141,49147,13583630,15578,31348166,35,0,25422
2921,547747,147.21464199999977,1,37,10,3790,249,33553,32406,9273506,6473,12910541,29,0,24352
2922,547852,147.26428899999976,1,37,11,5480,268,49647,48409,13148774,14779,29730191,36,0,25956
2923,547944,147.31412299999977,1,37,12,5575,287,49834,48968,13439933,15021,30220241,40,0,26195
2924,548033,147.34794799999977,1,37,13,3834,249,33825,32827,9398492,6680,13326678,28,0,24763
2925,548167,147.39814699999977,1,37,14,5589,270,50199,49485,13479630,15110,30397428,38,0,26701
2926,548260,147.44767399999978,1,37,15,5428,285,49527,47954,13075157,14437,29030805,37,0,26120
2927,548349,147.48130999999978,1,37,16,3851,249,33636,32785,9402915,6787,13538036,28,0,24565
2928,548441,147.53131799999977,1,37,17,5647,287,50008,49733,13622582,15334,30845711,41,0,26993
2929,548462,147.56427699999978,1,37,18,3777,248,32959,31930,9153218,7759,15506336,29,0,24698
2930,548637,147.61423599999978,1,37,19,5608,269,49959,48924,13435899,14018,28180811,35,0,25599
2931,548728,147.66421599999978,1,37,20,5521,287,49980,48770,13374120,14758,29679311,42,0,27637
2932,548781,147.6980049999998,1,37,21,3845,248,33789,32942,9471268,7198,14370311,29,0,24998
2933,548921,147.7478139999998,1,37,22,5693,271,49809,49463,13732132,15167,30507536,36,0,26658
2934,549012,147.79756599999982,1,37,23,5390,285,49752,48264,13005844,14314,28780211,39,0,26435
2935,549091,147.83158499999982,1,37,24,4017,249,34019,33859,9830955,7602,15188411,27,0,23083
2936,549207,147.8811319999998,1,37,25,5638,268,49547,48995,13543790,15477,31139084,34,0,26923
2937,549301,147.9310359999998,1,37,26,5547,287,49904,49026,13307363,14834,29841566,41,0,26911
2938,549396,147.9644529999998,1,37,27,3718,249,33417,31992,9077060,6044,12041816,27,0,23743
2939,549498,148.0142399999998,1,37,28,5633,287,49787,49278,13463244,15279,30742691,42,0,26343
2940,549590,148.0643009999998,1,37,29,5674,268,50061,49207,13609253,15640,31473716,36,0,25965
2941,549679,148.0981629999998,1,38,0,3791,249,33862,32812,9300241,6475,12914591,29,0,24361
2942,549812,148.1478549999998,1,38,1,5666,287,49692,49034,13624872,15515,31220591,41,0,26401
2943,549882,148.1815169999998,1,38,2,3922,249,33662,32547,9571746,7095,14170091,27,0,24750
2944,549995,148.2310229999998,1,38,3,5738,287,49506,48859,13768119,15815,31828091,40,0,26667
2945,550086,148.2811569999998,1,38,4,5891,269,50134,49418,14149931,16711,33642491,34,0,26573
2946,550191,148.31495999999981,1,38,5,3906,267,33803,32756,9515138,6787,13542593,33,0,26386
2947,550282,148.3642349999998,1,38,6,5675,268,49275,48387,13699858,15720,31631918,35,0,26282
2948,550371,148.3976709999998,1,38,7,3948,249,33436,32432,9488501,7172,14314623,28,0,23227
2949,550476,148.4476269999998,1,38,8,5851,287,49956,49798,13951804,16353,32901591,41,0,28839
2950,550564,148.4814479999998,1,38,9,3958,249,33821,32731,9607602,7188,14342466,27,0,22569
2951,550657,148.5312609999998,1,38,10,5586,287,49813,48518,13402835,15108,30380466,44,0,28043
2952,550693,148.5647279999998,1,38,11,4150,248,33467,33319,10078122,8373,16743610,28,0,23284
2953,550851,148.6144279999998,1,38,12,5691,271,49700,48173,13578485,15354,30880135,37,0,28627
2954,550942,148.6641959999998,1,38,13,5607,285,49768,48544,13454762,15269,30708010,42,0,25700
2955,551031,148.6980249999998,1,38,14,3983,249,33829,33362,9705373,7384,14739366,27,0,24194
2956,551123,148.7477809999998,1,38,15,5699,287,49756,48440,13589777,15552,31283364,43,0,27555
2957,551185,148.7811149999998,1,38,16,3983,248,33334,32807,9647672,7377,14728989,27,0,23882
2958,551346,148.8313809999998,1,38,17,5670,271,50266,48494,13530768,15453,31081370,36,0,29130
2959,551437,148.8807639999998,1,38,18,5613,285,49383,48389,13356769,15187,30547277,41,0,26779
2960,551527,148.9144179999998,1,38,19,4060,249,33654,33296,9805544,7722,15430652,27,0,24196
2961,551633,148.9644719999998,1,38,20,5617,287,50054,48339,13477085,15199,30568539,41,0,28404
2962,551703,148.9979459999998,1,38,21,4021,249,33474,33135,9810313,7594,15168414,27,0,22446
2963,551815,149.04750799999982,1,38,22,5685,287,49562,49026,13612467,15560,31299564,40,0,28153
2964,551921,149.09801499999983,1,38,23,5846,269,50507,49356,13891498,16524,33250145,34,0,26239
2965,552011,149.13132499999983,1,38,24,3917,248,33310,32284,9507210,7007,13978220,27,0,24546
2966,552104,149.18100299999983,1,38,25,5635,287,49678,48133,13400262,15230,30625997,40,0,27820
2967,552193,149.21476899999985,1,38,26,4104,249,33766,33353,9909957,8008,16001447,27,0,22948
2968,552301,149.26455099999984,1,38,27,5666,287,49782,48267,13491659,15380,30929747,42,0,29285
2969,552337,149.29774399999985,1,38,28,3943,248,33193,32315,9570936,7485,14942372,28,0,23611
2970,552484,149.34756099999984,1,38,29,5782,288,49817,49454,13826932,15642,31464854,41,0,28916
2971,552589,149.39805299999983,0,39,0,4897,249,50492,48812,8935535,11899,23885279,31,1,26140
2972,552681,149.46425399999984,0,39,1,7457,329,66201,64858,0,20093,40478129,55,0,59301
2973,552774,149.51447399999984,0,39,2,5657,270,50220,48584,0,11933,23949341,44,0,53693
2974,552906,149.56421499999985,0,39,3,5225,298,49741,48889,0,12567,25245574,44,0,50319
2975,552997,149.61412299999984,0,39,4,5338,284,49908,48905,0,12454,24900420,43,0,41102
2976,553116,149.66428399999984,0,39,5,5402,427,50161,49460,0,12294,24626456,50,0,55785
2977,553278,149.71464499999985,0,39,6,5288,268,50361,48875,0,13750,27644947,46,0,47386
2978,553370,149.76460999999983,0,39,7,5368,287,49965,48933,0,14051,28254472,45,0,49907
2979,553463,149.81400899999983,0,39,8,5285,268,49399,48068,0,13625,27391822,38,0,44658
2980,553570,149.86421399999983,0,39,9,5433,269,50205,49306,0,14355,28870072,37,0,48839
2981,553663,149.91464899999983,0,39,10,5401,268,50435,48617,0,14375,28910572,38,0,49708
2982,553757,149.96407599999984,0,39,11,5561,308,49427,48636,0,13819,27784672,47,0,58512
2983,553847,150.01418499999983,0,39,12,5673,270,50109,48360,0,12240,24587197,41,0,51700
2984,553953,150.06431299999983,0,39,13,5640,269,50128,47434,0,12123,24337889,40,0,49796
2985,554044,150.11431799999983,0,39,14,4308,267,50005,41354,0,12250,24616032,36,0,47436
2986,554135,150.16399099999984,0,39,15,4238,266,49673,41073,0,12141,24382924,35,0,41031
2987,554225,150.21397599999983,0,39,16,5614,270,49985,47411,0,12098,24295849,42,0,59710
2988,554358,150.26413999999983,0,39,17,4927,267,50164,45785,0,12211,24524674,38,0,49813
2989,554449,150.31447199999982,0,39,18,4881,268,50332,44368,0,12180,24463418,37,0,40529
2990,554541,150.36392799999982,0,39,19,5442,269,49456,45474,0,12140,24382418,39,0,59025
2991,554645,150.41421199999982,0,39,20,4593,268,50284,42307,0,12127,24356093,38,0,41371
2992,554736,150.46404599999983,0,39,21,4087,233,49834,40612,0,12152,24406718,35,0,59196
2993,554826,150.51428599999983,0,39,22,5535,302,50240,48298,0,12228,24559099,41,0,40645
2994,554931,150.56424899999982,0,39,23,5356,269,49963,47849,0,12196,24494299,44,0,49343
2995,555022,150.61425999999983,0,39,24,4349,266,50011,42034,0,12277,24660603,37,0,59438
2996,555116,150.66421699999984,0,39,25,5268,269,49957,45585,0,12118,24338628,37,0,40343
2997,555220,150.71423999999985,0,39,26,5130,268,50023,45854,0,12139,24381153,36,0,49648
2998,555311,150.76405199999985,0,39,27,4519,268,49812,42917,0,12119,24340653,38,0,59499
2999,555403,150.81423999999984,0,39,28,4973,268,50188,45548,0,12104,24311797,39,0,50003
3000,555512,150.86402899999985,0,39,29,5251,268,49789,46127,0,12039,24180172,38,0,41258
3001,555602,150.91392099999985,0,40,0,4945,268,49892,43911,0,12069,24240922,36,0,49913
3002,555694,150.96418799999984,0,40,1,4760,268,50267,42998,0,12064,24230797,38,0,49331
3003,555827,151.01391699999985,0,40,2,4663,267,49729,44067,0,12099,24301672,36,0,49085
3004,555918,151.06423799999985,0,40,3,4797,230,50321,46636,0,12108,24321416,33,0,59581
3005,556008,151.11433799999983,0,40,4,5670,307,50100,49085,0,12203,24509993,44,0,40179
3006,556098,151.16420699999983,0,40,5,5407,269,49869,48155,0,12172,24447218,45,0,50447
3007,556203,151.21391499999984,0,40,6,4018,266,49708,40768,0,12269,24636048,35,0,54941
3008,556295,151.26386799999983,0,40,7,4555,228,49953,40228,0,10711,21476541,30,0,43629
3009,556386,151.31406499999983,0,40,8,5454,308,50197,49044,0,13504,27132366,44,0,52406
3010,556477,151.36413299999984,0,40,9,5973,270,50068,48859,0,12066,24218897,41,0,49814
3011,556582,151.41438599999984,0,40,10,4421,267,50253,42257,0,12046,24178397,37,0,49768
3012,556673,151.46407299999984,0,40,11,3962,227,49687,38114,0,10235,20511122,30,0,47708
3013,556763,151.51409299999983,0,40,12,5333,268,50020,48575,0,13799,27728222,39,0,44606
3014,556867,151.56388499999983,0,40,13,5546,309,49792,48704,0,12593,25284553,45,0,58857
3015,556957,151.61391199999983,0,40,14,5867,269,50027,48801,0,12136,24362926,45,0,49723
3016,557048,151.66404799999984,0,40,15,3402,226,50136,35328,0,11110,22285276,30,0,43947
3017,557139,151.71398499999984,0,40,16,4476,267,49937,40400,0,9584,19195126,38,0,51876
3018,557243,151.76412699999983,0,40,17,5282,269,50142,48463,0,13588,27307783,39,0,49102
3019,557333,151.81424799999982,0,40,18,5135,268,50121,48393,0,12868,25849783,39,0,45148
3020,557423,151.86436199999983,0,40,19,5216,268,50114,49051,0,13384,26893164,38,0,47534
3021,557555,151.91458399999982,0,40,20,5046,268,50222,48207,0,12395,24890439,44,0,47486
3022,557645,151.96433799999983,0,40,21,5507,309,49754,49238,0,12219,24534039,46,0,67443
3023,557738,152.03100699999982,0,40,22,6784,323,66669,59854,0,13006,25988369,55,0,53857
3024,557827,152.08074999999982,0,40,23,3525,213,49743,34841,0,11323,22858984,24,0,60316
3025,557930,152.13094599999982,0,40,24,2621,226,50196,26714,0,4283,8459841,32,0,41538
3026,558022,152.1810229999998,0,40,25,5046,268,50077,48551,0,12481,25060791,42,0,51754
3027,558111,152.23083399999982,0,40,26,5155,251,49811,48395,0,13103,26320341,35,0,56200
3028,558202,152.28122999999982,0,40,27,5213,285,50396,50209,0,13106,26326416,45,0,46150
3029,558306,152.33065899999983,0,40,28,5053,268,49429,48357,0,12442,24983335,40,0,51252
3030,558399,152.38095799999982,0,40,29,5385,269,50299,49778,0,14223,28594417,38,0,45303
3031,558490,152.43106099999983,1,41,0,5533,268,50103,48643,6263282,14879,29922817,39,1,46815
3032,558595,152.48068199999983,1,41,1,5411,308,49621,48339,13054698,12996,26117337,41,0,59022
3033,558687,152.51418599999982,1,41,2,3690,227,33504,32628,8972365,7202,14384487,30,0,27674
3034,558751,152.54729599999982,1,41,3,3737,249,33110,32356,9163471,6164,12277980,30,0,30623
3035,558785,152.5641739999998,1,41,4,1834,20,16878,16584,4271969,8950,18123750,8,0,17586
3036,558917,152.59742299999982,1,41,5,3674,248,33249,32155,8927035,5809,11562903,28,0,29497
3037,559009,152.64735599999983,1,41,6,5453,287,49933,48393,13127981,14414,28988028,41,0,26153
3038,559097,152.68152699999982,1,41,7,4040,249,34171,33959,9891376,7686,15362309,27,0,24363
3039,559202,152.73113799999982,1,41,8,5672,287,49611,49016,13573893,15464,31112759,40,0,27500
3040,559294,152.78121899999982,1,41,9,5552,268,50081,48918,13349228,15079,30333134,35,0,25699
3041,559383,152.81441099999984,1,41,10,3769,249,33192,32116,9191023,6319,12594134,29,0,23707
3042,559487,152.86419499999982,1,41,11,5458,268,49784,48366,13117997,14625,29413784,36,0,25838
3043,559508,152.89776699999982,1,41,12,3832,267,33572,33453,9402419,7994,15986009,35,0,25852
3044,559668,152.9478329999998,1,41,13,5757,269,50066,49600,13705804,14469,29097884,35,0,25473
3045,559775,152.9979419999998,1,41,14,5484,287,50109,49098,13169593,14640,29442640,41,0,26568
3046,559811,153.03140399999978,1,41,15,3851,248,33462,32281,9439583,7312,14599642,29,0,24056
3047,559957,153.0812929999998,1,41,16,5521,269,49889,48245,13281397,14340,28831342,36,0,25579
3048,560062,153.1307639999998,1,41,17,5589,287,49471,48825,13385795,14977,30121267,41,0,27823
3049,560110,153.1646139999998,1,41,18,3929,248,33850,32566,9537526,7181,14335886,29,0,25087
3050,560244,153.2140629999998,1,41,19,5527,269,49449,48667,13263818,14952,30070642,34,0,24575
3051,560377,153.2641289999998,1,41,20,5497,287,50066,48847,13276887,14512,29179642,43,0,29068
3052,560466,153.2980639999998,1,41,21,4015,249,33935,33654,9666512,7532,15045142,27,0,23157
3053,560558,153.3478799999998,1,41,22,5691,268,49816,49336,13567439,15672,31528642,34,0,26191
3054,560664,153.3975799999998,1,41,23,5441,287,49700,48079,13045025,14302,28754392,44,0,29005
3055,560752,153.4311959999998,1,41,24,3887,249,33616,33025,9491973,6926,13816473,28,0,24470
3056,560844,153.4806819999998,1,41,25,5663,287,49486,49249,13545173,15451,31083396,41,0,26642
3057,560895,153.51469599999982,1,41,26,4059,248,34014,33898,9858463,7800,15590121,27,0,24155
3058,561040,153.56487499999983,1,41,27,5602,269,50179,49531,13438909,15294,30766990,36,0,27708
3059,561131,153.61416799999984,1,41,28,5371,287,49293,48031,12899158,13917,27978565,41,0,26257
3060,561204,153.64802599999985,1,41,29,4048,249,33858,33581,9840710,7736,15462040,27,0,24225
3061,561326,153.69758399999984,1,42,0,5563,287,49558,48289,13378803,14985,30145822,40,0,26843
3062,561417,153.74791799999983,1,42,1,5828,268,50334,49169,13994710,16409,33030941,35,0,26281
3063,561508,153.78120499999983,1,42,2,3879,249,33287,32185,9467364,6920,13814197,28,0,23498
3064,561598,153.83135399999983,1,42,3,5384,287,50149,49077,12970808,13941,28030203,41,0,28703
3065,561652,153.86485199999984,1,42,4,3992,248,33498,33092,9746233,7756,15501021,28,0,23821
3066,561792,153.91439699999984,1,42,5,5696,288,49545,49322,13704186,15226,30625492,41,0,28375
3067,561883,153.96462399999984,1,42,6,5929,269,50227,49598,14147693,16934,34084192,34,0,25900
3068,562017,153.99754999999985,1,42,7,3818,248,32926,31809,9282060,6508,12965466,27,0,23154
3069,562108,154.04772399999985,1,42,8,5674,287,50174,49153,13601557,15375,30918103,43,0,28756
3070,562196,154.08128099999985,1,42,9,4031,249,33557,33186,9789874,7475,14920603,27,0,24483
3071,562288,154.13122599999986,1,42,10,5643,287,49945,48765,13466608,15165,30492853,42,0,27867
3072,562341,154.16459499999985,1,42,11,4133,248,33369,33180,10006989,8116,16218628,28,0,23062
3073,562484,154.21455099999986,1,42,12,5683,271,49956,48685,13573622,15326,30817359,36,0,28747
3074,562577,154.26435799999985,1,42,13,5608,285,49807,48795,13404101,15166,30493359,41,0,26994
3075,562666,154.29764299999985,1,42,14,3993,249,33285,32901,9680902,7308,14580909,27,0,23802
3076,562772,154.34793199999984,1,42,15,5739,287,50289,48862,13722606,15732,31643307,40,0,29405
3077,562842,154.38182599999985,1,42,16,4009,249,33894,33221,9729014,7449,14870232,28,0,23806
3078,562955,154.43077799999986,1,42,17,5762,268,48952,48206,13649505,15910,32003757,35,0,26171
3079,563062,154.48118599999987,1,42,18,5783,288,50408,49416,13768250,15950,32087795,43,0,29333
3080,563152,154.51460199999985,1,42,19,3953,248,33416,33001,9636811,7259,14488520,27,0,22496
3081,563243,154.56432099999986,1,42,20,5604,287,49719,48105,13487388,15049,30263270,41,0,28456
3082,563333,154.59796399999988,1,42,21,4066,249,33643,33327,9741533,7689,15359270,27,0,24746
3083,563437,154.64734699999988,1,42,22,5727,287,49383,48891,13664778,15627,31433720,41,0,28182
3084,563527,154.6815779999999,1,42,23,4089,249,34231,33773,9888982,7842,15669095,27,0,24256
3085,563620,154.74755899999988,1,42,24,7687,329,65981,64938,18315761,22875,46110920,47,0,33533
3086,563640,154.76443699999987,1,42,25,1880,206,16878,16256,4756748,867,1540922,24,0,19941
3087,563842,154.8143349999999,1,42,26,5885,271,49898,49529,14036531,15060,30281747,37,0,27271
3088,563934,154.86436699999987,1,42,27,5659,285,50032,48541,13531536,15518,31209197,38,0,27066
3089,564023,154.89817299999987,1,42,28,3908,249,33806,32854,9482745,6950,13858997,29,0,25007
3090,564120,154.94798299999988,1,42,29,5789,287,49810,49410,13841219,15956,32096147,41,0,27301
3091,564200,154.9868509999999,0,43,0,3580,243,38868,37703,8318468,7357,14697810,31,1,25827
3092,564316,155.0643299999999,0,43,1,8503,335,77479,75326,0,23309,46977410,55,0,59425
3093,564406,155.1145629999999,0,43,2,5730,270,50233,48677,0,12068,24221197,47,0,54964
3094,564511,155.1642849999999,0,43,3,5141,285,49722,48156,0,12361,24828424,42,0,48565
3095,564612,155.2145459999999,0,43,4,5340,322,50261,49295,0,12594,25183919,50,0,50936
3096,564708,155.2645869999999,0,43,5,5217,401,50041,48593,0,12279,24586968,40,0,48768
3097,564857,155.31472999999988,0,43,6,5325,269,50143,48496,0,13083,26289715,38,0,39541
3098,564971,155.3642699999999,0,43,7,5420,270,49540,48582,0,14353,28861465,39,0,51255
3099,565064,155.4143719999999,0,43,8,5203,285,50102,48724,0,13282,26692690,43,0,50404
3100,565169,155.4640059999999,0,43,9,5245,268,49634,47942,0,13468,27069340,39,0,49974
3101,565259,155.5140439999999,0,43,10,5500,269,50038,48772,0,14908,29985340,39,0,50121
3102,565349,155.5639059999999,0,43,11,5471,268,49862,48705,0,14686,29535790,38,0,47952
3103,565454,155.61399099999988,0,43,12,5683,309,50085,49360,0,12865,25848265,47,0,55262
3104,565544,155.66440099999988,0,43,13,6032,270,50410,49463,0,12177,24442682,49,0,50285
3105,565635,155.71384699999987,0,43,14,3207,225,49446,34959,0,11551,23196000,27,0,39427
3106,565741,155.76397999999986,0,43,15,4184,267,50133,39190,0,8174,16346711,39,0,58213
3107,565832,155.81418699999986,0,43,16,5557,269,50207,49024,0,15146,30465011,39,0,45043
3108,565922,155.86410999999987,0,43,17,5309,305,49923,48814,0,13871,27883136,42,0,56630
3109,566027,155.91440999999986,0,43,18,5673,272,50300,48770,0,12026,24147011,43,0,49387
3110,566118,155.96407599999986,0,43,19,4199,230,49666,40858,0,12096,24288761,34,0,49896
3111,566210,156.01384399999986,0,43,20,4703,265,49768,42294,0,10940,21947861,35,0,39063
3112,566300,156.06412899999987,0,43,21,5781,309,50285,49429,0,13294,26714711,44,0,60533
3113,566406,156.11388799999986,0,43,22,5995,269,49759,48487,0,12205,24509486,43,0,50220
3114,566498,156.16415599999985,0,43,23,3137,226,50268,35305,0,10916,21899261,31,0,42812
3115,566590,156.21394699999985,0,43,24,4674,268,49791,41921,0,10746,21558809,38,0,51799
3116,566725,156.26402599999986,0,43,25,5498,268,50079,48464,0,14706,29577809,43,0,44069
3117,566816,156.31419099999985,0,43,26,5888,310,50165,49476,0,12374,24853990,46,0,62789
3118,566906,156.36413399999986,0,43,27,5703,269,49943,48645,0,12050,24185507,41,0,50697
3119,566996,156.41422599999987,0,43,28,2666,225,50092,31224,0,8822,17673573,27,0,43908
3120,567101,156.46391699999987,0,43,29,4649,267,49691,42488,0,10558,21176590,39,0,49644
3121,567191,156.51427599999985,0,44,0,5523,269,50359,49396,0,14960,30095197,39,0,45899
3122,567282,156.56397499999986,0,44,1,5435,307,49699,48722,0,14354,28868047,45,0,60197
3123,567375,156.61407699999987,0,44,2,5179,269,50102,49168,0,12134,24372547,40,0,49037
3124,567479,156.66414499999988,0,44,3,4457,228,50068,40341,0,10847,21766372,33,0,39908
3125,567570,156.71422999999987,0,44,4,4641,268,50085,42939,0,10582,21221392,38,0,50262
3126,567660,156.76398499999988,0,44,5,5525,268,49755,48819,0,14920,30005842,36,0,44590
3127,567751,156.81388699999988,0,44,6,5913,310,49902,48916,0,12297,24686672,47,0,64511
3128,567857,156.86391299999988,0,44,7,5655,269,50026,48294,0,12149,24370032,40,0,49819
3129,567949,156.91388799999987,0,44,8,2463,224,49975,30173,0,7888,15766273,29,0,43445
3130,568040,156.96434399999987,0,44,9,4659,268,50456,42449,0,10705,21458315,36,0,53456
3131,568145,157.01395899999986,0,44,10,5553,269,49615,48702,0,15222,30605240,37,0,43130
3132,568235,157.06387999999987,0,44,11,5456,271,49921,48649,0,14712,29572490,46,0,59391
3133,568326,157.11441699999986,0,44,12,5778,306,50537,49138,0,12101,24285215,42,0,47319
3134,568459,157.16420799999986,0,44,13,5677,276,49791,48577,0,12022,24112857,40,0,52412
3135,568551,157.21403599999985,0,44,14,2556,219,49828,28975,0,8414,16835221,26,0,40696
3136,568640,157.26412999999985,0,44,15,4253,250,50094,37618,0,8882,17770538,31,0,58456
3137,568731,157.31425499999986,0,44,16,5161,285,50125,48515,0,13172,26457788,45,0,45017
3138,568837,157.36408699999987,0,44,17,5356,269,49832,48938,0,14281,28708070,38,0,48880
3139,568929,157.41431799999987,0,44,18,5331,268,50231,49055,0,14133,28408370,39,0,46328
3140,569020,157.48105499999986,0,44,19,7266,345,66737,64305,0,14026,28179312,60,0,73450
3141,569110,157.53066499999986,0,44,20,5090,273,49610,48554,0,12222,24408595,43,0,50346
3142,569216,157.58074299999987,0,44,21,2132,186,50078,23898,0,8458,17057359,17,0,38495
3143,569306,157.63082499999987,0,44,22,4148,267,50082,39284,0,8196,16384426,42,0,62349
3144,569397,157.68051199999988,0,44,23,5213,268,49687,48893,0,13591,27309301,40,0,42072
3145,569502,157.73074199999988,0,44,24,5148,268,50230,48531,0,13283,26681803,39,0,50002
3146,569592,157.7806189999999,0,44,25,5198,269,49877,48825,0,13491,27103003,40,0,47203
3147,569683,157.8306109999999,0,44,26,5141,268,49992,48663,0,13067,26242884,39,0,47556
3148,569787,157.88079999999988,0,44,27,5097,268,50189,48877,0,12918,25939640,39,0,49168
3149,569878,157.9312719999999,0,44,28,5186,308,50472,49144,0,12903,25909265,50,0,61346
3150,569971,157.98071699999988,0,44,29,5358,269,49445,48098,0,12250,24586940,40,0,49427
3151,570064,158.03068799999988,1,45,0,4288,227,49971,38360,6224354,11179,22419684,30,1,40713
3152,570169,158.0804439999999,1,45,1,4438,268,49756,40157,10799478,9663,19357379,38,0,51349
3153,570260,158.11411799999988,1,45,2,3827,248,33674,33192,9428937,6822,13605873,28,0,34084
3154,570269,158.14709999999988,1,45,3,3872,97,32982,32208,9157955,9274,18767467,25,0,34553
3155,570359,158.16462899999988,1,45,4,1601,190,17529,16878,4092871,5335,10607081,17,0,20411
3156,570402,158.19746299999989,1,45,5,3760,248,32834,32107,9242177,6983,13931139,29,0,24874
3157,570553,158.24743599999988,1,45,6,5594,269,49973,48874,13461869,14973,30110889,34,0,25026
3158,570646,158.29781199999988,1,45,7,5529,287,50376,48881,13411156,14995,30158477,41,0,28915
3159,570735,158.33123899999987,1,45,8,3934,249,33427,33199,9674846,7321,14618627,27,0,23136
3160,570845,158.38118599999987,1,45,9,5360,268,49947,49432,12969390,14306,28763252,35,0,27350
3161,570937,158.43081399999988,1,45,10,5533,287,49628,49240,13409830,14946,30059252,42,0,26760
3162,571025,158.4642909999999,1,45,11,3915,249,33477,33088,9620065,7197,14367527,27,0,23897
3163,571132,158.5141679999999,1,45,12,5632,270,49877,49465,13665239,15631,31446377,36,0,26941
3164,571153,158.54764099999989,1,45,13,3759,265,33473,33024,9230023,7543,15068177,34,0,25186
3165,571315,158.5977999999999,1,45,14,5806,269,50159,49632,13970890,15153,30478427,35,0,24680
3166,571408,158.6478029999999,1,45,15,5429,287,50003,48898,13177499,14494,29140154,41,0,27304
3167,571494,158.6812779999999,1,45,16,3933,249,33475,33125,9687332,7407,14788979,27,0,24405
3168,571632,158.73113299999991,1,45,17,5495,268,49855,48230,13363660,15041,30247829,35,0,25324
3169,571723,158.78066299999992,1,45,18,5533,287,49530,48847,13473586,15034,30235173,41,0,27218
3170,571815,158.81424199999992,1,45,19,3806,249,33579,32498,9342295,6689,13336548,29,0,24742
3171,571915,158.8644419999999,1,45,20,5688,287,50200,49938,13781538,15794,31774173,42,0,27755
3172,571956,158.8978299999999,1,45,21,3779,248,33388,32222,9321453,7354,14683173,29,0,24616
3173,572101,158.94763099999992,1,45,22,5526,269,49801,49404,13399246,14409,28969548,34,0,24988
3174,572206,158.99769099999992,1,45,23,5624,287,50060,49644,13676635,15574,31328673,40,0,29007
3175,572278,159.03125999999992,1,45,24,3810,249,33569,32471,9466230,6812,13585623,29,0,24275
3176,572386,159.0809199999999,1,45,25,5497,268,49660,48709,13282210,15044,30259221,35,0,24242
3177,572495,159.1308899999999,1,45,26,5375,287,49970,48407,13057038,14168,28485321,42,0,26975
3178,572565,159.1644459999999,1,45,27,3740,248,33556,32632,9272995,6568,13095321,30,0,24737
3179,572674,159.2144109999999,1,45,28,5585,285,49965,49155,13516501,15123,30419196,39,0,26185
3180,572781,159.2642689999999,1,45,29,5539,271,49858,48192,13486660,15274,30724971,38,0,25951
3181,572872,159.2979659999999,1,46,0,4049,249,33697,33355,9997297,7938,15865014,27,0,24773
3182,572967,159.34784099999987,1,46,1,5659,287,49875,48456,13715374,15578,31336014,41,0,27023
3183,573053,159.38108899999986,1,46,2,3869,249,33248,32269,9485421,7018,14002014,28,0,24539
3184,573165,159.43149599999987,1,46,3,5804,287,50407,49969,14025135,16238,32672514,41,0,27446
3185,573238,159.46444299999987,1,46,4,4023,249,32947,32533,9874798,7796,15577464,27,0,23466
3186,573365,159.51442799999987,1,46,5,5808,287,49985,49728,14067323,16331,32857041,40,0,28999
3187,573401,159.54772799999986,1,46,6,3956,248,33300,32238,9709700,7508,14987428,29,0,23932
3188,573545,159.59804299999988,1,46,7,5755,269,50315,49778,13893106,16240,32662133,34,0,25791
3189,573651,159.64745499999987,1,46,8,5627,287,49412,48007,13486024,15219,30590051,41,0,27614
3190,573740,159.68083999999988,1,46,9,3941,249,33385,32413,9606811,7109,14167301,27,0,23714
3191,573833,159.73079699999988,1,46,10,5836,287,49957,49238,14020880,16321,32821601,39,0,27283
3192,573936,159.76444899999987,1,46,11,3924,249,33652,32457,9590051,7017,13981001,28,0,24272
3193,574029,159.81420999999986,1,46,12,5647,287,49761,48600,13547156,15241,30634601,42,0,27458
3194,574101,159.84804699999987,1,46,13,4157,249,33837,33707,10102869,8229,16438339,27,0,23474
3195,574253,159.89757699999987,1,46,14,5760,287,49530,49191,13813794,15877,31925539,40,0,29363
3196,574289,159.93106499999988,1,46,15,3957,248,33488,32600,9649677,7719,15409387,27,0,23759
3197,574436,159.98125499999986,1,46,16,5785,288,50190,49576,13718033,15434,31032262,42,0,30016
3198,574527,160.03091199999986,1,46,17,5707,268,49657,48056,13616676,15734,31639762,35,0,26001
3199,574632,160.06416399999986,1,46,18,3948,249,33252,32752,9504767,7130,14221219,27,0,24091
3200,574724,160.11416299999988,1,46,19,5698,287,49999,48620,13622567,15584,31342088,43,0,26941
3201,574794,160.14826599999986,1,46,20,3992,249,34103,33118,9715313,7369,14706713,29,0,24834
3202,574920,160.19773499999985,1,46,21,5761,270,49469,49062,13721896,15764,31706588,35,0,27482
3203,575012,160.24805699999985,1,46,22,5644,285,50322,48617,13526128,15408,30985688,40,0,27077
3204,575101,160.28092499999985,1,46,23,3973,249,32868,32606,9528664,7199,14362463,27,0,24223
3205,575206,160.33095299999985,1,46,24,5665,287,50028,48566,13486313,15365,30897094,41,0,28069
3206,575274,160.36474799999985,1,46,25,3976,249,33795,32991,9633562,7261,14484215,28,0,25341
3207,575387,160.41466599999984,1,46,26,5779,287,49918,49220,13791931,16005,32190815,40,0,27493
3208,575427,160.44769199999985,1,46,27,3822,248,33026,31696,9328909,7743,15460265,29,0,25556
3209,575584,160.49756299999984,1,46,28,5652,269,49871,48812,13576122,14313,28764515,35,0,24965
3210,575679,160.54762199999985,1,46,29,5631,287,50059,48747,13547958,15183,30526265,43,0,28863
3211,575771,160.58606699999984,0,47,0,3626,248,38445,37810,8065457,6773,13494496,33,1,25824
3212,575904,160.66410799999986,0,47,1,8587,331,78041,75722,0,23416,47196571,56,0,58883
3213,576002,160.71432099999987,0,47,2,5523,281,50213,49072,0,12110,24297133,47,0,52885
3214,576108,160.76425899999987,0,47,3,5166,288,49938,48092,0,12439,24975741,42,0,45908
3215,576198,160.81435499999986,0,47,4,5262,271,50096,48818,0,12484,24990916,41,0,49709
3216,576300,160.86527499999985,0,47,5,5175,437,50920,49015,0,12240,24441790,49,0,50641
3217,576436,160.91471399999986,0,47,6,5358,269,49439,48093,0,12704,25510088,39,0,49386
3218,576567,160.96449299999986,0,47,7,5282,268,49779,48316,0,13694,27514838,41,0,48444
3219,576658,161.01383299999986,0,47,8,5246,270,49340,47746,0,13344,26806088,42,0,52530
3220,576763,161.06421899999987,0,47,9,5338,285,50386,49441,0,13945,28021594,40,0,51681
3221,576853,161.11397099999988,0,47,10,5489,269,49752,48625,0,14787,29726644,37,0,45325
3222,576945,161.16412199999988,0,47,11,5729,270,50151,49845,0,15831,31840744,38,0,56263
3223,577049,161.21389199999987,0,47,12,5742,307,49770,48828,0,12310,24710719,52,0,48602
3224,577144,161.2641729999999,0,47,13,5881,276,50281,49293,0,12219,24514061,43,0,51809
3225,577234,161.3141089999999,0,47,14,2355,218,49936,27939,0,7251,14474829,27,0,44991
3226,577367,161.3808029999999,0,47,15,6292,310,66694,54737,0,17040,34285171,46,0,69495
3227,577457,161.4306869999999,0,47,16,5695,269,49884,48157,0,11968,24014371,39,0,48525
3228,577547,161.4804459999999,0,47,17,4745,267,49759,46569,0,12168,24419371,36,0,49806
3229,577652,161.53069999999988,0,47,18,4144,266,50254,41209,0,12213,24510496,36,0,41986
3230,577742,161.58074099999988,0,47,19,5931,271,50041,48434,0,12161,24408234,40,0,51092
3231,577832,161.6306389999999,0,47,20,4784,267,49898,45232,0,12264,24618328,38,0,50414
3232,577922,161.6809759999999,0,47,21,3934,227,50337,37843,0,10855,21765103,32,0,45149
3233,578027,161.73101999999992,0,47,22,5214,305,50044,47641,0,13277,26671172,42,0,56465
3234,578117,161.7807349999999,0,47,23,5676,272,49715,48112,0,12141,24370772,48,0,50741
3235,578208,161.83085899999992,0,47,24,4542,267,50124,42556,0,12131,24354320,38,0,49762
3236,578316,161.88071199999993,0,47,25,4366,228,49853,40174,0,10622,21298595,32,0,45124
3237,578407,161.93090999999993,0,47,26,5165,268,50198,46989,0,13098,26312495,37,0,45455
3238,578498,161.98090099999993,0,47,27,5761,309,49991,49201,0,12637,25378970,45,0,60803
3239,578603,162.03049099999993,0,47,28,5622,269,49590,47840,0,12193,24479870,41,0,49915
3240,578696,162.08067999999992,0,47,29,2984,226,50189,33290,0,8929,17870270,31,0,40611
3241,578787,162.1306189999999,0,48,0,4779,267,49939,42861,0,11238,22545995,38,0,53537
3242,578878,162.1805549999999,0,48,1,5213,269,49936,48802,0,13401,26924551,41,0,48519
3243,579013,162.2475379999999,0,48,2,7518,345,66983,64850,0,15730,31628393,56,0,73388
3244,579105,162.2971539999999,0,48,3,5274,287,49616,47606,0,12455,24878901,44,0,50066
3245,579196,162.3471079999999,0,48,4,2123,172,49954,23342,0,8325,16784236,16,0,39673
3246,579288,162.39736799999991,0,48,5,4060,267,50260,37070,0,7510,14986921,44,0,49946
3247,579392,162.44743799999992,0,48,6,5542,268,50070,49084,0,14976,30097976,37,0,56378
3248,579484,162.49721599999992,0,48,7,5436,269,49778,48523,0,14376,28879938,39,0,44282
3249,579574,162.54746799999992,0,48,8,5460,268,50252,48850,0,14391,28910313,37,0,48665
3250,579680,162.59732599999992,0,48,9,5340,308,49858,48495,0,12886,25862688,45,0,52917
3251,579770,162.64728599999992,0,48,10,6038,270,49960,48963,0,12183,24437594,40,0,52096
3252,579861,162.69755199999992,0,48,11,4063,266,50266,41515,0,12348,24771719,36,0,51131
3253,579965,162.74744399999992,0,48,12,4433,228,49892,39982,0,10493,21015344,32,0,43767
3254,580057,162.79746599999993,0,48,13,5359,308,50022,48503,0,13893,27900344,43,0,57972
3255,580147,162.84733599999993,0,48,14,5950,270,49870,48957,0,12227,24530492,41,0,50603
3256,580239,162.89737699999992,0,48,15,3785,226,50041,37014,0,10850,21740548,30,0,40464
3257,580344,162.94720199999992,0,48,16,4439,267,49825,42588,0,9289,18581042,38,0,51044
3258,580436,162.99729399999993,0,48,17,5211,269,50092,48730,0,13313,26734199,38,0,50832
3259,580527,163.06428699999992,0,48,18,7489,330,66993,65042,0,15738,31632441,60,0,72645
3260,580618,163.1141499999999,0,48,19,5277,283,49863,49073,0,12492,25071674,43,0,47168
3261,580751,163.1642919999999,0,48,20,1949,190,50142,24177,0,6945,13851382,19,0,47551
3262,580841,163.2141469999999,0,48,21,4548,268,49855,42955,0,9873,19768199,39,0,51711
3263,580931,163.2637379999999,0,48,22,5053,268,49591,48020,0,12524,25136474,39,0,51112
3264,581022,163.3138889999999,0,48,23,5044,268,50151,48393,0,12384,24852974,38,0,51646
3265,581126,163.3638299999999,0,48,24,5177,268,49941,48601,0,13058,26215545,39,0,48733
3266,581218,163.4139079999999,0,48,25,5146,268,50078,48427,0,13027,26151251,40,0,44350
3267,581308,163.4809669999999,0,48,26,7580,325,67059,65632,0,16304,32774793,54,0,71656
3268,581412,163.5308809999999,0,48,27,5319,289,49914,49098,0,12587,25260251,46,0,53749
3269,581503,163.58092499999992,0,48,28,2172,191,50044,25780,0,8053,16092803,20,0,39733
3270,581595,163.63068199999992,0,48,29,4384,267,49757,42766,0,9248,18500295,38,0,50968
3271,581700,163.68058699999992,1,49,0,5151,268,49905,48141,4128387,13065,26229720,38,1,50745
3272,581790,163.73097099999993,1,49,1,5509,269,50384,48846,13235972,14886,29924840,37,0,48876
3273,581880,163.76373199999992,1,49,2,3743,248,32761,32233,9151195,6173,12281015,28,0,31576
3274,581889,163.78105499999992,1,49,3,1821,60,17323,17018,4319625,8615,17445375,14,0,22142
3275,582022,163.81364399999993,1,49,4,3577,227,32589,31624,8729665,5537,10993115,29,0,26782
3276,582058,163.84731499999992,1,49,5,3901,248,33671,33051,9456330,7521,15014513,29,0,24046
3277,582202,163.89781199999993,1,49,6,5496,269,50497,48719,13131267,14199,28534425,33,0,25199
3278,582294,163.94782399999994,1,49,7,5492,287,50012,48748,13162270,14529,29202675,43,0,26538
3279,582335,163.98109599999995,1,49,8,3994,248,33272,33082,9677647,7904,15787050,27,0,24344
3280,582488,164.03090399999996,1,49,9,5495,269,49808,48241,13118339,14326,28791600,34,0,26355
3281,582581,164.08076499999996,1,49,10,5559,287,49861,49024,13377790,14882,29917500,41,0,27418
3282,582635,164.11483099999995,1,49,11,3934,248,34066,32956,9591859,7109,14177175,28,0,24041
3283,582774,164.16402799999994,1,49,12,5584,271,49197,48706,13405689,15128,30415650,36,0,27202
3284,582866,164.21415999999994,1,49,13,5478,285,50132,48523,13179788,14604,29353031,41,0,26184
3285,582952,164.24828599999992,1,49,14,3918,249,34126,33141,9577370,7104,14165531,29,0,25423
3286,583060,164.2981269999999,1,49,15,5602,287,49841,49569,13460300,15041,30234158,42,0,27506
3287,583152,164.34754299999992,1,49,16,5522,268,49416,47735,13123799,14938,30025583,33,0,25602
3288,583241,164.38139999999993,1,49,17,3927,249,33857,33376,9515684,7100,14153633,27,0,24261
3289,583349,164.43117199999992,1,49,18,5616,287,49772,49611,13552476,15290,30738383,40,0,27787
3290,583439,164.48060199999992,1,49,19,5663,269,49430,49125,13630290,15675,31518008,34,0,26544
3291,583529,164.51423799999992,1,49,20,3828,248,33636,32547,9314438,6595,13131008,28,0,23423
3292,583620,164.5644279999999,1,49,21,5499,287,50190,48741,13178238,14533,29205458,42,0,28757
3293,583696,164.59770099999992,1,49,22,3968,248,33273,33150,9674028,7522,15008183,27,0,23071
3294,583841,164.6475169999999,1,49,23,5426,269,49816,48283,13029188,14117,28364577,35,0,27090
3295,583932,164.6977519999999,1,49,24,5458,287,50235,49471,13198535,14435,29008527,42,0,26664
3296,584037,164.7481679999999,1,49,25,5501,268,50416,49286,13177413,14760,29670450,37,0,25805
3297,584112,164.78080999999992,1,49,26,3698,249,32642,32094,9014664,5929,11787675,29,0,24472
3298,584220,164.83118399999992,1,49,27,5711,287,50374,49891,13627256,15565,31300575,40,0,26823
3299,584312,164.88080099999993,1,49,28,5501,268,49617,47967,13205575,14774,29698800,36,0,25716
3300,584420,164.91436299999992,1,49,29,3875,249,33562,33268,9439778,6834,13621819,27,0,24739
3301,584512,164.96464899999992,1,50,0,5550,268,50286,48832,13411771,15078,30315919,37,0,26331
3302,584533,164.99776799999992,1,50,1,3778,267,33119,32153,9226130,7798,15573919,36,0,26272
3303,584708,165.04755899999992,1,50,2,5819,269,49791,49068,13947573,14893,29941294,33,0,23430
3304,584799,165.09771999999992,1,50,3,5660,287,50161,48693,13608593,15383,30933544,43,0,29031
3305,584888,165.13100499999993,1,50,4,4017,249,33285,32846,9766693,7571,15118801,27,0,23265
3306,584993,165.18075599999992,1,50,5,5632,287,49751,48586,13552422,15317,30800653,44,0,28792
3307,585065,165.21437799999993,1,50,6,4089,249,33622,33219,9982934,7975,15933103,27,0,23207
3308,585174,165.26402799999994,1,50,7,5854,287,49650,49618,13973813,16245,32673777,41,0,29159
3309,585247,165.29795599999994,1,50,8,4113,249,33928,33605,9940228,7986,15944745,27,0,24412
3310,585402,165.34766799999994,1,50,9,5696,287,49712,49294,13644207,15558,31278045,41,0,27210
3311,585422,165.38100599999993,1,50,10,3962,248,33338,32236,9620091,8352,16687414,28,0,24339
3312,585584,165.43083499999992,1,50,11,5754,269,49829,48895,13767798,14871,29885351,33,0,24979
3313,585675,165.48096399999991,1,50,12,5861,287,50129,49714,14015687,16350,32880326,40,0,28991
3314,585778,165.51407999999992,1,50,13,3842,249,33116,32369,9284079,6612,13160876,28,0,24739
3315,585869,165.56428499999993,1,50,14,5841,287,50205,49337,13893694,16143,32459632,41,0,27546
3316,585931,165.59751299999994,1,50,15,3963,249,33228,32152,9577935,7186,14325505,27,0,24716
3317,586068,165.64808799999994,1,50,16,5762,270,50575,49503,13752657,15976,32125255,34,0,28250
3318,586162,165.69732199999996,1,50,17,5583,285,49234,48051,13452549,15058,30264786,40,0,26277
3319,586253,165.73104499999997,1,50,18,3937,249,33723,32811,9444259,7023,13996949,29,0,24256
3320,586344,165.78093699999997,1,50,19,5818,287,49892,49348,13876824,16113,32404199,41,0,28219
3321,586430,165.81465899999998,1,50,20,3913,249,33722,32771,9552454,6987,13925568,29,0,25104
3322,586539,165.86414399999998,1,50,21,5823,287,49485,49476,13896818,16167,32515068,40,0,28514
3323,586628,165.89798399999998,1,50,22,4097,249,33840,33555,9896961,7897,15768318,27,0,23296
3324,586720,165.94743799999998,1,50,23,5697,287,49454,49197,13659486,15517,31198818,40,0,28801
3325,586780,165.981104,1,50,24,4117,248,33666,33389,9997082,8070,16120162,28,0,22774
3326,586945,166.03070799999998,1,50,25,5788,269,49604,49277,13766465,16142,32462164,36,0,27179
3327,587037,166.08076099999997,1,50,26,5780,288,50053,49034,13805925,16015,32204989,39,0,27797
3328,587127,166.11421499999997,1,50,27,3952,248,33454,32520,9630798,7278,14512564,28,0,22696
3329,587232,166.16435599999997,1,50,28,5654,287,50141,48929,13642222,15303,30763189,42,0,28730
3330,587323,166.19752799999998,1,50,29,3937,249,33172,32531,9497206,7102,14156164,27,0,22753
3331,587414,166.24933699999997,0,51,0,4948,268,51809,49858,10179461,12002,24078664,39,1,28832
3332,587521,166.31387399999997,0,51,1,6944,288,64537,63171,0,21803,43924170,48,0,43890
3333,587612,166.36403099999998,0,51,2,5288,308,50157,48766,0,13092,26291990,48,0,62093
3334,587703,166.41436199999998,0,51,3,5991,270,50331,49066,0,12075,24232565,38,0,50587
3335,587807,166.464264,0,51,4,5429,275,49902,48499,0,12103,24281439,41,0,49820
3336,587897,166.51422599999998,0,51,5,5398,296,49962,48678,0,12701,25508570,48,0,50156
3337,587990,166.563889,0,51,6,5153,287,49663,47340,0,12296,24566039,44,0,49971
3338,588108,166.614376,0,51,7,5253,419,50487,49088,0,12122,24259929,44,0,50044
3339,588242,166.66423,0,51,8,5214,269,49854,47500,0,12560,25223045,44,0,51241
3340,588395,166.713955,0,51,9,5408,268,49725,48728,0,14299,28744520,38,0,40182
3341,588489,166.764119,0,51,10,5126,268,50164,48555,0,12824,25757645,38,0,47701
3342,588581,166.83087899999998,0,51,11,7251,329,66760,65092,0,19975,40238420,51,0,76828
3343,588672,166.88067999999998,0,51,12,5644,269,49801,48134,0,12179,24451520,40,0,46728
3344,588777,166.930526,0,51,13,4833,268,49846,44607,0,12245,24585170,38,0,51669
3345,588869,166.98035299999998,0,51,14,3870,266,49827,39795,0,12071,24229022,35,0,51403
3346,588960,167.030625,0,51,15,4891,246,50272,43783,0,12015,24115622,35,0,42125
3347,589065,167.08069899999998,0,51,16,5647,291,50074,48463,0,12167,24418865,43,0,49969
3348,589155,167.13027599999998,0,51,17,5162,269,49577,45860,0,12104,24289771,43,0,50174
3349,589247,167.18046599999997,0,51,18,4187,266,50190,41544,0,12108,24299390,37,0,55910
3350,589338,167.23030499999996,0,51,19,5188,268,49839,44430,0,12188,24461390,37,0,45253
3351,589443,167.28030499999997,0,51,20,4824,268,50000,43992,0,12178,24441140,37,0,49870
3352,589535,167.33050999999998,0,51,21,5290,269,50205,45193,0,12198,24481640,40,0,49602
3353,589627,167.380634,0,51,22,4964,268,50124,43601,0,12193,24471515,38,0,50282
3354,589731,167.430679,0,51,23,4352,227,50045,39866,0,11398,22863159,31,0,41187
3355,589822,167.480559,0,51,24,4742,268,49880,43543,0,10955,21969882,38,0,54185
3356,589915,167.530319,0,51,25,5075,268,49760,49027,0,12610,25321257,40,0,45583
3357,590048,167.58042999999998,0,51,26,5529,309,50111,48840,0,13327,26773182,51,0,59784
3358,590138,167.63032099999998,0,51,27,6040,269,49891,48952,0,12140,24369507,41,0,50218
3359,590229,167.680706,0,51,28,3278,226,50385,35299,0,10620,21289988,30,0,41463
3360,590320,167.73033299999997,0,51,29,4322,267,49627,39412,0,8888,17782688,37,0,54239
3361,590424,167.78046299999997,0,52,0,5335,269,50130,48512,0,13943,28019063,37,0,49600
3362,590516,167.83065899999997,0,52,1,5549,268,50196,48930,0,14917,29992932,44,0,44292
3363,590607,167.88035499999998,0,52,2,5648,309,49696,48521,0,12301,24697051,45,0,61314
3364,590698,167.93037599999997,0,52,3,5168,268,50021,48857,0,12126,24347233,39,0,46525
3365,590803,167.99737599999997,0,52,4,5759,270,67000,48251,0,12315,24713777,41,0,68267
3366,590895,168.04750599999997,0,52,5,4946,274,50130,44380,0,12050,24189535,40,0,48291
3367,590987,168.09717899999998,0,52,6,3370,222,49673,36170,0,12203,24504148,29,0,50288
3368,591077,168.14712799999998,0,52,7,5020,268,49949,45474,0,12190,24460883,38,0,52040
3369,591181,168.19732599999998,0,52,8,5898,307,50198,49033,0,12143,24365708,45,0,48659
3370,591273,168.247607,0,52,9,5692,280,50281,48406,0,12172,24412050,51,0,51465
3371,591365,168.29769,0,52,10,4103,255,50083,39190,0,12180,24453016,33,0,48378
3372,591455,168.347188,0,52,11,3773,227,49498,36364,0,9726,19472802,32,0,43273
3373,591588,168.39757699999998,0,52,12,5510,270,50389,49405,0,14733,29611977,41,0,50758
3374,591678,168.44698699999998,0,52,13,5312,306,49410,47595,0,12268,24620352,43,0,51020
3375,591769,168.49727099999998,0,52,14,5758,270,50284,48827,0,12096,24274331,40,0,51021
3376,591859,168.547316,0,52,15,4321,267,50045,41029,0,12264,24614531,39,0,51183
3377,591966,168.597092,0,52,16,3957,227,49776,37260,0,8992,17988731,29,0,44044
3378,592056,168.647038,0,52,17,5512,268,49946,49032,0,14726,29606157,40,0,46427
3379,592146,168.697526,0,52,18,5134,296,50488,49574,0,12832,25770807,50,0,60479
3380,592237,168.747207,0,52,19,5028,280,49681,47908,0,12276,24644907,42,0,51776
3381,592341,168.79781400000002,0,52,20,3959,227,50607,39946,0,7265,14497632,33,0,41281
3382,592431,168.86401600000002,0,52,21,7286,311,66202,64685,0,17037,34284413,48,0,71475
3383,592521,168.91402800000003,0,52,22,5359,281,50012,49674,0,12230,24537855,44,0,42498
3384,592625,168.96432100000004,0,52,23,2914,213,50293,36195,0,10030,20104583,25,0,51797
3385,592716,169.01393700000003,0,52,24,4530,267,49616,42714,0,9826,19675302,39,0,53075
3386,592807,169.06384100000002,0,52,25,5168,269,49904,48273,0,13019,26141127,39,0,44640
3387,592897,169.11418000000003,0,52,26,5169,268,50339,48654,0,13050,26205421,41,0,47656
3388,593029,169.16410300000004,0,52,27,4999,268,49923,48428,0,12193,24469996,47,0,52995
3389,593120,169.21408800000003,0,52,28,5189,268,49985,49720,0,13134,26381596,39,0,47305
3390,593212,169.28069100000002,0,52,29,7385,345,66603,65747,0,14410,28940963,59,0,75715
3391,593317,169.33064600000003,1,53,0,5147,287,49955,46223,11912894,12370,24701459,41,1,40892
3392,593408,169.38069500000003,1,53,1,2085,172,50049,20941,5194298,8220,16571611,17,0,55354
3393,593416,169.39694600000004,1,53,2,2240,43,16251,16157,5224317,3072,6208417,10,0,21400
3394,593507,169.43029600000006,1,53,3,3362,264,33350,33233,8311246,12125,24350755,32,0,32978
3395,593611,169.46390800000006,1,53,4,3735,228,33612,32434,9091421,6135,12208622,31,0,20201
3396,593673,169.49784700000006,1,53,5,3894,248,33939,33048,9458485,6996,13960502,29,0,24674
3397,593791,169.54772300000008,1,53,6,5675,288,49876,49719,13589527,15454,31086433,41,0,26959
3398,593895,169.59737700000008,1,53,7,5768,268,49654,49522,13836120,16075,32343958,35,0,26271
3399,593986,169.63073100000008,1,53,8,3926,249,33354,32913,9562873,7120,14210083,27,0,23564
3400,594078,169.68100500000008,1,53,9,5585,287,50274,48861,13448032,15155,30480958,41,0,29037
3401,594140,169.71457600000008,1,53,10,3898,249,33571,32496,9520558,6979,13924558,28,0,23973
3402,594272,169.76430300000007,1,53,11,5581,268,49727,49113,13379415,15230,30632833,33,0,25556
3403,594363,169.81461000000007,1,53,12,5573,287,50307,48985,13396125,15059,30286558,39,0,26612
3404,594451,169.84811500000006,1,53,13,3951,249,33505,33233,9550678,7191,14353858,27,0,24157
3405,594587,169.89754200000007,1,53,14,5545,287,49427,49227,13314252,14891,29946358,41,0,26774
3406,594623,169.93104600000007,1,53,15,3844,248,33504,32639,9428006,8238,16470235,28,0,25074
3407,594769,169.98099600000006,1,53,16,5808,269,49950,49684,13932469,14801,29760310,35,0,25477
3408,594862,170.03073900000007,1,53,17,5487,287,49743,48682,13236496,14508,29166985,42,0,26771
3409,594958,170.06480800000006,1,53,18,4010,249,34069,33883,9829541,7588,15153985,28,0,23751
3410,595057,170.11453100000006,1,53,19,5707,270,49723,49024,13703407,15663,31505860,35,0,27574
3411,595148,170.16431100000005,1,53,20,5489,285,49780,48866,13261259,14688,29531485,42,0,26794
3412,595239,170.19756900000004,1,53,21,3880,249,33258,32804,9425451,6871,13702060,27,0,23323
3413,595345,170.24781300000004,1,53,22,5609,287,50244,49518,13499491,15184,30535885,41,0,28983
3414,595381,170.28082000000003,1,53,23,3975,249,33007,32787,9638426,7331,14633560,27,0,24220
3415,595526,170.33077400000005,1,53,24,5497,268,49954,48371,13202529,14858,29875735,36,0,26006
3416,595631,170.38057800000004,1,53,25,5467,287,49804,48687,13213125,14523,29201158,42,0,27352
3417,595698,170.41458400000005,1,53,26,3943,249,34006,33439,9567133,7187,14345758,28,0,22904
3418,595819,170.46389500000004,1,53,27,5459,268,49311,48002,13103549,14614,29388471,37,0,26985
3419,595925,170.51415600000004,1,53,28,5519,287,50261,49131,13294085,14716,29593502,42,0,25560
3420,595998,170.54802300000003,1,53,29,3972,249,33867,32842,9613707,7357,14691527,27,0,23909
3421,596107,170.59747100000004,1,54,0,5782,287,49448,49127,13802490,15999,32188539,40,0,27668
3422,596181,170.63112800000005,1,54,1,4111,249,33657,33486,9968825,8019,16029039,27,0,23077
3423,596328,170.68070000000006,1,54,2,5807,268,49572,48907,13904894,16232,32660364,35,0,26919
3424,596349,170.71401300000005,1,54,3,3900,267,33313,32563,9486522,8050,16090295,34,0,26260
3425,596510,170.76386200000005,1,54,4,5862,271,49849,49266,13996475,15118,30402995,37,0,27655
3426,596615,170.81395200000006,1,54,5,5638,285,50090,48528,13448941,15482,31139335,37,0,26655
3427,596704,170.84760300000005,1,54,6,4017,249,33651,33318,9754918,7533,15042610,28,0,22908
3428,596795,170.89791100000005,1,54,7,5733,287,50308,49176,13676771,15619,31409165,43,0,29189
3429,596857,170.93129400000004,1,54,8,3886,248,33383,32320,9435610,6892,13733952,28,0,24610
3430,596990,170.98101500000004,1,54,9,5849,269,49721,49163,13992704,16582,33356202,33,0,24897
3431,597011,171.01440400000004,1,54,10,3826,267,33389,32185,9372861,7757,15485577,37,0,26106
3432,597170,171.06437900000003,1,54,11,5790,269,49975,48904,13926977,15053,30259977,33,0,24343
3433,597263,171.11428500000002,1,54,12,5629,287,49906,48406,13615697,15347,30855327,42,0,28476
3434,597349,171.14757500000002,1,54,13,3867,249,33290,32393,9384772,6817,13582077,29,0,23196
3435,597457,171.19735500000002,1,54,14,5730,287,49780,48970,13712983,15791,31754427,40,0,28868
3436,597494,171.230783,1,54,15,3904,248,33428,32362,9562368,7635,15242325,29,0,25596
3437,597680,171.28060200000002,1,54,16,5854,269,49819,49541,14071160,16060,32302950,34,0,24747
3438,597773,171.33091800000003,1,54,17,5771,288,50316,49205,13798419,15970,32120700,42,0,29457
3439,597865,171.36447,1,54,18,3798,248,33552,32662,9259252,6534,13017357,28,0,23586
3440,597970,171.41395500000002,1,54,19,5753,287,49485,49098,13865867,15897,31977432,42,0,28794
3441,598059,171.447739,1,54,20,3876,249,33784,32636,9520049,6941,13841532,28,0,23593
3442,598152,171.49768,1,54,21,5787,287,49941,49714,13973080,16161,32512032,40,0,26977
3443,598240,171.530785,1,54,22,4065,249,33105,32879,9952617,7961,15908551,27,0,23035
3444,598345,171.580811,1,54,23,5653,287,50026,48791,13672695,15551,31278301,40,0,28963
3445,598394,171.614712,1,54,24,4001,248,33901,32686,9835493,7848,15678207,28,0,24582
3446,598525,171.66403,1,54,25,5577,269,49318,47821,13391606,15030,30217959,34,0,24757
3447,598618,171.714031,1,54,26,5830,287,50001,49356,14039629,16522,33237740,39,0,29165
3448,598722,171.747436,1,54,27,3847,249,33405,32513,9448074,6812,13574990,28,0,23533
3449,598813,171.797279,1,54,28,5629,287,49843,48847,13600599,15333,30831534,41,0,29712
3450,598879,171.831195,1,54,29,3946,249,33916,32822,9668948,7303,14570784,29,0,23509
3451,599010,171.880896,0,55,0,4991,268,49701,49232,10539129,12287,24666422,39,1,29803
3452,599102,171.94768000000002,0,55,1,7162,288,66784,65676,0,23007,46374422,46,0,40079
3453,599192,171.99753500000003,0,55,2,5416,309,49855,48554,0,12234,24563654,47,0,63721
3454,599283,172.04729300000002,0,55,3,5796,269,49758,48041,0,12184,24462404,39,0,48183
3455,599416,172.09713600000003,0,55,4,5362,282,49843,49085,0,12297,24678846,45,0,50928
3456,599506,172.14748200000002,0,55,5,5293,289,50346,48606,0,12610,25330877,43,0,50434
3457,599609,172.19808000000003,0,55,6,5191,438,50598,49567,0,12217,24344582,49,0,49213
3458,599766,172.24760400000002,0,55,7,5428,269,49524,48764,0,13211,26550434,38,0,44685
3459,599873,172.29733400000003,0,55,8,5094,268,49730,48201,0,12911,25942934,39,0,46926
3460,599964,172.34728100000004,0,55,9,5240,287,49947,48454,0,13570,27277409,45,0,58106
3461,600070,172.39727500000004,0,55,10,5343,268,49994,48798,0,14265,28684784,39,0,45202
3462,600160,172.44718700000004,0,55,11,5508,269,49912,48857,0,15110,30395909,38,0,46181
3463,600251,172.51407200000006,0,55,12,7601,364,66885,63957,0,15217,30480834,62,0,71891
3464,600355,172.54735500000007,0,55,13,3353,213,33283,32400,0,11282,22775959,24,0,34572
3465,600374,172.59839500000007,0,55,14,1647,206,51040,15570,0,813,1440686,25,0,51316
3466,600535,172.66403600000007,0,55,15,6960,289,65641,63898,0,20345,40992986,46,0,52404
3467,600640,172.71402600000008,0,55,16,5412,268,49990,48528,0,14561,29280386,39,0,50282
3468,600730,172.76392000000007,0,55,17,5541,309,49894,48822,0,12905,25926986,48,0,61183
3469,600820,172.81393800000006,0,55,18,5918,269,50018,48545,0,12121,24339386,40,0,48233
3470,600925,172.86397600000006,0,55,19,4687,268,50038,43598,0,12091,24278636,38,0,51986
3471,601016,172.91364800000005,0,55,20,4072,267,49672,41258,0,12181,24460886,38,0,47529
3472,601106,172.96377500000006,0,55,21,4612,266,50127,44576,0,12160,24418361,38,0,52867
3473,601197,173.01416700000004,0,55,22,5564,270,50392,48605,0,12111,24319136,40,0,48638
3474,601302,173.06357500000004,0,55,23,5220,269,49408,46519,0,12144,24385961,39,0,41684
3475,601393,173.11397800000003,0,55,24,4639,267,50403,42922,0,12142,24385709,38,0,58355
3476,601487,173.16363000000004,0,55,25,4426,267,49652,41823,0,12172,24446459,36,0,42120
3477,601591,173.21388000000005,0,55,26,4909,268,50250,44230,0,12117,24335084,36,0,49562
3478,601682,173.26405400000004,0,55,27,5382,269,50174,46922,0,12176,24454559,39,0,50327
3479,601772,173.31382100000005,0,55,28,5111,268,49767,44110,0,11980,24057659,38,0,49972
3480,601863,173.36385700000005,0,55,29,4392,267,50036,41532,0,12084,24268259,37,0,50045
3481,601967,173.41372600000005,0,56,0,4741,267,49869,43908,0,12190,24481390,37,0,48885
3482,602057,173.46403100000006,0,56,1,5556,270,50305,47110,0,12148,24396340,39,0,49714
3483,602147,173.51377400000007,0,56,2,4725,268,49743,46634,0,11929,23951346,40,0,49045
3484,602279,173.56402700000007,0,56,3,4470,266,50253,42558,0,12169,24437346,36,0,51528
3485,602369,173.61392700000007,0,56,4,4943,267,49900,44388,0,12153,24405705,36,0,50035
3486,602459,173.66393600000006,0,56,5,5470,271,50009,47769,0,12184,24469999,41,0,49637
3487,602564,173.71367900000007,0,56,6,4729,268,49743,44755,0,12131,24355079,38,0,49626
3488,602655,173.76392900000008,0,56,7,4639,227,50250,43706,0,12210,24510497,31,0,40700
3489,602746,173.81363100000007,0,56,8,5072,308,49702,48125,0,12131,24350522,44,0,60041
3490,602850,173.86450900000008,0,56,9,6272,270,50878,49797,0,12011,24109041,43,0,50553
3491,602940,173.9145120000001,0,56,10,3592,233,50003,38490,0,12217,24524672,35,0,51645
3492,603030,173.9638160000001,0,56,11,4332,261,49304,39211,0,8938,17884697,34,0,42650
3493,603120,174.0140660000001,0,56,12,5556,268,50250,49161,0,15069,30299972,43,0,48061
3494,603224,174.0636210000001,0,56,13,5733,309,49555,48785,0,12407,24909422,44,0,60031
3495,603314,174.1141660000001,0,56,14,5876,270,50545,49051,0,12085,24245749,40,0,52038
3496,603404,174.1642950000001,0,56,15,2699,225,50129,30497,0,8893,17806715,29,0,40648
3497,603494,174.2137460000001,0,56,16,4393,267,49451,39670,0,9227,18470682,38,0,54585
3498,603598,174.2809890000001,0,56,17,7894,324,67243,66489,0,18514,37269031,57,0,68127
3499,603688,174.33049100000008,0,56,18,5170,271,49502,48353,0,12509,25121289,41,0,52210
3500,603779,174.3808620000001,0,56,19,2844,210,50371,30257,0,10384,20830547,24,0,39955
3501,603912,174.43082700000008,0,56,20,4210,267,49965,40731,0,8194,16383414,39,0,52370
3502,604002,174.48067800000007,0,56,21,5077,268,49851,48071,0,12660,25425545,39,0,50324
3503,604092,174.53039300000006,0,56,22,5056,268,49715,48227,0,12585,25273670,40,0,51229
3504,604196,174.58054000000007,0,56,23,5209,269,50147,48732,0,13289,26700789,39,0,45821
3505,604286,174.63068500000006,0,56,24,5167,268,50145,48704,0,13046,26204916,40,0,47713
3506,604376,174.69737200000006,0,56,25,7644,345,66687,65637,0,15571,31305658,57,0,75259
3507,604467,174.74722700000007,0,56,26,5128,287,49855,47303,0,12280,24526804,44,0,50625
3508,604572,174.79716300000007,0,56,27,1891,171,49936,22113,0,7205,14516236,17,0,39772
3509,604661,174.84704100000008,0,56,28,4154,249,49878,38509,0,8201,16393791,36,0,51232
3510,604753,174.89739700000007,0,56,29,5160,268,50356,48466,0,12995,26103160,39,0,45858
3511,604860,174.94699700000007,1,57,0,5156,287,49600,48185,3578790,12825,25758910,46,1,56764
3512,604950,174.99721800000006,1,57,1,5583,269,50221,48863,13386653,15172,30519180,36,0,49763
3513,605039,175.03059600000006,1,57,2,3850,248,33378,32859,9379694,6705,13373505,28,0,32513
3514,605048,175.04696200000006,1,57,3,1724,20,16366,15588,3989243,8395,16999875,8,0,12373
3515,605152,175.08102500000007,1,57,4,3857,267,34063,33843,9435123,6671,13306174,35,0,35822
3516,605214,175.11369300000007,1,57,5,3912,249,32668,32367,9541865,7051,14079472,28,0,24889
3517,605333,175.16373300000006,1,57,6,5524,268,50040,48704,13267401,14993,30166579,36,0,25911
3518,605466,175.21424900000005,1,57,7,5727,287,50516,50115,13673304,15769,31737979,41,0,26154
3519,605554,175.24740800000006,1,57,8,3918,249,33159,32778,9509689,7091,14165029,27,0,23216
3520,605646,175.29738400000005,1,57,9,5636,287,49976,49452,13480595,15283,30753829,41,0,28444
3521,605682,175.33114300000005,1,57,10,3854,248,33759,32564,9372901,7910,15821985,29,0,23668
3522,605841,175.38062300000004,1,57,11,5656,269,49480,49154,13528642,14359,28881210,34,0,27134
3523,605931,175.43075600000003,1,57,12,5466,287,50133,48640,13139915,14488,29142435,42,0,27509
3524,605968,175.46449400000003,1,57,13,3950,248,33738,33049,9622281,7536,15064635,27,0,24896
3525,606112,175.51377800000003,1,57,14,5596,269,49284,48712,13383501,14978,30134685,34,0,24324
3526,606217,175.56426400000004,1,57,15,5479,287,50486,49040,13183121,14464,29090037,42,0,28448
3527,606289,175.59788700000004,1,57,16,3995,249,33623,33300,9649304,7458,14901368,27,0,23629
3528,606396,175.64737800000003,1,57,17,5562,268,49491,47949,13305106,15198,30574868,34,0,25365
3529,606501,175.69722900000002,1,57,18,5473,287,49851,48837,13141382,14620,29404418,42,0,27515
3530,606573,175.73095200000003,1,57,19,3985,249,33723,33403,9702762,7410,14804168,27,0,23711
3531,606681,175.78095100000004,1,57,20,5585,287,49999,49634,13418366,15046,30265549,41,0,28334
3532,606814,175.83055200000004,1,57,21,5735,268,49601,49452,13735123,15916,32027299,34,0,26028
3533,606904,175.86399500000005,1,57,22,3773,249,33443,32459,9191792,6321,12597424,29,0,24174
3534,606994,175.91384300000004,1,57,23,5558,268,49848,48688,13337080,15151,30478174,36,0,25239
3535,607085,175.96425100000005,1,57,24,5609,287,50408,49546,13456390,15204,30585499,43,0,27260
3536,607188,175.99742400000005,1,57,25,3770,249,33173,32323,9190552,6309,12576922,28,0,24528
3537,607282,176.04728100000005,1,57,26,5548,287,49857,48953,13291643,14974,30123547,41,0,26626
3538,607318,176.08107700000005,1,57,27,3811,248,33796,32501,9336334,7842,15681247,31,0,25222
3539,607476,176.13087200000004,1,57,28,5750,269,49795,49300,13755876,14754,29676528,34,0,24666
3540,607568,176.18088200000003,1,57,29,5758,287,50010,49880,13819951,15929,32055903,41,0,26992
3541,607657,176.214816,1,58,0,3953,249,33934,32893,9549134,7249,14478903,29,0,24012
3542,607763,176.26401800000002,1,58,1,5676,287,49202,48921,13584829,15534,31256028,40,0,29073
3543,607835,176.29742000000002,1,58,2,4111,249,33402,33232,9988119,8071,16144972,28,0,22780
3544,607943,176.34744500000002,1,58,3,5804,287,50025,49666,13920536,16246,32699347,40,0,29062
3545,607984,176.38059900000002,1,58,4,3920,248,33154,32124,9494256,7852,15701497,29,0,23737
3546,608137,176.430709,1,58,5,5530,269,50110,49597,13245915,14272,28698199,35,0,25861
3547,608229,176.48092400000002,1,58,6,5896,287,50215,49861,14197494,16673,33563262,41,0,29173
3548,608344,176.51413200000002,1,58,7,3877,249,33208,32193,9417596,6842,13647892,28,0,23111
3549,608451,176.56413,1,58,8,5678,287,49998,49184,13561106,15519,31212741,39,0,28878
3550,608524,176.597972,1,58,9,4116,249,33842,33648,9964877,8019,16025241,29,0,24040
3551,608632,176.647766,1,58,10,5682,287,49794,49357,13495619,15524,31222866,38,0,27544
3552,608737,176.697532,1,58,11,5876,269,49766,48901,13997154,16625,33452391,35,0,26470
3553,608826,176.731074,1,58,12,3928,248,33542,32438,9472305,7014,13990116,28,0,22998
3554,608917,176.780791,1,58,13,5742,287,49717,48846,13716217,15799,31779741,40,0,28629
3555,609018,176.814423,1,58,14,3933,249,33632,32556,9466701,7139,14244760,29,0,25013
3556,609112,176.863914,1,58,15,5563,287,49491,48161,13259817,14968,30102283,41,0,27404
3557,609202,176.914132,1,58,16,5876,269,50218,49399,14013093,16656,33514407,34,0,26419
3558,609291,176.94733,1,58,17,3692,248,33198,32837,8946871,5861,11654532,28,0,24984
3559,609396,176.99757599999998,1,58,18,5738,287,50246,49239,13725408,15910,32008314,40,0,27952
3560,609468,177.03087299999999,1,58,19,3969,249,33297,32280,9629617,7287,14546739,27,0,23284
3561,609577,177.080827,1,58,20,5757,287,49954,49519,13678001,15862,31911114,40,0,28559
3562,609631,177.114182,1,58,21,4135,248,33355,33127,9954863,8122,16237614,27,0,23217
3563,609771,177.163764,1,58,22,5641,271,49582,48042,13454326,15301,30775089,36,0,28704
3564,609863,177.213778,1,58,23,5757,285,50014,49455,13669225,15843,31872639,40,0,26530
3565,609953,177.247528,1,58,24,3915,249,33750,32746,9426104,7003,13971639,27,0,23700
3566,610045,177.29718899999997,1,58,25,5841,287,49661,49535,13887101,16355,32905641,40,0,28932
3567,610148,177.33116499999997,1,58,26,4049,249,33976,33372,9820163,7682,15344335,28,0,24911
3568,610268,177.38043999999996,1,58,27,5593,268,49275,47426,13377313,15233,30635110,35,0,26015
3569,610359,177.43047099999995,1,58,28,5732,287,50031,49094,13722641,15788,31758985,41,0,28079
3570,610450,177.46415399999995,1,58,29,3933,249,33683,32614,9554902,7094,14153635,28,0,24650
3571,610556,177.51440599999995,0,59,0,4742,268,50252,47596,9639122,10968,21998485,38,1,27923
3572,610648,177.58082799999994,0,59,1,7386,328,66422,65780,0,23111,46586541,52,0,54988
3573,610739,177.63098099999993,0,59,2,5528,269,50153,48363,0,12377,24857786,41,0,50891
3574,610843,177.68041399999993,0,59,3,5373,269,49433,47763,0,12350,24803111,40,0,49797
3575,610933,177.73042999999993,0,59,4,5501,268,50016,48354,0,12357,24817286,39,0,49416
3576,611023,177.78055399999994,0,59,5,5124,281,50124,48815,0,12483,25063851,46,0,52735
3577,611113,177.83037999999993,0,59,6,5269,290,49826,48370,0,12715,25546034,41,0,48607
3578,611299,177.89731899999992,0,59,7,6665,458,66939,64969,0,17382,34807251,61,0,62347
3579,611319,177.93060099999994,0,59,8,3637,248,33282,31827,0,7537,15060584,34,0,37426
3580,611481,177.99723499999993,0,59,9,7105,289,66634,65007,0,20851,42021434,44,0,53138
3581,611585,178.04721599999993,0,59,10,5508,268,49981,48855,0,14818,29807647,39,0,50193
3582,611675,178.09697499999993,0,59,11,5250,308,49759,47955,0,12596,25308097,44,0,61465
3583,611765,178.14724799999993,0,59,12,5438,269,50273,48711,0,12412,24937016,39,0,50483
3584,611870,178.19717699999993,0,59,13,5527,269,49929,47537,0,12389,24888922,39,0,50012
3585,611961,178.24688399999994,0,59,14,4109,266,49707,40943,0,12226,24555049,34,0,41631
3586,612051,178.29742599999994,0,59,15,4697,230,50542,41660,0,12218,24538849,32,0,49972
3587,612155,178.34698699999996,0,59,16,5032,269,49561,47785,0,12404,24910942,41,0,58519
3588,612245,178.39718199999996,0,59,17,5754,306,50195,48827,0,12486,25076992,44,0,41038
3589,612337,178.44695299999995,0,59,18,4806,268,49771,44786,0,12496,25097242,40,0,55045
3590,612441,178.49743699999996,0,59,19,4347,227,50484,43145,0,11593,23268667,29,0,40827
3591,612531,178.54692499999996,0,59,20,4860,268,49488,44450,0,11633,23349667,38,0,47731
3592,612621,178.59724199999997,0,59,21,5369,307,50317,49161,0,14066,28276492,45,0,60522
3593,612725,178.64722799999996,0,59,22,5465,270,49986,48039,0,12423,24949417,45,0,52379
3594,612816,178.69715199999996,0,59,23,4232,227,49924,38934,0,10739,21539317,30,0,40883
3595,612906,178.74737799999997,0,59,24,4608,268,50226,41972,0,10407,20870815,40,0,49498
3596,613042,178.79708999999997,0,59,25,5463,268,49712,48814,0,14587,29335315,39,0,46364
3597,613132,178.84717699999996,0,59,26,5275,289,50087,48421,0,13538,27211090,43,0,63597
3598,613222,178.89698499999997,0,59,27,5357,288,49808,48505,0,12365,24835765,42,0,49599
3599,613312,178.96385299999997,0,59,28,6232,276,66868,51444,0,12250,24590507,41,0,64833
3600,613420,179.01374199999998,0,59,29,4970,261,49889,44230,0,12399,24916998,35,0,38547
3601,613510,179.06388699999997,0,60,0,3441,246,50145,37676,0,12337,24779065,34,0,59251
3602,613600,179.11376299999998,0,60,1,5362,289,49876,47161,0,12452,25011940,42,0,52338
3603,613690,179.16381099999998,0,60,2,5736,269,50048,48310,0,12377,24860065,38,0,48447
3604,613795,179.21389899999997,0,60,3,5036,268,50088,47516,0,12418,24941571,39,0,49266
3605,613885,179.26386499999998,0,60,4,4077,266,49966,40787,0,12535,25174698,36,0,50736
3606,613975,179.31397299999998,0,60,5,4867,232,50108,43981,0,12398,24897273,36,0,41446
3607,614066,179.36382199999997,0,60,6,5543,305,49849,47625,0,12259,24608203,41,0,51017
3608,614170,179.41351599999996,0,60,7,5920,269,49694,48551,0,12451,24992446,39,0,51087
3609,614260,179.46334099999996,0,60,8,3489,226,49825,37429,0,11751,23574946,29,0,41086
3610,614351,179.51395099999996,0,60,9,4937,268,50610,43721,0,11973,24024496,39,0,54392
3611,614442,179.56417399999995,0,60,10,5501,308,50223,48938,0,13530,27177421,46,0,57783
3612,614546,179.61349099999995,0,60,11,5956,270,49317,48580,0,12288,24662371,41,0,51377
3613,614636,179.66369299999997,0,60,12,3739,226,50202,37136,0,11791,23655946,31,0,39540
3614,614726,179.71384299999997,0,60,13,3990,267,50150,36882,0,7227,14416884,37,0,55982
3615,614859,179.78070899999997,0,60,14,8012,325,66866,65979,0,18604,37446724,53,0,68151
3616,614949,179.83018999999996,0,60,15,5399,289,49481,48420,0,12866,25839657,50,0,53610
3617,615039,179.88057699999996,0,60,16,2160,190,50387,24231,0,8157,16316315,19,0,40579
3618,615130,179.93029799999996,0,60,17,4745,268,49721,42891,0,10931,21927358,38,0,50301
3619,615234,179.98057399999996,0,60,18,5333,268,50276,48783,0,13961,28063108,39,0,50224
3620,615324,180.03059799999997,0,60,19,5113,269,50024,48259,0,12886,25886233,46,0,47272
3621,615414,180.08089499999997,0,60,20,5316,268,50297,49321,0,13901,27941608,39,0,47792
3622,615519,180.13064099999997,0,60,21,5017,268,49746,48085,0,12401,24904108,41,0,50243
3623,615609,180.19759799999997,0,60,22,7520,345,66957,66309,0,15350,30863450,62,0,74027
3624,615699,180.24681799999996,0,60,23,5182,269,49220,48466,0,12554,25166844,41,0,52477
3625,615789,180.29746099999997,0,60,24,1885,189,50643,21441,0,6941,13903282,18,0,42504
3626,615892,180.34728399999997,0,60,25,4355,249,49823,40892,0,9241,18501310,38,0,50566
3627,615982,180.39743799999997,0,60,26,5262,287,50154,49818,0,13438,27000235,45,0,56493
3628,616073,180.44732099999996,0,60,27,5048,268,49883,48108,0,12528,25157485,40,0,45925
3629,616163,180.49746099999996,0,60,28,5256,268,50140,48928,0,13608,27344485,39,0,50781
3630,616270,180.54700699999995,0,60,29,5088,268,49546,48417,0,12653,25410610,40,0,50544
3631,616362,180.59738199999995,1,61,0,5580,269,50375,48989,5337157,15222,30614354,39,1,43992
3632,616452,180.64706799999996,1,61,1,5520,268,49686,48576,12989509,14984,30139999,36,0,45567
3633,616529,180.68061699999996,1,61,2,3706,267,33549,32488,8917641,5923,11791474,36,0,41468
3634,616593,180.71356399999996,1,61,3,3891,248,32947,32711,9330611,8341,16687924,29,0,32693
3635,616655,180.73049399999996,1,61,4,1811,20,16930,16763,4180116,7535,15258375,8,0,15177
3636,616744,180.76440499999995,1,61,5,3810,249,33911,32635,9110615,6496,12955597,28,0,30602
3637,616834,180.81369899999996,1,61,6,5479,287,49294,48090,12911680,14585,29331265,40,0,28865
3638,616940,180.86385199999995,1,61,7,5765,268,50153,49559,13609090,16238,32680109,35,0,26631
3639,617029,180.89743499999994,1,61,8,3768,249,33583,32448,9092637,6369,12693865,27,0,24611
3640,617122,180.94754299999994,1,61,9,5648,268,50108,49178,13313479,15512,31208440,36,0,25463
3641,617215,180.99759599999993,1,61,10,5524,287,50053,48535,13104824,14778,29720571,43,0,27568
3642,617292,181.03105099999993,1,61,11,3844,249,33455,32606,9166614,6750,13463871,28,0,24899
3643,617408,181.08041999999995,1,61,12,5620,268,49369,48625,13255274,15454,31089471,34,0,24644
3644,617499,181.13062499999995,1,61,13,5478,287,50205,48663,13006141,14634,29428971,43,0,27885
3645,617571,181.16459499999996,1,61,14,4075,249,33970,33655,9763049,7862,15717190,27,0,24886
3646,617720,181.21398099999996,1,61,15,5610,287,49386,49199,13284963,15166,30503992,40,0,27492
3647,617811,181.26395399999996,1,61,16,5555,268,49973,48622,13107007,15207,30587017,36,0,26262
3648,617859,181.29740599999997,1,61,17,3874,248,33452,32588,9301108,6909,13780529,28,0,25057
3649,617990,181.34748999999996,1,61,18,5635,269,50084,49519,13288933,15460,31096304,35,0,26425
3650,618096,181.39721399999996,1,61,19,5586,287,49724,48928,13247945,15115,30397679,41,0,27862
3651,618162,181.43094699999997,1,61,20,3911,249,33733,32868,9433940,7070,14106554,28,0,24694
3652,618276,181.48080699999997,1,61,21,5603,268,49860,48839,13293704,15361,30893804,34,0,26679
3653,618368,181.53066299999998,1,61,22,5503,287,49856,48372,13128887,14753,29666654,42,0,28011
3654,618409,181.564396,1,61,23,3959,248,33733,32901,9419064,7360,14693804,27,0,24389
3655,618561,181.613792,1,61,24,5648,269,49396,48862,13229818,15386,30949492,35,0,25110
3656,618652,181.664208,1,61,25,5524,287,50416,48885,12981016,14771,29707915,43,0,28745
3657,618709,181.697829,1,61,26,4074,248,33621,33509,9711069,7840,15672640,27,0,23022
3658,618848,181.747521,1,61,27,5504,269,49692,47843,12873930,14831,29829415,35,0,27144
3659,618938,181.79748700000002,1,61,28,5610,287,49966,48930,13178410,15168,30511840,42,0,26829
3660,618976,181.83086500000002,1,61,29,4026,248,33378,33350,9640553,8019,16035115,27,0,24742
3661,619121,181.88079700000003,1,62,0,5884,269,49932,49346,13804564,16348,32901340,33,0,23271
3662,619255,181.93083300000004,1,62,1,5666,287,50036,48730,13357528,15448,31078840,41,0,30303
3663,619327,181.96441200000004,1,62,2,3906,249,33579,32332,9328824,6998,13967590,29,0,23472
3664,619434,182.01445100000004,1,62,3,5863,268,50039,49457,13709718,16518,33245590,34,0,26284
3665,619539,182.06386300000003,1,62,4,5669,287,49412,48566,13310325,15420,31020621,40,0,29738
3666,619628,182.09736500000002,1,62,5,3835,249,33502,32426,9179093,6625,13206948,28,0,24752
3667,619720,182.14712200000002,1,62,6,5836,287,49757,49172,13731845,16255,32707698,41,0,27927
3668,619775,182.18091900000002,1,62,7,4059,249,33797,32886,9653245,7766,15509878,28,0,23887
3669,619913,182.2307,1,62,8,5664,268,49781,48250,13248478,15572,31312471,34,0,27074
3670,620004,182.280515,1,62,9,5720,287,49815,49162,13392650,15712,31595971,40,0,29660
3671,620083,182.31424900000002,1,62,10,3957,249,33734,32627,9396192,7207,14373346,27,0,22972
3672,620200,182.36393300000003,1,62,11,5516,268,49684,48803,12944491,14817,29783596,34,0,25644
3673,620291,182.41410100000004,1,62,12,5698,287,50168,48823,13332541,15567,31300827,43,0,29334
3674,620332,182.44764000000004,1,62,13,3979,248,33539,32617,9432774,7793,15553920,28,0,25075
3675,620485,182.49731200000002,1,62,14,5879,269,49672,49210,13684293,16207,32590751,33,0,24632
3676,620576,182.54756100000003,1,62,15,5744,287,50249,48478,13301397,15697,31563318,41,0,30284
3677,620680,182.58086800000004,1,62,16,4033,249,33307,32913,9494790,7517,14998818,27,0,23190
3678,620800,182.63077800000005,1,62,17,5730,287,49910,48452,13357692,15667,31502568,43,0,28751
3679,620890,182.68069700000004,1,62,18,5806,268,49919,48851,13547970,16303,32795025,36,0,27556
3680,620979,182.71414900000005,1,62,19,3858,249,33452,33013,9167061,6728,13405650,27,0,23263
3681,621083,182.76434900000004,1,62,20,5865,287,50200,49845,13722678,16428,33048150,40,0,30308
3682,621120,182.79730400000003,1,62,21,4077,248,32955,32675,9604072,7928,15835650,27,0,24302
3683,621264,182.84736400000003,1,62,22,5892,288,50060,49608,13680642,16357,32905894,40,0,29403
3684,621355,182.89735500000003,1,62,23,5800,268,49991,49052,13550003,16267,32723644,35,0,27363
3685,621458,182.93088500000005,1,62,24,3967,249,33530,32478,9341882,7231,14425744,27,0,23819
3686,621550,182.98090300000004,1,62,25,5715,287,50018,48595,13329900,15663,31496746,41,0,29569
3687,621641,183.03036800000004,1,62,26,5957,269,49465,48955,13908687,17051,34307446,35,0,26306
3688,621744,183.06386300000003,1,62,27,3936,248,33495,32451,9353959,7073,14101996,27,0,23491
3689,621836,183.11397300000002,1,62,28,5778,287,50110,49222,13567483,16009,32197396,40,0,29400
3690,621910,183.14718000000002,1,62,29,3968,249,33207,32259,9489177,7259,14478646,29,0,23481
3691,622032,183.19898100000003,0,63,0,5122,268,51801,50318,10320673,12837,25777134,38,1,29496
3692,622123,183.26404200000002,0,63,1,6698,288,65061,62764,0,20557,41410134,47,0,48256
3693,622214,183.31386300000003,0,63,2,5234,268,49821,48202,0,13527,27181979,44,0,49158
3694,622305,183.36403800000002,0,63,3,5500,268,50175,48995,0,14727,29611979,39,0,47849
3695,622438,183.430853,0,63,4,7487,364,66815,64089,0,14288,28592772,61,0,74357
3696,622539,183.481007,0,63,5,5131,414,50154,48608,0,12887,25817132,45,0,53289
3697,622646,183.531329,0,63,6,5487,274,50322,48814,0,12678,25466069,43,0,47465
3698,622786,183.580772,0,63,7,5320,268,49443,48642,0,13872,27885921,39,0,40993
3699,622894,183.630859,0,63,8,5362,268,50087,48622,0,14130,28408371,39,0,50432
3700,622985,183.680815,0,63,9,5292,287,49956,48658,0,13665,27466746,48,0,51956
3701,623090,183.730659,0,63,10,5431,268,49844,48719,0,14450,29056371,38,0,51399
3702,623180,183.780374,0,63,11,5222,268,49715,48124,0,13464,27059721,38,0,50907
3703,623270,183.830165,0,63,12,5276,268,49791,48714,0,13614,27363471,38,0,48693
3704,623374,183.880482,0,63,13,5482,268,50317,48842,0,14775,29714496,39,0,49188
3705,623464,183.930607,0,63,14,5479,269,50125,49177,0,14666,29489973,44,0,46939
3706,623555,183.980421,0,63,15,5452,268,49814,48595,0,14665,29487948,40,0,44584
3707,623659,184.03010500000002,0,63,16,5602,309,49684,49073,0,12974,26063673,44,0,64318
3708,623749,184.09716200000003,0,63,17,6908,323,67057,58906,0,13737,27469403,53,0,54426
3709,623839,184.14722100000003,0,63,18,4121,214,50059,35486,0,11938,24100561,24,0,59657
3710,623943,184.19722500000003,0,63,19,2227,206,50004,24205,0,5112,10138566,24,0,39918
3711,624034,184.24735900000005,0,63,20,5283,287,50134,48875,0,13482,27087816,49,0,51638
3712,624125,184.29715300000004,0,63,21,5290,268,49794,47996,0,13727,27583941,38,0,55590
3713,624216,184.34713000000005,0,63,22,5560,268,49977,48960,0,15051,30265041,39,0,45671
3714,624320,184.39690300000004,0,63,23,5412,269,49773,48456,0,14445,29037891,38,0,49277
3715,624410,184.44709000000003,0,63,24,5401,268,50187,48431,0,14395,28940439,38,0,45591
3716,624504,184.49685900000003,0,63,25,5441,308,49769,48686,0,14063,28268139,43,0,56794
3717,624609,184.54685300000003,0,63,26,5611,269,49994,48318,0,12845,25801689,41,0,49969
3718,624699,184.59704700000003,0,63,27,4544,267,50194,42418,0,12977,26070508,37,0,56160
3719,624791,184.64712100000003,0,63,28,4859,228,50074,42444,0,11951,23988301,33,0,34217
3720,624896,184.69710400000002,0,63,29,5144,268,49983,46619,0,13084,26282626,39,0,53845
3721,624987,184.74688300000003,0,64,0,5288,307,49779,48094,0,13657,27442951,48,0,57715
3722,625077,184.79726700000003,0,64,1,5841,270,50384,48995,0,12899,25909520,41,0,51040
3723,625209,184.84692500000003,0,64,2,3802,227,49658,39452,0,10099,20239520,31,0,40459
3724,625299,184.89711900000003,0,64,3,5037,268,50194,45621,0,12589,25281770,38,0,50592
3725,625389,184.94717300000002,0,64,4,5330,268,50054,48100,0,13943,28021341,38,0,48600
3726,625494,184.997417,0,64,5,5441,268,50244,48960,0,14646,29444916,38,0,47777
3727,625584,185.04729600000002,0,64,6,5711,309,49879,49044,0,13331,26774446,45,0,62745
3728,625675,185.09701800000002,0,64,7,6006,269,49722,48481,0,12778,25650064,39,0,47023
3729,625765,185.14692300000002,0,64,8,2421,225,49905,28000,0,6775,13493989,29,0,49753
3730,625868,185.19760900000003,0,64,9,4796,268,50686,43189,0,11447,22956308,37,0,54226
3731,625959,185.26370600000004,0,64,10,7366,310,66097,63859,0,20372,41029433,49,0,63285
3732,626049,185.31364200000004,0,64,11,5887,269,49936,48736,0,12899,25896608,39,0,48554
3733,626153,185.36382100000006,0,64,12,4377,267,50179,42729,0,12934,25967483,40,0,50342
3734,626245,185.41365100000004,0,64,13,4481,267,49830,42701,0,12822,25740683,36,0,50206
3735,626337,185.46362900000005,0,64,14,5535,269,49978,48209,0,12898,25898381,38,0,40304
3736,626427,185.51388300000005,0,64,15,5461,269,50254,47253,0,12780,25659431,39,0,59336
3737,626531,185.56395000000006,0,64,16,4599,267,50067,43531,0,12939,25981406,37,0,50721
3738,626621,185.61370500000007,0,64,17,4443,227,49755,43297,0,12760,25623488,31,0,37162
3739,626711,185.66351000000006,0,64,18,5349,308,49805,48672,0,12806,25716638,47,0,53464
3740,626802,185.71407100000005,0,64,19,5445,269,50561,49213,0,12738,25578938,44,0,50416
3741,626935,185.76357300000004,0,64,20,4920,268,49502,46264,0,12903,25913063,39,0,55571
3742,627026,185.81408100000004,0,64,21,4592,265,50508,43949,0,12756,25615388,35,0,45593
3743,627116,185.86398300000005,0,64,22,4683,230,49902,43742,0,10944,21946088,35,0,48563
3744,627206,185.91376900000006,0,64,23,5139,268,49786,48473,0,13205,26526132,38,0,46417
3745,627311,185.96392300000005,0,64,24,5298,268,50154,48991,0,13952,28035009,44,0,50125
3746,627401,186.01372800000004,0,64,25,5141,271,49805,47954,0,13147,26401846,44,0,61420
3747,627492,186.06361400000003,0,64,26,5366,305,49886,49192,0,13052,26209471,41,0,49820
3748,627596,186.11392300000003,0,64,27,5240,269,50309,48593,0,12810,25719421,39,0,50135
3749,627686,186.16399000000004,0,64,28,3783,226,50067,36353,0,8432,16853971,32,0,44969
3750,627779,186.21387500000003,0,64,29,4964,268,49885,46705,0,12336,24759571,39,0,51373
3751,627884,186.28022200000004,1,65,0,7687,311,66347,64810,10383109,18100,36431671,46,1,57081
3752,627974,186.33029700000003,1,65,1,5661,303,50075,49476,13303455,13733,27583708,46,0,55573
3753,628064,186.34694000000002,1,65,2,1224,171,16643,13415,3057997,3580,7050168,11,0,11657
3754,628073,186.38023700000002,1,65,3,3941,98,33297,32858,9001681,9453,19000827,26,0,43105
3755,628206,186.413822,1,65,4,3410,231,33585,32169,8218237,12045,24320908,24,0,27437
3756,628226,186.43026400000002,1,65,5,1689,206,16442,15823,4249847,803,1415120,24,0,19687
3757,628387,186.49721800000003,1,65,6,6795,288,66954,65685,15901166,19453,39181370,43,0,26256
3758,628475,186.53173600000002,1,65,7,3931,249,34518,33285,9377640,7288,14547245,28,0,24695
3759,628581,186.58085300000002,1,65,8,5530,268,49117,48798,12921060,15093,30352370,34,0,25324
3760,628674,186.63067,1,65,9,5495,287,49817,48297,12874449,14733,29623370,41,0,27438
3761,628710,186.664251,1,65,10,4002,248,33581,33277,9519962,8018,16025495,27,0,23467
3762,628855,186.714237,1,65,11,5718,269,49986,49486,13461640,15764,31711145,34,0,26405
3763,628959,186.764204,1,65,12,5552,270,49967,48652,12948441,15000,30164045,38,0,29286
3764,629051,186.813728,1,65,13,5181,285,49524,48050,12192110,13474,27073895,39,0,26840
3765,629087,186.847589,1,65,14,3756,248,33861,32866,9022695,7519,15015020,29,0,26031
3766,629233,186.897176,1,65,15,5559,269,49587,48488,13046849,14222,28587835,34,0,24774
3767,629338,186.947336,1,65,16,5695,287,50160,49351,13299991,15830,31844035,41,0,27681
3768,629428,186.997362,1,65,17,5855,268,50026,49640,13676809,16753,33713110,35,0,26045
3769,629517,187.030468,1,65,18,3716,249,33106,32024,8872570,6240,12424285,27,0,24760
3770,629607,187.080588,1,65,19,5644,270,50120,48788,13132808,15560,31297285,38,0,27854
3771,629712,187.130435,1,65,20,5637,285,49847,49045,13163305,15580,31337785,40,0,26314
3772,629802,187.164508,1,65,21,3905,249,34073,33000,9306786,7210,14388535,28,0,25043
3773,629893,187.2143,1,65,22,5540,268,49792,48881,13008097,15205,30578410,35,0,25765
3774,630026,187.264259,1,65,23,5465,287,49959,48409,12718245,14585,29322910,42,0,27827
3775,630116,187.31384400000002,1,65,24,5543,268,49585,48576,12963476,15149,30465010,35,0,26699
3776,630204,187.34797700000001,1,65,25,4006,249,34133,33434,9397604,7635,15252958,27,0,24644
3777,630313,187.397366,1,65,26,5493,268,49389,47866,12803040,14980,30126583,37,0,25151
3778,630405,187.447213,1,65,27,5675,287,49847,49610,13289298,15580,31341583,41,0,28157
3779,630477,187.48087800000002,1,65,28,4045,249,33665,33433,9519260,7840,15668083,28,0,24339
3780,630599,187.53078100000002,1,65,29,5505,268,49903,48565,12830715,15064,30292126,36,0,26216
3781,630691,187.5809,1,66,0,5745,287,50119,48578,13344378,15911,32007301,43,0,29420
3782,630727,187.61436300000003,1,66,1,3979,248,33463,32688,9375834,7880,15746045,28,0,24619
3783,630887,187.66427600000003,1,66,2,5949,269,49913,49537,13742372,16760,33728045,35,0,28045
3784,630978,187.71396600000003,1,66,3,5718,287,49690,48601,13361551,16015,32219420,40,0,26280
3785,631068,187.74720200000002,1,66,4,4098,249,33236,32901,9685555,8111,16213820,27,0,23772
3786,631172,187.797617,1,66,5,5777,287,50415,48888,13507310,16258,32707697,40,0,30106
3787,631209,187.831043,1,66,6,3919,248,33426,32406,9320791,8131,16250522,29,0,25545
3788,631353,187.88059099999998,1,66,7,5830,269,49548,48833,13457803,15527,31218308,34,0,25717
3789,631445,187.930895,1,66,8,5707,287,50304,48731,13067927,15496,31150976,41,0,30389
3790,631577,187.980549,1,66,9,6022,269,49654,49321,13807516,17226,34654226,34,0,27392
3791,631667,188.013811,1,66,10,3945,248,33262,32274,9126417,7031,14009351,28,0,24136
3792,631758,188.06409200000002,1,66,11,5775,287,50281,49191,13256777,15796,31759995,43,0,30789
3793,631830,188.09770100000003,1,66,12,4168,249,33609,33303,9654488,8161,16297601,27,0,25034
3794,631952,188.14713900000004,1,66,13,5715,268,49438,47682,13019723,15639,31440551,35,0,25057
3795,632043,188.19732000000005,1,66,14,5835,287,50181,49160,13346555,16242,32661626,39,0,29380
3796,632115,188.23107000000005,1,66,15,4053,249,33750,32827,9430100,7656,15278774,28,0,23715
3797,632236,188.28071000000006,1,66,16,5937,270,49640,49166,13522421,16551,33295706,35,0,29794
3798,632327,188.33051100000006,1,66,17,5698,285,49801,48451,13085763,15649,31469156,41,0,26982
3799,632397,188.36423400000007,1,66,18,4062,249,33723,32598,9433479,7680,15336488,27,0,23703
3800,632521,188.41402200000007,1,66,19,5878,287,49788,49508,13493923,16504,33205088,40,0,29152
3801,632613,188.46377900000007,1,66,20,5787,268,49757,48207,13349588,16214,32617838,34,0,27401
3802,632703,188.49757800000006,1,66,21,4059,249,33799,33385,9483840,7674,15324338,27,0,24107
3803,632835,188.54707100000007,1,66,22,5769,268,49493,47922,13179161,16093,32374332,34,0,28297
3804,632927,188.59757600000006,1,66,23,5860,287,50505,49494,13434235,16283,32759082,42,0,29079
3805,633015,188.63101300000005,1,66,24,3979,249,33437,32340,9234004,7318,14604957,28,0,24262
3806,633120,188.68073600000005,1,66,25,5942,270,49723,49299,13669039,16860,33923709,35,0,30077
3807,633212,188.73053100000004,1,66,26,5821,285,49795,48991,13376419,16263,32714784,40,0,27428
3808,633301,188.76402100000004,1,66,27,3891,249,33490,32421,9174731,6840,13633209,28,0,23206
3809,633406,188.81380200000004,1,66,28,5872,287,49781,49346,13537935,16454,33101559,40,0,29312
3810,633476,188.84751000000003,1,66,29,4213,249,33708,33606,9852512,8494,16976483,27,0,23670
3811,633588,188.89747100000002,0,67,0,5165,268,49961,49377,10479408,12969,26038358,39,1,29080
3812,633679,188.96383500000002,0,67,1,6750,287,66364,63969,0,20744,41782733,48,0,46339
3813,633783,189.030605,0,67,2,7701,318,66770,64569,0,17647,35506520,55,0,71364
