timestamp, clocks.current.sm [MHz], clocks.current.memory [MHz], utilization.gpu [%], power.draw [W], temperature.gpu, clocks_event_reasons.active
2026/09/19 21:32:38.932, 1650 MHz, 14301 MHz, 2 %, 22.75 W, 50, 0x0000000000000400
2026/09/19 21:32:39.436, 1650 MHz, 14301 MHz, 3 %, 22.99 W, 51, 0x0000000000000400
2026/09/19 21:32:39.942, 1642 MHz, 14301 MHz, 1 %, 23.46 W, 51, 0x0000000000000400
2026/09/19 21:32:40.446, 1657 MHz, 14301 MHz, 1 %, 23.56 W, 51, 0x0000000000000400
2026/09/19 21:32:40.953, 1642 MHz, 14301 MHz, 1 %, 22.96 W, 51, 0x0000000000000400
2026/09/19 21:32:41.459, 1627 MHz, 14301 MHz, 1 %, 22.98 W, 51, 0x0000000000000400
2026/09/19 21:32:41.967, 1665 MHz, 14301 MHz, 2 %, 23.12 W, 51, 0x0000000000000400
2026/09/19 21:32:42.473, 1650 MHz, 14301 MHz, 2 %, 23.07 W, 51, 0x0000000000000400
2026/09/19 21:32:42.979, 1650 MHz, 14301 MHz, 2 %, 23.08 W, 51, 0x0000000000000400
2026/09/19 21:32:43.481, 1657 MHz, 14301 MHz, 2 %, 23.07 W, 51, 0x0000000000000400
2026/09/19 21:32:43.985, 1650 MHz, 14301 MHz, 2 %, 23.07 W, 51, 0x0000000000000400
2026/09/19 21:32:44.491, 1650 MHz, 14301 MHz, 1 %, 23.21 W, 51, 0x0000000000000400
2026/09/19 21:32:44.997, 1665 MHz, 14301 MHz, 1 %, 23.17 W, 51, 0x0000000000000400
2026/09/19 21:32:45.504, 1657 MHz, 14301 MHz, 12 %, 23.36 W, 52, 0x0000000000000400
2026/09/19 21:32:46.006, 1957 MHz, 14301 MHz, 4 %, 25.23 W, 52, 0x0000000000000400
2026/09/19 21:32:46.516, 1627 MHz, 14301 MHz, 1 %, 24.76 W, 52, 0x0000000000000400
2026/09/19 21:32:47.030, 1635 MHz, 14301 MHz, 7 %, 23.11 W, 52, 0x0000000000000400
2026/09/19 21:32:47.531, 2175 MHz, 14301 MHz, 16 %, 34.78 W, 54, 0x0000000000000400
2026/09/19 21:32:48.036, 2062 MHz, 14301 MHz, 15 %, 43.53 W, 54, 0x0000000000000400
2026/09/19 21:32:48.539, 2055 MHz, 14301 MHz, 16 %, 42.05 W, 54, 0x0000000000000400
2026/09/19 21:32:49.039, 2055 MHz, 14301 MHz, 15 %, 42.03 W, 54, 0x0000000000000400
2026/09/19 21:32:49.542, 2025 MHz, 14301 MHz, 18 %, 42.26 W, 54, 0x0000000000000400
2026/09/19 21:32:50.055, 2002 MHz, 14301 MHz, 15 %, 42.06 W, 54, 0x0000000000000400
2026/09/19 21:32:50.557, 2940 MHz, 14301 MHz, 97 %, 55.22 W, 57, 0x0000000000000400
2026/09/19 21:32:51.060, 2947 MHz, 14301 MHz, 98 %, 77.42 W, 58, 0x0000000000000400
2026/09/19 21:32:51.576, 2955 MHz, 14301 MHz, 99 %, 81.91 W, 59, 0x0000000000000400
2026/09/19 21:32:52.081, 2962 MHz, 14301 MHz, 99 %, 79.12 W, 59, 0x0000000000000400
2026/09/19 21:32:52.581, 2962 MHz, 14301 MHz, 99 %, 77.23 W, 59, 0x0000000000000400
2026/09/19 21:32:53.082, 2962 MHz, 14301 MHz, 99 %, 76.55 W, 59, 0x0000000000000400
2026/09/19 21:32:53.584, 2962 MHz, 14301 MHz, 99 %, 76.79 W, 60, 0x0000000000000400
2026/09/19 21:32:54.087, 2962 MHz, 14301 MHz, 99 %, 76.90 W, 60, 0x0000000000000400
2026/09/19 21:32:54.591, 2962 MHz, 14301 MHz, 98 %, 76.89 W, 60, 0x0000000000000400
2026/09/19 21:32:55.094, 2962 MHz, 14301 MHz, 99 %, 76.68 W, 60, 0x0000000000000400
2026/09/19 21:32:55.609, 2962 MHz, 14301 MHz, 98 %, 76.81 W, 60, 0x0000000000000400
2026/09/19 21:32:56.123, 2962 MHz, 14301 MHz, 99 %, 76.90 W, 61, 0x0000000000000400
2026/09/19 21:32:56.636, 2962 MHz, 14301 MHz, 99 %, 76.95 W, 61, 0x0000000000000400
2026/09/19 21:32:57.140, 2962 MHz, 14301 MHz, 99 %, 76.91 W, 61, 0x0000000000000400
2026/09/19 21:32:57.645, 2962 MHz, 14301 MHz, 99 %, 77.01 W, 61, 0x0000000000000400
2026/09/19 21:32:58.158, 2962 MHz, 14301 MHz, 99 %, 77.04 W, 61, 0x0000000000000400
2026/09/19 21:32:58.673, 2962 MHz, 14301 MHz, 98 %, 77.22 W, 61, 0x0000000000000400
2026/09/19 21:32:59.188, 2962 MHz, 14301 MHz, 99 %, 76.79 W, 62, 0x0000000000000400
2026/09/19 21:32:59.693, 2962 MHz, 14301 MHz, 99 %, 76.77 W, 61, 0x0000000000000400
2026/09/19 21:33:00.195, 2962 MHz, 14301 MHz, 99 %, 77.22 W, 62, 0x0000000000000400
2026/09/19 21:33:00.700, 2962 MHz, 14301 MHz, 99 %, 77.32 W, 62, 0x0000000000000400
2026/09/19 21:33:01.202, 2962 MHz, 14301 MHz, 99 %, 77.32 W, 62, 0x0000000000000400
2026/09/19 21:33:01.704, 2962 MHz, 14301 MHz, 99 %, 77.40 W, 62, 0x0000000000000400
2026/09/19 21:33:02.204, 2962 MHz, 14301 MHz, 99 %, 77.45 W, 63, 0x0000000000000400
2026/09/19 21:33:02.721, 2962 MHz, 14301 MHz, 99 %, 77.58 W, 62, 0x0000000000000400
2026/09/19 21:33:03.222, 2962 MHz, 14301 MHz, 99 %, 77.81 W, 63, 0x0000000000000400
2026/09/19 21:33:03.725, 2962 MHz, 14301 MHz, 99 %, 77.97 W, 63, 0x0000000000000400
2026/09/19 21:33:04.228, 2962 MHz, 14301 MHz, 99 %, 78.22 W, 63, 0x0000000000000400
2026/09/19 21:33:04.731, 2962 MHz, 14301 MHz, 99 %, 78.27 W, 63, 0x0000000000000400
2026/09/19 21:33:05.242, 2962 MHz, 14301 MHz, 99 %, 78.40 W, 63, 0x0000000000000400
2026/09/19 21:33:05.755, 2962 MHz, 14301 MHz, 99 %, 78.60 W, 63, 0x0000000000000400
2026/09/19 21:33:06.257, 2962 MHz, 14301 MHz, 99 %, 78.94 W, 64, 0x0000000000000400
2026/09/19 21:33:06.760, 2797 MHz, 14301 MHz, 76 %, 77.32 W, 63, 0x0000000000000400
2026/09/19 21:33:07.274, 2947 MHz, 14301 MHz, 92 %, 76.10 W, 64, 0x0000000000000400
2026/09/19 21:33:07.786, 2925 MHz, 14301 MHz, 92 %, 76.68 W, 63, 0x0000000000000400
2026/09/19 21:33:08.288, 2910 MHz, 14301 MHz, 94 %, 77.57 W, 64, 0x0000000000000400
2026/09/19 21:33:08.803, 2940 MHz, 14301 MHz, 99 %, 78.22 W, 64, 0x0000000000000400
2026/09/19 21:33:09.317, 2925 MHz, 14301 MHz, 93 %, 78.89 W, 64, 0x0000000000000400
2026/09/19 21:33:09.824, 2902 MHz, 14301 MHz, 95 %, 78.49 W, 64, 0x0000000000000400
2026/09/19 21:33:10.327, 2955 MHz, 14301 MHz, 98 %, 79.06 W, 64, 0x0000000000000400
2026/09/19 21:33:10.828, 2925 MHz, 14301 MHz, 93 %, 79.26 W, 64, 0x0000000000000400
2026/09/19 21:33:11.331, 2940 MHz, 14301 MHz, 99 %, 79.03 W, 64, 0x0000000000000400
2026/09/19 21:33:11.840, 2940 MHz, 14301 MHz, 94 %, 78.57 W, 65, 0x0000000000000400
2026/09/19 21:33:12.356, 2947 MHz, 14301 MHz, 92 %, 78.25 W, 64, 0x0000000000000400
2026/09/19 21:33:12.857, 2940 MHz, 14301 MHz, 91 %, 78.78 W, 64, 0x0000000000000400
2026/09/19 21:33:13.358, 2932 MHz, 14301 MHz, 94 %, 78.83 W, 64, 0x0000000000000400
2026/09/19 21:33:13.874, 2940 MHz, 14301 MHz, 95 %, 79.95 W, 64, 0x0000000000000400
2026/09/19 21:33:14.388, 2947 MHz, 14301 MHz, 99 %, 80.07 W, 65, 0x0000000000000400
2026/09/19 21:33:14.893, 2947 MHz, 14301 MHz, 94 %, 79.87 W, 65, 0x0000000000000400
2026/09/19 21:33:15.398, 2940 MHz, 14301 MHz, 96 %, 79.54 W, 65, 0x0000000000000400
2026/09/19 21:33:15.900, 2917 MHz, 14301 MHz, 95 %, 79.69 W, 65, 0x0000000000000400
2026/09/19 21:33:16.402, 2947 MHz, 14301 MHz, 94 %, 80.10 W, 65, 0x0000000000000400
2026/09/19 21:33:16.908, 2940 MHz, 14301 MHz, 99 %, 79.79 W, 65, 0x0000000000000400
2026/09/19 21:33:17.423, 2947 MHz, 14301 MHz, 96 %, 80.39 W, 65, 0x0000000000000400
2026/09/19 21:33:17.929, 2925 MHz, 14301 MHz, 96 %, 80.78 W, 65, 0x0000000000000400
2026/09/19 21:33:18.431, 2925 MHz, 14301 MHz, 94 %, 80.09 W, 65, 0x0000000000000400
2026/09/19 21:33:18.934, 2932 MHz, 14301 MHz, 99 %, 80.32 W, 65, 0x0000000000000400
2026/09/19 21:33:19.446, 2940 MHz, 14301 MHz, 93 %, 80.38 W, 65, 0x0000000000000400
2026/09/19 21:33:19.953, 2925 MHz, 14301 MHz, 95 %, 79.80 W, 65, 0x0000000000000400
2026/09/19 21:33:20.455, 2910 MHz, 14301 MHz, 87 %, 80.12 W, 65, 0x0000000000000400
2026/09/19 21:33:20.970, 2910 MHz, 14301 MHz, 98 %, 80.12 W, 65, 0x0000000000000400
2026/09/19 21:33:21.482, 2910 MHz, 14301 MHz, 99 %, 80.45 W, 65, 0x0000000000000400
2026/09/19 21:33:21.988, 2932 MHz, 14301 MHz, 96 %, 81.23 W, 66, 0x0000000000000400
2026/09/19 21:33:22.489, 2940 MHz, 14301 MHz, 94 %, 81.88 W, 66, 0x0000000000000400
2026/09/19 21:33:22.993, 2902 MHz, 14301 MHz, 93 %, 81.25 W, 66, 0x0000000000000400
2026/09/19 21:33:23.509, 2910 MHz, 14301 MHz, 93 %, 81.23 W, 65, 0x0000000000000400
2026/09/19 21:33:24.025, 2940 MHz, 14301 MHz, 94 %, 81.83 W, 66, 0x0000000000000400
2026/09/19 21:33:24.528, 2932 MHz, 14301 MHz, 88 %, 81.25 W, 65, 0x0000000000000400
2026/09/19 21:33:25.028, 2910 MHz, 14301 MHz, 98 %, 80.93 W, 65, 0x0000000000000400
2026/09/19 21:33:25.532, 2925 MHz, 14301 MHz, 97 %, 81.41 W, 65, 0x0000000000000400
2026/09/19 21:33:26.033, 2940 MHz, 14301 MHz, 98 %, 81.79 W, 65, 0x0000000000000400
2026/09/19 21:33:26.548, 2947 MHz, 14301 MHz, 94 %, 81.16 W, 65, 0x0000000000000400
2026/09/19 21:33:27.064, 2925 MHz, 14301 MHz, 91 %, 80.02 W, 66, 0x0000000000000400
2026/09/19 21:33:27.569, 2925 MHz, 14301 MHz, 97 %, 79.77 W, 65, 0x0000000000000400
2026/09/19 21:33:28.070, 2910 MHz, 14301 MHz, 89 %, 79.58 W, 65, 0x0000000000000400
2026/09/19 21:33:28.574, 2917 MHz, 14301 MHz, 92 %, 79.11 W, 65, 0x0000000000000400
2026/09/19 21:33:29.074, 2940 MHz, 14301 MHz, 99 %, 79.67 W, 66, 0x0000000000000400
2026/09/19 21:33:29.576, 2947 MHz, 14301 MHz, 99 %, 79.72 W, 65, 0x0000000000000400
2026/09/19 21:33:30.092, 2910 MHz, 14301 MHz, 95 %, 79.37 W, 65, 0x0000000000000400
2026/09/19 21:33:30.594, 2917 MHz, 14301 MHz, 99 %, 78.92 W, 66, 0x0000000000000400
2026/09/19 21:33:31.094, 2940 MHz, 14301 MHz, 96 %, 78.94 W, 65, 0x0000000000000400
2026/09/19 21:33:31.609, 2947 MHz, 14301 MHz, 95 %, 78.75 W, 65, 0x0000000000000400
2026/09/19 21:33:32.122, 2947 MHz, 14301 MHz, 99 %, 79.02 W, 65, 0x0000000000000400
2026/09/19 21:33:32.622, 2955 MHz, 14301 MHz, 99 %, 79.55 W, 65, 0x0000000000000400
2026/09/19 21:33:33.128, 2880 MHz, 14301 MHz, 95 %, 78.58 W, 65, 0x0000000000000400
2026/09/19 21:33:33.642, 2925 MHz, 14301 MHz, 96 %, 78.26 W, 65, 0x0000000000000400
2026/09/19 21:33:34.142, 2917 MHz, 14301 MHz, 94 %, 78.49 W, 65, 0x0000000000000400
2026/09/19 21:33:34.656, 2932 MHz, 14301 MHz, 99 %, 78.64 W, 65, 0x0000000000000400
2026/09/19 21:33:35.171, 2947 MHz, 14301 MHz, 99 %, 79.24 W, 65, 0x0000000000000400
2026/09/19 21:33:35.674, 2955 MHz, 14301 MHz, 99 %, 79.77 W, 65, 0x0000000000000400
2026/09/19 21:33:36.188, 2955 MHz, 14301 MHz, 99 %, 79.83 W, 65, 0x0000000000000400
2026/09/19 21:33:36.694, 2947 MHz, 14301 MHz, 99 %, 79.87 W, 65, 0x0000000000000400
2026/09/19 21:33:37.196, 2955 MHz, 14301 MHz, 98 %, 80.06 W, 65, 0x0000000000000400
2026/09/19 21:33:37.697, 2947 MHz, 14301 MHz, 99 %, 80.12 W, 65, 0x0000000000000400
2026/09/19 21:33:38.197, 2955 MHz, 14301 MHz, 99 %, 80.30 W, 65, 0x0000000000000400
2026/09/19 21:33:38.700, 2947 MHz, 14301 MHz, 99 %, 80.49 W, 65, 0x0000000000000400
2026/09/19 21:33:39.202, 2947 MHz, 14301 MHz, 99 %, 80.60 W, 65, 0x0000000000000400
2026/09/19 21:33:39.703, 2947 MHz, 14301 MHz, 99 %, 80.49 W, 65, 0x0000000000000400
2026/09/19 21:33:40.205, 2947 MHz, 14301 MHz, 98 %, 80.53 W, 65, 0x0000000000000400
2026/09/19 21:33:40.707, 2947 MHz, 14301 MHz, 99 %, 80.73 W, 66, 0x0000000000000400
2026/09/19 21:33:41.211, 2947 MHz, 14301 MHz, 99 %, 81.53 W, 65, 0x0000000000000400
2026/09/19 21:33:41.712, 2947 MHz, 14301 MHz, 99 %, 82.94 W, 66, 0x0000000000000400
2026/09/19 21:33:42.227, 2947 MHz, 14301 MHz, 99 %, 83.68 W, 65, 0x0000000000000400
2026/09/19 21:33:42.729, 2940 MHz, 14301 MHz, 99 %, 83.94 W, 65, 0x0000000000000400
2026/09/19 21:33:43.231, 2947 MHz, 14301 MHz, 99 %, 84.31 W, 66, 0x0000000000000400
2026/09/19 21:33:43.732, 2947 MHz, 14301 MHz, 99 %, 84.54 W, 66, 0x0000000000000400
2026/09/19 21:33:44.234, 2947 MHz, 14301 MHz, 99 %, 84.30 W, 66, 0x0000000000000400
2026/09/19 21:33:44.736, 2947 MHz, 14301 MHz, 99 %, 83.59 W, 65, 0x0000000000000400
2026/09/19 21:33:45.242, 2947 MHz, 14301 MHz, 99 %, 83.57 W, 66, 0x0000000000000400
2026/09/19 21:33:45.747, 2947 MHz, 14301 MHz, 99 %, 83.57 W, 66, 0x0000000000000400
2026/09/19 21:33:46.254, 2947 MHz, 14301 MHz, 98 %, 83.61 W, 66, 0x0000000000000400
2026/09/19 21:33:46.762, 2947 MHz, 14301 MHz, 98 %, 83.64 W, 65, 0x0000000000000400
2026/09/19 21:33:47.266, 2947 MHz, 14301 MHz, 99 %, 83.56 W, 65, 0x0000000000000400
2026/09/19 21:33:47.768, 2947 MHz, 14301 MHz, 99 %, 83.47 W, 66, 0x0000000000000400
2026/09/19 21:33:48.278, 2947 MHz, 14301 MHz, 99 %, 83.54 W, 65, 0x0000000000000400
2026/09/19 21:33:48.784, 2947 MHz, 14301 MHz, 98 %, 83.70 W, 66, 0x0000000000000400
2026/09/19 21:33:49.289, 2947 MHz, 14301 MHz, 99 %, 83.63 W, 66, 0x0000000000000400
2026/09/19 21:33:49.796, 2947 MHz, 14301 MHz, 99 %, 83.59 W, 66, 0x0000000000000400
2026/09/19 21:33:50.296, 2947 MHz, 14301 MHz, 99 %, 83.56 W, 66, 0x0000000000000400
2026/09/19 21:33:50.799, 2947 MHz, 14301 MHz, 99 %, 83.55 W, 66, 0x0000000000000400
2026/09/19 21:33:51.306, 2947 MHz, 14301 MHz, 99 %, 83.64 W, 65, 0x0000000000000400
2026/09/19 21:33:51.808, 2947 MHz, 14301 MHz, 99 %, 83.67 W, 65, 0x0000000000000400
2026/09/19 21:33:52.324, 2947 MHz, 14301 MHz, 99 %, 83.89 W, 66, 0x0000000000000400
2026/09/19 21:33:52.828, 2947 MHz, 14301 MHz, 99 %, 84.14 W, 66, 0x0000000000000400
2026/09/19 21:33:53.334, 2947 MHz, 14301 MHz, 99 %, 83.95 W, 66, 0x0000000000000400
2026/09/19 21:33:53.839, 2947 MHz, 14301 MHz, 99 %, 83.72 W, 65, 0x0000000000000400
2026/09/19 21:33:54.346, 2947 MHz, 14301 MHz, 98 %, 83.80 W, 66, 0x0000000000000400
2026/09/19 21:33:54.846, 2947 MHz, 14301 MHz, 98 %, 84.01 W, 66, 0x0000000000000400
2026/09/19 21:33:55.352, 2947 MHz, 14301 MHz, 99 %, 84.05 W, 66, 0x0000000000000400
2026/09/19 21:33:55.854, 2947 MHz, 14301 MHz, 99 %, 84.09 W, 66, 0x0000000000000400
2026/09/19 21:33:56.368, 2940 MHz, 14301 MHz, 99 %, 84.16 W, 66, 0x0000000000000400
2026/09/19 21:33:56.874, 2940 MHz, 14301 MHz, 98 %, 83.89 W, 66, 0x0000000000000400
2026/09/19 21:33:57.375, 2947 MHz, 14301 MHz, 99 %, 84.10 W, 66, 0x0000000000000400
2026/09/19 21:33:57.877, 2940 MHz, 14301 MHz, 99 %, 84.29 W, 66, 0x0000000000000400
2026/09/19 21:33:58.385, 2940 MHz, 14301 MHz, 99 %, 84.23 W, 66, 0x0000000000000400
2026/09/19 21:33:58.886, 2947 MHz, 14301 MHz, 98 %, 83.93 W, 66, 0x0000000000000400
2026/09/19 21:33:59.390, 2947 MHz, 14301 MHz, 99 %, 83.69 W, 66, 0x0000000000000400
2026/09/19 21:33:59.894, 2947 MHz, 14301 MHz, 98 %, 83.77 W, 66, 0x0000000000000400
2026/09/19 21:34:00.398, 2940 MHz, 14301 MHz, 99 %, 83.79 W, 66, 0x0000000000000400
2026/09/19 21:34:00.901, 2947 MHz, 14301 MHz, 99 %, 83.90 W, 66, 0x0000000000000400
2026/09/19 21:34:01.403, 2947 MHz, 14301 MHz, 99 %, 83.70 W, 66, 0x0000000000000400
2026/09/19 21:34:01.905, 2947 MHz, 14301 MHz, 98 %, 83.50 W, 66, 0x0000000000000400
2026/09/19 21:34:02.406, 2947 MHz, 14301 MHz, 99 %, 83.59 W, 66, 0x0000000000000400
2026/09/19 21:34:02.913, 2947 MHz, 14301 MHz, 99 %, 83.54 W, 66, 0x0000000000000400
2026/09/19 21:34:03.415, 2947 MHz, 14301 MHz, 99 %, 83.49 W, 66, 0x0000000000000400
2026/09/19 21:34:03.920, 2947 MHz, 14301 MHz, 98 %, 83.52 W, 66, 0x0000000000000400
2026/09/19 21:34:04.424, 2947 MHz, 14301 MHz, 99 %, 83.45 W, 66, 0x0000000000000400
2026/09/19 21:34:04.928, 2947 MHz, 14301 MHz, 99 %, 83.61 W, 66, 0x0000000000000400
2026/09/19 21:34:05.443, 2947 MHz, 14301 MHz, 98 %, 83.61 W, 66, 0x0000000000000400
2026/09/19 21:34:05.947, 2947 MHz, 14301 MHz, 98 %, 83.53 W, 66, 0x0000000000000400
2026/09/19 21:34:06.451, 2940 MHz, 14301 MHz, 99 %, 83.56 W, 66, 0x0000000000000400
2026/09/19 21:34:06.958, 2947 MHz, 14301 MHz, 98 %, 83.86 W, 66, 0x0000000000000400
2026/09/19 21:34:07.466, 2947 MHz, 14301 MHz, 99 %, 83.90 W, 66, 0x0000000000000400
2026/09/19 21:34:07.970, 2947 MHz, 14301 MHz, 99 %, 83.93 W, 66, 0x0000000000000400
2026/09/19 21:34:08.476, 2947 MHz, 14301 MHz, 99 %, 83.82 W, 66, 0x0000000000000400
2026/09/19 21:34:08.984, 2947 MHz, 14301 MHz, 99 %, 83.77 W, 66, 0x0000000000000400
2026/09/19 21:34:09.487, 2940 MHz, 14301 MHz, 98 %, 83.93 W, 66, 0x0000000000000400
2026/09/19 21:34:09.992, 2947 MHz, 14301 MHz, 99 %, 84.11 W, 66, 0x0000000000000400
2026/09/19 21:34:10.496, 2947 MHz, 14301 MHz, 98 %, 83.99 W, 66, 0x0000000000000400
2026/09/19 21:34:10.999, 2947 MHz, 14301 MHz, 99 %, 84.06 W, 66, 0x0000000000000400
2026/09/19 21:34:11.503, 2947 MHz, 14301 MHz, 99 %, 84.10 W, 66, 0x0000000000000400
2026/09/19 21:34:12.007, 2947 MHz, 14301 MHz, 99 %, 83.86 W, 66, 0x0000000000000400
2026/09/19 21:34:12.513, 2947 MHz, 14301 MHz, 99 %, 83.96 W, 66, 0x0000000000000400
2026/09/19 21:34:13.020, 2940 MHz, 14301 MHz, 98 %, 84.08 W, 66, 0x0000000000000400
2026/09/19 21:34:13.528, 2947 MHz, 14301 MHz, 99 %, 84.14 W, 66, 0x0000000000000400
2026/09/19 21:34:14.034, 2947 MHz, 14301 MHz, 99 %, 84.22 W, 66, 0x0000000000000400
2026/09/19 21:34:14.541, 2947 MHz, 14301 MHz, 99 %, 83.92 W, 66, 0x0000000000000400
2026/09/19 21:34:15.045, 2947 MHz, 14301 MHz, 99 %, 83.81 W, 66, 0x0000000000000400
2026/09/19 21:34:15.548, 2947 MHz, 14301 MHz, 99 %, 83.92 W, 66, 0x0000000000000400
2026/09/19 21:34:16.053, 2947 MHz, 14301 MHz, 99 %, 84.10 W, 66, 0x0000000000000400
2026/09/19 21:34:16.559, 2947 MHz, 14301 MHz, 98 %, 84.25 W, 66, 0x0000000000000400
2026/09/19 21:34:17.065, 2947 MHz, 14301 MHz, 99 %, 84.23 W, 66, 0x0000000000000400
2026/09/19 21:34:17.567, 2940 MHz, 14301 MHz, 99 %, 84.17 W, 66, 0x0000000000000400
2026/09/19 21:34:18.075, 2947 MHz, 14301 MHz, 99 %, 84.09 W, 66, 0x0000000000000400
2026/09/19 21:34:18.576, 2947 MHz, 14301 MHz, 99 %, 84.07 W, 66, 0x0000000000000400
2026/09/19 21:34:19.080, 2947 MHz, 14301 MHz, 98 %, 84.21 W, 66, 0x0000000000000400
2026/09/19 21:34:19.584, 2947 MHz, 14301 MHz, 98 %, 84.34 W, 66, 0x0000000000000400
2026/09/19 21:34:20.086, 2947 MHz, 14301 MHz, 99 %, 84.36 W, 66, 0x0000000000000400
2026/09/19 21:34:20.593, 2947 MHz, 14301 MHz, 99 %, 84.25 W, 66, 0x0000000000000400
2026/09/19 21:34:21.097, 2947 MHz, 14301 MHz, 98 %, 84.07 W, 66, 0x0000000000000400
2026/09/19 21:34:21.600, 2947 MHz, 14301 MHz, 99 %, 84.18 W, 66, 0x0000000000000400
2026/09/19 21:34:22.113, 2940 MHz, 14301 MHz, 99 %, 84.42 W, 66, 0x0000000000000400
2026/09/19 21:34:22.617, 2940 MHz, 14301 MHz, 98 %, 84.54 W, 66, 0x0000000000000400
2026/09/19 21:34:23.122, 2940 MHz, 14301 MHz, 99 %, 84.51 W, 66, 0x0000000000000400
2026/09/19 21:34:23.623, 2940 MHz, 14301 MHz, 98 %, 84.38 W, 66, 0x0000000000000400
2026/09/19 21:34:24.127, 2940 MHz, 14301 MHz, 99 %, 84.07 W, 66, 0x0000000000000400
2026/09/19 21:34:24.632, 2940 MHz, 14301 MHz, 98 %, 84.18 W, 66, 0x0000000000000400
2026/09/19 21:34:25.137, 2460 MHz, 14301 MHz, 52 %, 71.26 W, 64, 0x0000000000000400
2026/09/19 21:34:25.652, 2460 MHz, 14301 MHz, 52 %, 54.85 W, 63, 0x0000000000000400
2026/09/19 21:34:26.155, 2520 MHz, 14301 MHz, 53 %, 54.37 W, 63, 0x0000000000000400
2026/09/19 21:34:26.659, 2542 MHz, 14301 MHz, 53 %, 54.64 W, 64, 0x0000000000000400
2026/09/19 21:34:27.160, 2467 MHz, 14301 MHz, 52 %, 54.39 W, 63, 0x0000000000000400
2026/09/19 21:34:27.665, 2527 MHz, 14301 MHz, 56 %, 54.54 W, 63, 0x0000000000000400
2026/09/19 21:34:28.170, 2452 MHz, 14301 MHz, 53 %, 54.28 W, 62, 0x0000000000000400
2026/09/19 21:34:28.677, 2505 MHz, 14301 MHz, 53 %, 54.16 W, 62, 0x0000000000000400
2026/09/19 21:34:29.193, 2520 MHz, 14301 MHz, 50 %, 54.36 W, 63, 0x0000000000000400
2026/09/19 21:34:29.699, 2520 MHz, 14301 MHz, 53 %, 54.05 W, 63, 0x0000000000000400
2026/09/19 21:34:30.202, 2445 MHz, 14301 MHz, 56 %, 53.38 W, 62, 0x0000000000000400
2026/09/19 21:34:30.704, 2490 MHz, 14301 MHz, 53 %, 53.89 W, 62, 0x0000000000000400
2026/09/19 21:34:31.206, 2527 MHz, 14301 MHz, 54 %, 54.33 W, 62, 0x0000000000000400
2026/09/19 21:34:31.707, 2490 MHz, 14301 MHz, 52 %, 54.11 W, 63, 0x0000000000000400
2026/09/19 21:34:32.221, 2497 MHz, 14301 MHz, 57 %, 54.03 W, 62, 0x0000000000000400
2026/09/19 21:34:32.735, 2482 MHz, 14301 MHz, 54 %, 54.14 W, 62, 0x0000000000000400
2026/09/19 21:34:33.238, 2527 MHz, 14301 MHz, 52 %, 54.19 W, 62, 0x0000000000000400
2026/09/19 21:34:33.744, 2835 MHz, 14301 MHz, 98 %, 60.25 W, 64, 0x0000000000000400
2026/09/19 21:34:34.247, 2955 MHz, 14301 MHz, 98 %, 73.06 W, 64, 0x0000000000000400
2026/09/19 21:34:34.762, 2955 MHz, 14301 MHz, 99 %, 83.88 W, 65, 0x0000000000000400
2026/09/19 21:34:35.276, 2940 MHz, 14301 MHz, 98 %, 84.24 W, 65, 0x0000000000000400
2026/09/19 21:34:35.778, 2947 MHz, 14301 MHz, 99 %, 84.16 W, 65, 0x0000000000000400
2026/09/19 21:34:36.286, 2947 MHz, 14301 MHz, 98 %, 83.51 W, 65, 0x0000000000000400
2026/09/19 21:34:36.787, 2940 MHz, 14301 MHz, 98 %, 83.63 W, 65, 0x0000000000000400
2026/09/19 21:34:37.292, 2940 MHz, 14301 MHz, 99 %, 84.56 W, 65, 0x0000000000000400
2026/09/19 21:34:37.792, 2940 MHz, 14301 MHz, 99 %, 84.65 W, 65, 0x0000000000000400
2026/09/19 21:34:38.297, 2940 MHz, 14301 MHz, 99 %, 84.73 W, 65, 0x0000000000000400
2026/09/19 21:34:38.812, 2940 MHz, 14301 MHz, 98 %, 84.61 W, 65, 0x0000000000000400
2026/09/19 21:34:39.312, 2940 MHz, 14301 MHz, 99 %, 84.45 W, 65, 0x0000000000000400
2026/09/19 21:34:39.812, 2940 MHz, 14301 MHz, 98 %, 84.57 W, 65, 0x0000000000000400
2026/09/19 21:34:40.315, 2940 MHz, 14301 MHz, 98 %, 84.79 W, 66, 0x0000000000000400
2026/09/19 21:34:40.820, 2940 MHz, 14301 MHz, 99 %, 84.62 W, 65, 0x0000000000000400
2026/09/19 21:34:41.328, 2947 MHz, 14301 MHz, 99 %, 84.65 W, 66, 0x0000000000000400
2026/09/19 21:34:41.841, 2940 MHz, 14301 MHz, 99 %, 84.76 W, 65, 0x0000000000000400
2026/09/19 21:34:42.356, 2940 MHz, 14301 MHz, 99 %, 84.91 W, 66, 0x0000000000000400
2026/09/19 21:34:42.857, 2475 MHz, 14301 MHz, 53 %, 71.90 W, 63, 0x0000000000000400
2026/09/19 21:34:43.372, 2437 MHz, 14301 MHz, 52 %, 56.63 W, 63, 0x0000000000000400
2026/09/19 21:34:43.876, 2520 MHz, 14301 MHz, 56 %, 54.44 W, 62, 0x0000000000000400
2026/09/19 21:34:44.381, 2550 MHz, 14301 MHz, 51 %, 54.61 W, 62, 0x0000000000000400
2026/09/19 21:34:44.885, 2520 MHz, 14301 MHz, 53 %, 54.38 W, 62, 0x0000000000000400
2026/09/19 21:34:45.386, 2475 MHz, 14301 MHz, 55 %, 54.45 W, 62, 0x0000000000000400
2026/09/19 21:34:45.891, 2497 MHz, 14301 MHz, 51 %, 54.64 W, 63, 0x0000000000000400
2026/09/19 21:34:46.398, 2497 MHz, 14301 MHz, 53 %, 53.76 W, 62, 0x0000000000000400
2026/09/19 21:34:46.901, 2557 MHz, 14301 MHz, 53 %, 54.24 W, 62, 0x0000000000000400
2026/09/19 21:34:47.405, 2482 MHz, 14301 MHz, 52 %, 54.35 W, 61, 0x0000000000000400
2026/09/19 21:34:47.906, 2490 MHz, 14301 MHz, 50 %, 54.04 W, 62, 0x0000000000000400
2026/09/19 21:34:48.408, 2490 MHz, 14301 MHz, 53 %, 53.83 W, 62, 0x0000000000000400
2026/09/19 21:34:48.912, 2527 MHz, 14301 MHz, 55 %, 54.14 W, 61, 0x0000000000000400
2026/09/19 21:34:49.415, 2497 MHz, 14301 MHz, 53 %, 54.62 W, 61, 0x0000000000000400
2026/09/19 21:34:49.917, 2490 MHz, 14301 MHz, 51 %, 54.44 W, 62, 0x0000000000000400
2026/09/19 21:34:50.432, 2467 MHz, 14301 MHz, 53 %, 53.63 W, 62, 0x0000000000000400
2026/09/19 21:34:50.937, 2955 MHz, 14301 MHz, 98 %, 61.79 W, 63, 0x0000000000000400
2026/09/19 21:34:51.439, 2955 MHz, 14301 MHz, 98 %, 75.43 W, 64, 0x0000000000000400
2026/09/19 21:34:51.942, 2955 MHz, 14301 MHz, 99 %, 83.30 W, 64, 0x0000000000000400
2026/09/19 21:34:52.444, 2955 MHz, 14301 MHz, 99 %, 83.32 W, 65, 0x0000000000000400
2026/09/19 21:34:52.944, 2955 MHz, 14301 MHz, 98 %, 83.32 W, 64, 0x0000000000000400
2026/09/19 21:34:53.447, 2955 MHz, 14301 MHz, 98 %, 82.87 W, 64, 0x0000000000000400
2026/09/19 21:34:53.954, 2955 MHz, 14301 MHz, 99 %, 82.90 W, 65, 0x0000000000000400
2026/09/19 21:34:54.454, 2955 MHz, 14301 MHz, 99 %, 83.60 W, 65, 0x0000000000000400
2026/09/19 21:34:54.957, 2955 MHz, 14301 MHz, 99 %, 83.74 W, 65, 0x0000000000000400
2026/09/19 21:34:55.460, 2955 MHz, 14301 MHz, 98 %, 83.77 W, 65, 0x0000000000000400
2026/09/19 21:34:55.965, 2955 MHz, 14301 MHz, 99 %, 83.77 W, 65, 0x0000000000000400
2026/09/19 21:34:56.469, 2955 MHz, 14301 MHz, 98 %, 83.70 W, 65, 0x0000000000000400
2026/09/19 21:34:56.974, 2955 MHz, 14301 MHz, 99 %, 83.87 W, 65, 0x0000000000000400
2026/09/19 21:34:57.478, 2955 MHz, 14301 MHz, 98 %, 84.00 W, 65, 0x0000000000000400
2026/09/19 21:34:57.980, 2955 MHz, 14301 MHz, 99 %, 84.06 W, 65, 0x0000000000000400
2026/09/19 21:34:58.489, 2955 MHz, 14301 MHz, 99 %, 83.94 W, 65, 0x0000000000000400
2026/09/19 21:34:58.991, 2955 MHz, 14301 MHz, 99 %, 83.78 W, 65, 0x0000000000000400
2026/09/19 21:34:59.494, 2955 MHz, 14301 MHz, 99 %, 83.62 W, 65, 0x0000000000000400
2026/09/19 21:34:59.997, 2602 MHz, 14301 MHz, 51 %, 77.17 W, 64, 0x0000000000000400
2026/09/19 21:35:00.505, 2482 MHz, 14301 MHz, 50 %, 62.02 W, 63, 0x0000000000000400
2026/09/19 21:35:01.007, 2490 MHz, 14301 MHz, 51 %, 53.41 W, 62, 0x0000000000000400
2026/09/19 21:35:01.510, 2490 MHz, 14301 MHz, 53 %, 53.34 W, 62, 0x0000000000000400
2026/09/19 21:35:02.023, 2445 MHz, 14301 MHz, 51 %, 53.56 W, 62, 0x0000000000000400
2026/09/19 21:35:02.524, 2497 MHz, 14301 MHz, 51 %, 53.50 W, 62, 0x0000000000000400
2026/09/19 21:35:03.027, 2467 MHz, 14301 MHz, 55 %, 53.19 W, 62, 0x0000000000000400
2026/09/19 21:35:03.531, 2467 MHz, 14301 MHz, 53 %, 53.44 W, 62, 0x0000000000000400
2026/09/19 21:35:04.038, 2437 MHz, 14301 MHz, 54 %, 53.66 W, 61, 0x0000000000000400
2026/09/19 21:35:04.541, 2542 MHz, 14301 MHz, 52 %, 53.47 W, 61, 0x0000000000000400
2026/09/19 21:35:05.042, 2550 MHz, 14301 MHz, 51 %, 53.74 W, 61, 0x0000000000000400
2026/09/19 21:35:05.559, 2482 MHz, 14301 MHz, 52 %, 53.59 W, 62, 0x0000000000000400
2026/09/19 21:35:06.063, 2460 MHz, 14301 MHz, 53 %, 53.11 W, 62, 0x0000000000000400
2026/09/19 21:35:06.567, 2497 MHz, 14301 MHz, 53 %, 53.16 W, 62, 0x0000000000000400
2026/09/19 21:35:07.069, 2452 MHz, 14301 MHz, 54 %, 53.29 W, 61, 0x0000000000000400
2026/09/19 21:35:07.574, 2542 MHz, 14301 MHz, 54 %, 53.43 W, 61, 0x0000000000000400
2026/09/19 21:35:08.079, 2452 MHz, 14301 MHz, 52 %, 53.71 W, 61, 0x0000000000000400
2026/09/19 21:35:08.589, 2467 MHz, 14301 MHz, 51 %, 53.33 W, 61, 0x0000000000000400
2026/09/19 21:35:09.104, 2955 MHz, 14301 MHz, 98 %, 64.61 W, 63, 0x0000000000000400
2026/09/19 21:35:09.611, 2955 MHz, 14301 MHz, 99 %, 80.47 W, 64, 0x0000000000000400
2026/09/19 21:35:10.115, 2955 MHz, 14301 MHz, 98 %, 82.91 W, 64, 0x0000000000000400
2026/09/19 21:35:10.618, 2955 MHz, 14301 MHz, 99 %, 83.10 W, 64, 0x0000000000000400
2026/09/19 21:35:11.133, 2955 MHz, 14301 MHz, 98 %, 83.05 W, 64, 0x0000000000000400
2026/09/19 21:35:11.638, 2955 MHz, 14301 MHz, 99 %, 83.01 W, 64, 0x0000000000000400
2026/09/19 21:35:12.139, 2955 MHz, 14301 MHz, 99 %, 83.40 W, 64, 0x0000000000000400
2026/09/19 21:35:12.641, 2955 MHz, 14301 MHz, 99 %, 83.78 W, 64, 0x0000000000000400
2026/09/19 21:35:13.149, 2955 MHz, 14301 MHz, 99 %, 83.79 W, 65, 0x0000000000000400
2026/09/19 21:35:13.654, 2955 MHz, 14301 MHz, 99 %, 83.66 W, 65, 0x0000000000000400
2026/09/19 21:35:14.157, 2955 MHz, 14301 MHz, 98 %, 83.59 W, 65, 0x0000000000000400
2026/09/19 21:35:14.657, 2955 MHz, 14301 MHz, 98 %, 83.59 W, 65, 0x0000000000000400
2026/09/19 21:35:15.159, 2955 MHz, 14301 MHz, 99 %, 83.72 W, 64, 0x0000000000000400
2026/09/19 21:35:15.666, 2955 MHz, 14301 MHz, 99 %, 83.83 W, 64, 0x0000000000000400
2026/09/19 21:35:16.168, 2955 MHz, 14301 MHz, 99 %, 83.81 W, 65, 0x0000000000000400
2026/09/19 21:35:16.669, 2955 MHz, 14301 MHz, 99 %, 83.73 W, 64, 0x0000000000000400
2026/09/19 21:35:17.173, 2955 MHz, 14301 MHz, 98 %, 83.79 W, 65, 0x0000000000000400
2026/09/19 21:35:17.675, 2955 MHz, 14301 MHz, 99 %, 84.10 W, 65, 0x0000000000000400
2026/09/19 21:35:18.177, 2497 MHz, 14301 MHz, 50 %, 73.00 W, 63, 0x0000000000000400
2026/09/19 21:35:18.678, 2512 MHz, 14301 MHz, 50 %, 57.75 W, 62, 0x0000000000000400
2026/09/19 21:35:19.181, 2475 MHz, 14301 MHz, 51 %, 53.35 W, 62, 0x0000000000000400
2026/09/19 21:35:19.695, 2490 MHz, 14301 MHz, 53 %, 53.31 W, 62, 0x0000000000000400
2026/09/19 21:35:20.198, 2452 MHz, 14301 MHz, 55 %, 53.41 W, 61, 0x0000000000000400
2026/09/19 21:35:20.704, 2482 MHz, 14301 MHz, 52 %, 53.52 W, 61, 0x0000000000000400
2026/09/19 21:35:21.211, 2490 MHz, 14301 MHz, 50 %, 53.71 W, 61, 0x0000000000000400
2026/09/19 21:35:21.714, 2422 MHz, 14301 MHz, 54 %, 53.21 W, 62, 0x0000000000000400
2026/09/19 21:35:22.217, 2445 MHz, 14301 MHz, 52 %, 53.32 W, 62, 0x0000000000000400
2026/09/19 21:35:22.723, 2520 MHz, 14301 MHz, 53 %, 53.69 W, 61, 0x0000000000000400
2026/09/19 21:35:23.224, 2482 MHz, 14301 MHz, 54 %, 53.59 W, 61, 0x0000000000000400
2026/09/19 21:35:23.725, 2445 MHz, 14301 MHz, 52 %, 53.49 W, 61, 0x0000000000000400
2026/09/19 21:35:24.231, 2407 MHz, 14301 MHz, 55 %, 52.94 W, 61, 0x0000000000000400
2026/09/19 21:35:24.735, 2475 MHz, 14301 MHz, 51 %, 52.84 W, 61, 0x0000000000000400
2026/09/19 21:35:25.240, 2512 MHz, 14301 MHz, 54 %, 53.47 W, 61, 0x0000000000000400
2026/09/19 21:35:25.743, 2497 MHz, 14301 MHz, 51 %, 53.48 W, 61, 0x0000000000000400
2026/09/19 21:35:26.258, 2460 MHz, 14301 MHz, 51 %, 53.54 W, 61, 0x0000000000000400
2026/09/19 21:35:26.762, 2700 MHz, 14301 MHz, 99 %, 57.41 W, 63, 0x0000000000000400
2026/09/19 21:35:27.268, 2955 MHz, 14301 MHz, 98 %, 71.16 W, 64, 0x0000000000000400
2026/09/19 21:35:27.771, 2955 MHz, 14301 MHz, 99 %, 83.51 W, 64, 0x0000000000000400
2026/09/19 21:35:28.286, 2955 MHz, 14301 MHz, 98 %, 83.62 W, 64, 0x0000000000000400
2026/09/19 21:35:28.790, 2955 MHz, 14301 MHz, 99 %, 83.31 W, 64, 0x0000000000000400
2026/09/19 21:35:29.297, 2955 MHz, 14301 MHz, 98 %, 82.99 W, 64, 0x0000000000000400
2026/09/19 21:35:29.802, 2955 MHz, 14301 MHz, 98 %, 83.08 W, 64, 0x0000000000000400
2026/09/19 21:35:30.304, 2955 MHz, 14301 MHz, 98 %, 83.46 W, 64, 0x0000000000000400
2026/09/19 21:35:30.817, 2955 MHz, 14301 MHz, 99 %, 83.80 W, 64, 0x0000000000000400
2026/09/19 21:35:31.323, 2955 MHz, 14301 MHz, 99 %, 83.75 W, 64, 0x0000000000000400
2026/09/19 21:35:31.824, 2955 MHz, 14301 MHz, 99 %, 83.53 W, 64, 0x0000000000000400
2026/09/19 21:35:32.326, 2955 MHz, 14301 MHz, 99 %, 83.45 W, 64, 0x0000000000000400
2026/09/19 21:35:32.833, 2955 MHz, 14301 MHz, 99 %, 83.62 W, 64, 0x0000000000000400
2026/09/19 21:35:33.337, 2955 MHz, 14301 MHz, 98 %, 83.81 W, 64, 0x0000000000000400
2026/09/19 21:35:33.852, 2955 MHz, 14301 MHz, 99 %, 83.75 W, 65, 0x0000000000000400
2026/09/19 21:35:34.355, 2955 MHz, 14301 MHz, 99 %, 83.62 W, 64, 0x0000000000000400
2026/09/19 21:35:34.870, 2955 MHz, 14301 MHz, 99 %, 83.53 W, 64, 0x0000000000000400
2026/09/19 21:35:35.373, 2955 MHz, 14301 MHz, 99 %, 83.45 W, 65, 0x0000000000000400
2026/09/19 21:35:35.875, 2625 MHz, 14301 MHz, 51 %, 76.86 W, 63, 0x0000000000000400
2026/09/19 21:35:36.378, 2520 MHz, 14301 MHz, 52 %, 62.21 W, 62, 0x0000000000000400
2026/09/19 21:35:36.880, 2505 MHz, 14301 MHz, 52 %, 53.96 W, 62, 0x0000000000000400
2026/09/19 21:35:37.389, 2490 MHz, 14301 MHz, 54 %, 53.44 W, 61, 0x0000000000000400
2026/09/19 21:35:37.894, 2475 MHz, 14301 MHz, 53 %, 53.67 W, 61, 0x0000000000000400
2026/09/19 21:35:38.406, 2490 MHz, 14301 MHz, 52 %, 53.65 W, 61, 0x0000000000000400
2026/09/19 21:35:38.913, 2497 MHz, 14301 MHz, 51 %, 53.44 W, 61, 0x0000000000000400
2026/09/19 21:35:39.420, 2475 MHz, 14301 MHz, 52 %, 53.57 W, 61, 0x0000000000000400
2026/09/19 21:35:39.923, 2542 MHz, 14301 MHz, 54 %, 53.65 W, 61, 0x0000000000000400
2026/09/19 21:35:40.427, 2482 MHz, 14301 MHz, 54 %, 53.60 W, 61, 0x0000000000000400
2026/09/19 21:35:40.931, 2445 MHz, 14301 MHz, 51 %, 53.51 W, 61, 0x0000000000000400
2026/09/19 21:35:41.434, 2460 MHz, 14301 MHz, 50 %, 53.52 W, 61, 0x0000000000000400
2026/09/19 21:35:41.937, 2430 MHz, 14301 MHz, 53 %, 52.89 W, 61, 0x0000000000000400
2026/09/19 21:35:42.441, 2550 MHz, 14301 MHz, 53 %, 53.29 W, 61, 0x0000000000000400
2026/09/19 21:35:42.946, 2467 MHz, 14301 MHz, 54 %, 53.52 W, 60, 0x0000000000000400
2026/09/19 21:35:43.447, 2542 MHz, 14301 MHz, 53 %, 53.46 W, 61, 0x0000000000000400
2026/09/19 21:35:43.952, 2497 MHz, 14301 MHz, 54 %, 53.78 W, 61, 0x0000000000000400
2026/09/19 21:35:44.457, 2955 MHz, 14301 MHz, 99 %, 67.87 W, 63, 0x0000000000000400
2026/09/19 21:35:44.963, 2955 MHz, 14301 MHz, 99 %, 82.47 W, 63, 0x0000000000000400
2026/09/19 21:35:45.464, 2955 MHz, 14301 MHz, 99 %, 82.97 W, 64, 0x0000000000000400
2026/09/19 21:35:45.978, 2955 MHz, 14301 MHz, 99 %, 82.96 W, 64, 0x0000000000000400
2026/09/19 21:35:46.480, 2955 MHz, 14301 MHz, 98 %, 82.76 W, 64, 0x0000000000000400
2026/09/19 21:35:46.986, 2955 MHz, 14301 MHz, 98 %, 82.75 W, 64, 0x0000000000000400
2026/09/19 21:35:47.489, 2955 MHz, 14301 MHz, 98 %, 82.96 W, 64, 0x0000000000000400
2026/09/19 21:35:47.991, 2955 MHz, 14301 MHz, 99 %, 83.40 W, 64, 0x0000000000000400
2026/09/19 21:35:48.495, 2955 MHz, 14301 MHz, 99 %, 83.53 W, 64, 0x0000000000000400
2026/09/19 21:35:48.997, 2955 MHz, 14301 MHz, 99 %, 83.38 W, 64, 0x0000000000000400
2026/09/19 21:35:49.503, 2955 MHz, 14301 MHz, 98 %, 83.22 W, 64, 0x0000000000000400
2026/09/19 21:35:50.005, 2955 MHz, 14301 MHz, 98 %, 83.25 W, 64, 0x0000000000000400
2026/09/19 21:35:50.506, 2955 MHz, 14301 MHz, 99 %, 83.35 W, 64, 0x0000000000000400
2026/09/19 21:35:51.007, 2955 MHz, 14301 MHz, 99 %, 83.48 W, 64, 0x0000000000000400
2026/09/19 21:35:51.522, 2955 MHz, 14301 MHz, 99 %, 83.51 W, 64, 0x0000000000000400
2026/09/19 21:35:52.026, 2955 MHz, 14301 MHz, 99 %, 83.49 W, 64, 0x0000000000000400
2026/09/19 21:35:52.529, 2955 MHz, 14301 MHz, 99 %, 83.46 W, 64, 0x0000000000000400
2026/09/19 21:35:53.032, 2955 MHz, 14301 MHz, 99 %, 83.32 W, 65, 0x0000000000000400
2026/09/19 21:35:53.532, 2497 MHz, 14301 MHz, 50 %, 72.15 W, 62, 0x0000000000000400
2026/09/19 21:35:54.047, 2505 MHz, 14301 MHz, 47 %, 59.16 W, 62, 0x0000000000000400
2026/09/19 21:35:54.552, 2520 MHz, 14301 MHz, 52 %, 53.05 W, 62, 0x0000000000000400
2026/09/19 21:35:55.057, 2482 MHz, 14301 MHz, 52 %, 53.28 W, 62, 0x0000000000000400
2026/09/19 21:35:55.561, 2445 MHz, 14301 MHz, 55 %, 53.24 W, 61, 0x0000000000000400
2026/09/19 21:35:56.074, 2505 MHz, 14301 MHz, 53 %, 53.57 W, 61, 0x0000000000000400
2026/09/19 21:35:56.580, 2505 MHz, 14301 MHz, 53 %, 53.91 W, 61, 0x0000000000000400
2026/09/19 21:35:57.082, 2467 MHz, 14301 MHz, 53 %, 53.65 W, 61, 0x0000000000000400
2026/09/19 21:35:57.589, 2520 MHz, 14301 MHz, 54 %, 53.71 W, 61, 0x0000000000000400
2026/09/19 21:35:58.092, 2505 MHz, 14301 MHz, 54 %, 53.93 W, 61, 0x0000000000000400
2026/09/19 21:35:58.607, 2452 MHz, 14301 MHz, 53 %, 53.68 W, 61, 0x0000000000000400
2026/09/19 21:35:59.113, 2497 MHz, 14301 MHz, 54 %, 53.34 W, 61, 0x0000000000000400
2026/09/19 21:35:59.627, 2542 MHz, 14301 MHz, 52 %, 53.27 W, 61, 0x0000000000000400
2026/09/19 21:36:00.133, 2460 MHz, 14301 MHz, 54 %, 53.20 W, 61, 0x0000000000000400
2026/09/19 21:36:00.646, 2460 MHz, 14301 MHz, 53 %, 52.67 W, 61, 0x0000000000000400
2026/09/19 21:36:01.149, 2490 MHz, 14301 MHz, 53 %, 53.27 W, 61, 0x0000000000000400
2026/09/19 21:36:01.653, 2535 MHz, 14301 MHz, 54 %, 53.45 W, 61, 0x0000000000000400
2026/09/19 21:36:02.160, 2430 MHz, 14301 MHz, 53 %, 52.88 W, 60, 0x0000000000000400
2026/09/19 21:36:02.663, 2955 MHz, 14301 MHz, 98 %, 65.39 W, 63, 0x0000000000000400
2026/09/19 21:36:03.167, 2955 MHz, 14301 MHz, 99 %, 77.96 W, 63, 0x0000000000000400
2026/09/19 21:36:03.674, 2955 MHz, 14301 MHz, 99 %, 82.49 W, 63, 0x0000000000000400
2026/09/19 21:36:04.176, 2955 MHz, 14301 MHz, 99 %, 82.50 W, 64, 0x0000000000000400
2026/09/19 21:36:04.679, 2955 MHz, 14301 MHz, 98 %, 82.53 W, 64, 0x0000000000000400
2026/09/19 21:36:05.183, 2955 MHz, 14301 MHz, 99 %, 82.58 W, 63, 0x0000000000000400
2026/09/19 21:36:05.695, 2955 MHz, 14301 MHz, 99 %, 82.68 W, 64, 0x0000000000000400
2026/09/19 21:36:06.200, 2955 MHz, 14301 MHz, 98 %, 82.80 W, 64, 0x0000000000000400
2026/09/19 21:36:06.703, 2955 MHz, 14301 MHz, 99 %, 82.92 W, 64, 0x0000000000000400
2026/09/19 21:36:07.204, 2955 MHz, 14301 MHz, 99 %, 83.12 W, 64, 0x0000000000000400
2026/09/19 21:36:07.707, 2955 MHz, 14301 MHz, 99 %, 83.03 W, 64, 0x0000000000000400
2026/09/19 21:36:08.216, 2955 MHz, 14301 MHz, 99 %, 83.05 W, 64, 0x0000000000000400
2026/09/19 21:36:08.717, 2955 MHz, 14301 MHz, 99 %, 83.19 W, 64, 0x0000000000000400
2026/09/19 21:36:09.219, 2955 MHz, 14301 MHz, 99 %, 83.27 W, 64, 0x0000000000000400
2026/09/19 21:36:09.724, 2955 MHz, 14301 MHz, 98 %, 83.18 W, 64, 0x0000000000000400
2026/09/19 21:36:10.226, 2955 MHz, 14301 MHz, 99 %, 83.19 W, 64, 0x0000000000000400
2026/09/19 21:36:10.728, 2955 MHz, 14301 MHz, 99 %, 83.34 W, 64, 0x0000000000000400
2026/09/19 21:36:11.231, 2955 MHz, 14301 MHz, 98 %, 83.45 W, 64, 0x0000000000000400
2026/09/19 21:36:11.734, 2557 MHz, 14301 MHz, 53 %, 76.49 W, 62, 0x0000000000000400
2026/09/19 21:36:12.238, 2400 MHz, 14301 MHz, 51 %, 62.46 W, 61, 0x0000000000000400
2026/09/19 21:36:12.739, 2430 MHz, 14301 MHz, 52 %, 52.75 W, 62, 0x0000000000000400
2026/09/19 21:36:13.248, 2505 MHz, 14301 MHz, 54 %, 53.61 W, 62, 0x0000000000000400
2026/09/19 21:36:13.749, 2467 MHz, 14301 MHz, 50 %, 53.44 W, 61, 0x0000000000000400
2026/09/19 21:36:14.254, 2490 MHz, 14301 MHz, 54 %, 53.04 W, 61, 0x0000000000000400
2026/09/19 21:36:14.760, 2482 MHz, 14301 MHz, 53 %, 53.54 W, 60, 0x0000000000000400
2026/09/19 21:36:15.275, 2467 MHz, 14301 MHz, 53 %, 53.36 W, 61, 0x0000000000000400
2026/09/19 21:36:15.780, 2527 MHz, 14301 MHz, 51 %, 53.08 W, 61, 0x0000000000000400
2026/09/19 21:36:16.283, 2482 MHz, 14301 MHz, 53 %, 53.34 W, 61, 0x0000000000000400
2026/09/19 21:36:16.797, 2482 MHz, 14301 MHz, 54 %, 53.28 W, 61, 0x0000000000000400
2026/09/19 21:36:17.302, 2460 MHz, 14301 MHz, 54 %, 53.37 W, 60, 0x0000000000000400
2026/09/19 21:36:17.806, 2505 MHz, 14301 MHz, 54 %, 53.49 W, 60, 0x0000000000000400
2026/09/19 21:36:18.308, 2520 MHz, 14301 MHz, 55 %, 54.01 W, 60, 0x0000000000000400
2026/09/19 21:36:18.809, 2490 MHz, 14301 MHz, 54 %, 53.40 W, 60, 0x0000000000000400
2026/09/19 21:36:19.310, 2512 MHz, 14301 MHz, 52 %, 52.83 W, 60, 0x0000000000000400
2026/09/19 21:36:19.816, 2490 MHz, 14301 MHz, 51 %, 52.72 W, 61, 0x0000000000000400
2026/09/19 21:36:20.330, 2542 MHz, 14301 MHz, 55 %, 53.55 W, 61, 0x0000000000000400
2026/09/19 21:36:20.843, 2857 MHz, 14301 MHz, 98 %, 59.53 W, 62, 0x0000000000000400
2026/09/19 21:36:21.358, 2955 MHz, 14301 MHz, 98 %, 72.26 W, 63, 0x0000000000000400
2026/09/19 21:36:21.862, 2955 MHz, 14301 MHz, 99 %, 82.02 W, 63, 0x0000000000000400
2026/09/19 21:36:22.368, 2955 MHz, 14301 MHz, 98 %, 82.15 W, 63, 0x0000000000000400
2026/09/19 21:36:22.872, 2955 MHz, 14301 MHz, 98 %, 82.05 W, 64, 0x0000000000000400
2026/09/19 21:36:23.375, 2955 MHz, 14301 MHz, 99 %, 81.91 W, 64, 0x0000000000000400
2026/09/19 21:36:23.878, 2955 MHz, 14301 MHz, 99 %, 82.26 W, 64, 0x0000000000000400
2026/09/19 21:36:24.378, 2955 MHz, 14301 MHz, 99 %, 82.61 W, 64, 0x0000000000000400
2026/09/19 21:36:24.880, 2955 MHz, 14301 MHz, 99 %, 82.68 W, 64, 0x0000000000000400
2026/09/19 21:36:25.380, 2955 MHz, 14301 MHz, 99 %, 82.72 W, 64, 0x0000000000000400
2026/09/19 21:36:25.883, 2955 MHz, 14301 MHz, 99 %, 82.80 W, 64, 0x0000000000000400
2026/09/19 21:36:26.387, 2955 MHz, 14301 MHz, 99 %, 82.81 W, 64, 0x0000000000000400
2026/09/19 21:36:26.888, 2955 MHz, 14301 MHz, 98 %, 82.99 W, 64, 0x0000000000000400
2026/09/19 21:36:27.392, 2955 MHz, 14301 MHz, 99 %, 83.20 W, 64, 0x0000000000000400
2026/09/19 21:36:27.895, 2955 MHz, 14301 MHz, 99 %, 83.27 W, 64, 0x0000000000000400
2026/09/19 21:36:28.400, 2955 MHz, 14301 MHz, 99 %, 82.87 W, 64, 0x0000000000000400
2026/09/19 21:36:28.907, 2955 MHz, 14301 MHz, 99 %, 82.72 W, 64, 0x0000000000000400
2026/09/19 21:36:29.412, 2955 MHz, 14301 MHz, 99 %, 82.82 W, 64, 0x0000000000000400
2026/09/19 21:36:29.916, 2467 MHz, 14301 MHz, 50 %, 69.97 W, 62, 0x0000000000000400
2026/09/19 21:36:30.419, 2482 MHz, 14301 MHz, 49 %, 53.51 W, 61, 0x0000000000000400
2026/09/19 21:36:30.919, 2415 MHz, 14301 MHz, 50 %, 52.26 W, 61, 0x0000000000000400
2026/09/19 21:36:31.440, 2497 MHz, 14301 MHz, 52 %, 52.91 W, 61, 0x0000000000000400
2026/09/19 21:36:31.956, 2490 MHz, 14301 MHz, 51 %, 53.19 W, 61, 0x0000000000000400
2026/09/19 21:36:32.460, 2520 MHz, 14301 MHz, 51 %, 53.48 W, 61, 0x0000000000000400
2026/09/19 21:36:32.963, 2572 MHz, 14301 MHz, 53 %, 53.75 W, 61, 0x0000000000000400
2026/09/19 21:36:33.469, 2497 MHz, 14301 MHz, 53 %, 53.92 W, 61, 0x0000000000000400
2026/09/19 21:36:33.974, 2460 MHz, 14301 MHz, 53 %, 53.64 W, 60, 0x0000000000000400
2026/09/19 21:36:34.476, 2497 MHz, 14301 MHz, 52 %, 53.01 W, 61, 0x0000000000000400
2026/09/19 21:36:34.977, 2550 MHz, 14301 MHz, 55 %, 53.26 W, 61, 0x0000000000000400
2026/09/19 21:36:35.493, 2475 MHz, 14301 MHz, 52 %, 53.46 W, 60, 0x0000000000000400
2026/09/19 21:36:35.999, 2475 MHz, 14301 MHz, 53 %, 52.94 W, 60, 0x0000000000000400
2026/09/19 21:36:36.503, 2475 MHz, 14301 MHz, 53 %, 52.94 W, 61, 0x0000000000000400
2026/09/19 21:36:37.005, 2490 MHz, 14301 MHz, 51 %, 53.17 W, 61, 0x0000000000000400
2026/09/19 21:36:37.507, 2520 MHz, 14301 MHz, 52 %, 53.57 W, 61, 0x0000000000000400
2026/09/19 21:36:38.008, 2475 MHz, 14301 MHz, 53 %, 53.50 W, 61, 0x0000000000000400
2026/09/19 21:36:38.509, 2542 MHz, 14301 MHz, 62 %, 53.88 W, 60, 0x0000000000000400
2026/09/19 21:36:39.012, 2955 MHz, 14301 MHz, 99 %, 68.16 W, 63, 0x0000000000000400
2026/09/19 21:36:39.518, 2955 MHz, 14301 MHz, 99 %, 79.76 W, 63, 0x0000000000000400
2026/09/19 21:36:40.023, 2955 MHz, 14301 MHz, 98 %, 82.42 W, 63, 0x0000000000000400
2026/09/19 21:36:40.531, 2955 MHz, 14301 MHz, 99 %, 82.52 W, 63, 0x0000000000000400
2026/09/19 21:36:41.032, 2955 MHz, 14301 MHz, 98 %, 82.62 W, 64, 0x0000000000000400
2026/09/19 21:36:41.535, 2955 MHz, 14301 MHz, 99 %, 82.60 W, 63, 0x0000000000000400
2026/09/19 21:36:42.037, 2955 MHz, 14301 MHz, 98 %, 82.81 W, 64, 0x0000000000000400
2026/09/19 21:36:42.539, 2955 MHz, 14301 MHz, 98 %, 83.24 W, 64, 0x0000000000000400
2026/09/19 21:36:43.045, 2955 MHz, 14301 MHz, 99 %, 83.44 W, 64, 0x0000000000000400
2026/09/19 21:36:43.548, 2955 MHz, 14301 MHz, 99 %, 83.33 W, 64, 0x0000000000000400
2026/09/19 21:36:44.050, 2955 MHz, 14301 MHz, 99 %, 83.12 W, 64, 0x0000000000000400
2026/09/19 21:36:44.555, 2955 MHz, 14301 MHz, 99 %, 83.07 W, 64, 0x0000000000000400
2026/09/19 21:36:45.076, 2955 MHz, 14301 MHz, 99 %, 83.14 W, 64, 0x0000000000000400
2026/09/19 21:36:45.584, 2955 MHz, 14301 MHz, 99 %, 83.21 W, 64, 0x0000000000000400
2026/09/19 21:36:46.099, 2955 MHz, 14301 MHz, 99 %, 83.28 W, 64, 0x0000000000000400
2026/09/19 21:36:46.604, 2955 MHz, 14301 MHz, 99 %, 83.18 W, 64, 0x0000000000000400
2026/09/19 21:36:47.111, 2955 MHz, 14301 MHz, 99 %, 83.16 W, 64, 0x0000000000000400
2026/09/19 21:36:47.614, 2955 MHz, 14301 MHz, 99 %, 83.14 W, 64, 0x0000000000000400
2026/09/19 21:36:48.116, 2490 MHz, 14301 MHz, 53 %, 73.36 W, 62, 0x0000000000000400
2026/09/19 21:36:48.621, 2482 MHz, 14301 MHz, 50 %, 57.10 W, 61, 0x0000000000000400
2026/09/19 21:36:49.125, 2415 MHz, 14301 MHz, 54 %, 52.63 W, 61, 0x0000000000000400
2026/09/19 21:36:49.631, 2460 MHz, 14301 MHz, 54 %, 53.19 W, 61, 0x0000000000000400
2026/09/19 21:36:50.137, 2542 MHz, 14301 MHz, 54 %, 54.21 W, 61, 0x0000000000000400
2026/09/19 21:36:50.640, 2400 MHz, 14301 MHz, 53 %, 53.16 W, 61, 0x0000000000000400
2026/09/19 21:36:51.152, 2460 MHz, 14301 MHz, 54 %, 52.75 W, 61, 0x0000000000000400
2026/09/19 21:36:51.658, 2437 MHz, 14301 MHz, 55 %, 52.74 W, 61, 0x0000000000000400
2026/09/19 21:36:52.164, 2467 MHz, 14301 MHz, 55 %, 52.76 W, 61, 0x0000000000000400
2026/09/19 21:36:52.665, 2475 MHz, 14301 MHz, 53 %, 53.12 W, 61, 0x0000000000000400
2026/09/19 21:36:53.167, 2527 MHz, 14301 MHz, 53 %, 53.77 W, 60, 0x0000000000000400
2026/09/19 21:36:53.670, 2520 MHz, 14301 MHz, 53 %, 53.96 W, 61, 0x0000000000000400
2026/09/19 21:36:54.172, 2482 MHz, 14301 MHz, 53 %, 53.52 W, 60, 0x0000000000000400
2026/09/19 21:36:54.678, 2527 MHz, 14301 MHz, 53 %, 53.29 W, 60, 0x0000000000000400
2026/09/19 21:36:55.185, 2460 MHz, 14301 MHz, 52 %, 52.95 W, 61, 0x0000000000000400
2026/09/19 21:36:55.689, 2512 MHz, 14301 MHz, 52 %, 53.27 W, 61, 0x0000000000000400
2026/09/19 21:36:56.192, 2512 MHz, 14301 MHz, 55 %, 53.19 W, 60, 0x0000000000000400
2026/09/19 21:36:56.694, 2482 MHz, 14301 MHz, 53 %, 52.96 W, 60, 0x0000000000000400
2026/09/19 21:36:57.198, 2955 MHz, 14301 MHz, 99 %, 66.64 W, 63, 0x0000000000000400
2026/09/19 21:36:57.714, 2955 MHz, 14301 MHz, 99 %, 78.96 W, 63, 0x0000000000000400
2026/09/19 21:36:58.229, 2955 MHz, 14301 MHz, 99 %, 83.06 W, 63, 0x0000000000000400
2026/09/19 21:36:58.732, 2955 MHz, 14301 MHz, 98 %, 83.11 W, 63, 0x0000000000000400
2026/09/19 21:36:59.239, 2955 MHz, 14301 MHz, 99 %, 82.79 W, 63, 0x0000000000000400
2026/09/19 21:36:59.743, 2955 MHz, 14301 MHz, 99 %, 82.74 W, 63, 0x0000000000000400
2026/09/19 21:37:00.248, 2955 MHz, 14301 MHz, 99 %, 82.85 W, 64, 0x0000000000000400
2026/09/19 21:37:00.753, 2955 MHz, 14301 MHz, 98 %, 82.98 W, 64, 0x0000000000000400
2026/09/19 21:37:01.254, 2955 MHz, 14301 MHz, 99 %, 83.24 W, 64, 0x0000000000000400
2026/09/19 21:37:01.760, 2955 MHz, 14301 MHz, 99 %, 83.26 W, 64, 0x0000000000000400
2026/09/19 21:37:02.264, 2955 MHz, 14301 MHz, 99 %, 82.94 W, 64, 0x0000000000000400
2026/09/19 21:37:02.766, 2955 MHz, 14301 MHz, 98 %, 83.02 W, 64, 0x0000000000000400
2026/09/19 21:37:03.273, 2955 MHz, 14301 MHz, 99 %, 83.25 W, 64, 0x0000000000000400
2026/09/19 21:37:03.779, 2955 MHz, 14301 MHz, 99 %, 83.40 W, 64, 0x0000000000000400
2026/09/19 21:37:04.283, 2955 MHz, 14301 MHz, 98 %, 83.39 W, 64, 0x0000000000000400
2026/09/19 21:37:04.788, 2955 MHz, 14301 MHz, 98 %, 83.38 W, 64, 0x0000000000000400
2026/09/19 21:37:05.294, 2955 MHz, 14301 MHz, 99 %, 83.32 W, 64, 0x0000000000000400
2026/09/19 21:37:05.795, 2955 MHz, 14301 MHz, 98 %, 83.33 W, 64, 0x0000000000000400
2026/09/19 21:37:06.309, 2482 MHz, 14301 MHz, 50 %, 70.39 W, 62, 0x0000000000000400
2026/09/19 21:37:06.810, 2452 MHz, 14301 MHz, 51 %, 54.94 W, 61, 0x0000000000000400
2026/09/19 21:37:07.317, 2512 MHz, 14301 MHz, 52 %, 53.15 W, 61, 0x0000000000000400
2026/09/19 21:37:07.826, 2505 MHz, 14301 MHz, 53 %, 53.55 W, 61, 0x0000000000000400
2026/09/19 21:37:08.327, 2475 MHz, 14301 MHz, 53 %, 53.32 W, 61, 0x0000000000000400
2026/09/19 21:37:08.830, 2430 MHz, 14301 MHz, 52 %, 52.87 W, 60, 0x0000000000000400
2026/09/19 21:37:09.331, 2482 MHz, 14301 MHz, 55 %, 53.07 W, 61, 0x0000000000000400
2026/09/19 21:37:09.837, 2415 MHz, 14301 MHz, 52 %, 53.35 W, 61, 0x0000000000000400
2026/09/19 21:37:10.339, 2475 MHz, 14301 MHz, 52 %, 53.28 W, 60, 0x0000000000000400
2026/09/19 21:37:10.855, 2520 MHz, 14301 MHz, 52 %, 53.05 W, 61, 0x0000000000000400
2026/09/19 21:37:11.368, 2497 MHz, 14301 MHz, 51 %, 53.48 W, 61, 0x0000000000000400
2026/09/19 21:37:11.872, 2460 MHz, 14301 MHz, 52 %, 53.28 W, 60, 0x0000000000000400
2026/09/19 21:37:12.373, 2520 MHz, 14301 MHz, 51 %, 53.48 W, 60, 0x0000000000000400
2026/09/19 21:37:12.880, 2422 MHz, 14301 MHz, 52 %, 53.69 W, 60, 0x0000000000000400
2026/09/19 21:37:13.385, 2467 MHz, 14301 MHz, 53 %, 53.15 W, 61, 0x0000000000000400
2026/09/19 21:37:13.892, 2490 MHz, 14301 MHz, 53 %, 53.10 W, 61, 0x0000000000000400
2026/09/19 21:37:14.397, 2505 MHz, 14301 MHz, 54 %, 53.16 W, 60, 0x0000000000000400
2026/09/19 21:37:14.912, 2955 MHz, 14301 MHz, 98 %, 71.64 W, 63, 0x0000000000000400
2026/09/19 21:37:15.414, 2955 MHz, 14301 MHz, 98 %, 82.98 W, 63, 0x0000000000000400
2026/09/19 21:37:15.921, 2955 MHz, 14301 MHz, 99 %, 83.04 W, 64, 0x0000000000000400
2026/09/19 21:37:16.436, 2955 MHz, 14301 MHz, 98 %, 83.09 W, 63, 0x0000000000000400
2026/09/19 21:37:16.938, 2955 MHz, 14301 MHz, 98 %, 82.92 W, 64, 0x0000000000000400
2026/09/19 21:37:17.440, 2955 MHz, 14301 MHz, 99 %, 83.09 W, 64, 0x0000000000000400
2026/09/19 21:37:17.945, 2955 MHz, 14301 MHz, 98 %, 83.45 W, 64, 0x0000000000000400
2026/09/19 21:37:18.447, 2955 MHz, 14301 MHz, 99 %, 83.71 W, 64, 0x0000000000000400
2026/09/19 21:37:18.952, 2955 MHz, 14301 MHz, 98 %, 83.67 W, 64, 0x0000000000000400
2026/09/19 21:37:19.459, 2955 MHz, 14301 MHz, 99 %, 83.50 W, 64, 0x0000000000000400
2026/09/19 21:37:19.962, 2955 MHz, 14301 MHz, 99 %, 83.38 W, 64, 0x0000000000000400
2026/09/19 21:37:20.479, 2955 MHz, 14301 MHz, 99 %, 83.52 W, 64, 0x0000000000000400
2026/09/19 21:37:20.986, 2955 MHz, 14301 MHz, 98 %, 83.71 W, 64, 0x0000000000000400
2026/09/19 21:37:21.487, 2955 MHz, 14301 MHz, 99 %, 83.75 W, 64, 0x0000000000000400
2026/09/19 21:37:21.994, 2955 MHz, 14301 MHz, 99 %, 83.69 W, 64, 0x0000000000000400
2026/09/19 21:37:22.510, 2955 MHz, 14301 MHz, 99 %, 83.52 W, 64, 0x0000000000000400
2026/09/19 21:37:23.026, 2955 MHz, 14301 MHz, 99 %, 83.53 W, 64, 0x0000000000000400
2026/09/19 21:37:23.541, 2595 MHz, 14301 MHz, 53 %, 76.36 W, 62, 0x0000000000000400
2026/09/19 21:37:24.057, 2497 MHz, 14301 MHz, 52 %, 61.16 W, 62, 0x0000000000000400
2026/09/19 21:37:24.562, 2475 MHz, 14301 MHz, 51 %, 53.42 W, 61, 0x0000000000000400
2026/09/19 21:37:25.065, 2505 MHz, 14301 MHz, 51 %, 53.68 W, 61, 0x0000000000000400
2026/09/19 21:37:25.573, 2482 MHz, 14301 MHz, 53 %, 53.78 W, 61, 0x0000000000000400
2026/09/19 21:37:26.077, 2475 MHz, 14301 MHz, 54 %, 53.68 W, 61, 0x0000000000000400
2026/09/19 21:37:26.584, 2445 MHz, 14301 MHz, 51 %, 53.16 W, 61, 0x0000000000000400
2026/09/19 21:37:27.088, 2497 MHz, 14301 MHz, 53 %, 53.27 W, 61, 0x0000000000000400
2026/09/19 21:37:27.591, 2535 MHz, 14301 MHz, 54 %, 53.51 W, 61, 0x0000000000000400
2026/09/19 21:37:28.094, 2535 MHz, 14301 MHz, 53 %, 53.65 W, 61, 0x0000000000000400
2026/09/19 21:37:28.599, 2475 MHz, 14301 MHz, 52 %, 53.36 W, 61, 0x0000000000000400
2026/09/19 21:37:29.100, 2422 MHz, 14301 MHz, 51 %, 53.42 W, 60, 0x0000000000000400
2026/09/19 21:37:29.607, 2415 MHz, 14301 MHz, 50 %, 53.13 W, 61, 0x0000000000000400
2026/09/19 21:37:30.110, 2475 MHz, 14301 MHz, 54 %, 52.46 W, 61, 0x0000000000000400
2026/09/19 21:37:30.612, 2460 MHz, 14301 MHz, 54 %, 52.73 W, 61, 0x0000000000000400
2026/09/19 21:37:31.118, 2452 MHz, 14301 MHz, 51 %, 53.16 W, 60, 0x0000000000000400
2026/09/19 21:37:31.621, 2527 MHz, 14301 MHz, 50 %, 53.43 W, 61, 0x0000000000000400
2026/09/19 21:37:32.124, 2565 MHz, 14301 MHz, 97 %, 55.23 W, 62, 0x0000000000000400
2026/09/19 21:37:32.627, 2955 MHz, 14301 MHz, 98 %, 70.35 W, 63, 0x0000000000000400
2026/09/19 21:37:33.132, 2955 MHz, 14301 MHz, 99 %, 82.81 W, 63, 0x0000000000000400
2026/09/19 21:37:33.635, 2955 MHz, 14301 MHz, 99 %, 82.99 W, 63, 0x0000000000000400
2026/09/19 21:37:34.151, 2955 MHz, 14301 MHz, 99 %, 82.92 W, 64, 0x0000000000000400
2026/09/19 21:37:34.666, 2955 MHz, 14301 MHz, 98 %, 82.93 W, 63, 0x0000000000000400
2026/09/19 21:37:35.168, 2955 MHz, 14301 MHz, 99 %, 83.20 W, 64, 0x0000000000000400
2026/09/19 21:37:35.672, 2955 MHz, 14301 MHz, 98 %, 83.57 W, 64, 0x0000000000000400
2026/09/19 21:37:36.172, 2955 MHz, 14301 MHz, 99 %, 83.54 W, 64, 0x0000000000000400
2026/09/19 21:37:36.683, 2955 MHz, 14301 MHz, 99 %, 83.46 W, 64, 0x0000000000000400
2026/09/19 21:37:37.185, 2955 MHz, 14301 MHz, 98 %, 83.57 W, 64, 0x0000000000000400
2026/09/19 21:37:37.687, 2955 MHz, 14301 MHz, 99 %, 83.49 W, 64, 0x0000000000000400
2026/09/19 21:37:38.190, 2955 MHz, 14301 MHz, 99 %, 83.47 W, 64, 0x0000000000000400
2026/09/19 21:37:38.695, 2955 MHz, 14301 MHz, 99 %, 83.58 W, 64, 0x0000000000000400
2026/09/19 21:37:39.203, 2955 MHz, 14301 MHz, 98 %, 83.51 W, 64, 0x0000000000000400
2026/09/19 21:37:39.709, 2955 MHz, 14301 MHz, 99 %, 83.49 W, 64, 0x0000000000000400
2026/09/19 21:37:40.224, 2955 MHz, 14301 MHz, 99 %, 83.44 W, 64, 0x0000000000000400
2026/09/19 21:37:40.731, 2955 MHz, 14301 MHz, 99 %, 83.41 W, 64, 0x0000000000000400
2026/09/19 21:37:41.234, 2955 MHz, 14301 MHz, 99 %, 83.48 W, 64, 0x0000000000000400
2026/09/19 21:37:41.738, 2482 MHz, 14301 MHz, 51 %, 71.10 W, 62, 0x0000000000000400
2026/09/19 21:37:42.239, 2460 MHz, 14301 MHz, 51 %, 58.23 W, 61, 0x0000000000000400
2026/09/19 21:37:42.741, 2497 MHz, 14301 MHz, 54 %, 53.32 W, 61, 0x0000000000000400
2026/09/19 21:37:43.256, 2422 MHz, 14301 MHz, 53 %, 53.30 W, 61, 0x0000000000000400
2026/09/19 21:37:43.760, 2512 MHz, 14301 MHz, 53 %, 53.29 W, 61, 0x0000000000000400
2026/09/19 21:37:44.261, 2437 MHz, 14301 MHz, 51 %, 53.17 W, 61, 0x0000000000000400
2026/09/19 21:37:44.763, 2475 MHz, 14301 MHz, 55 %, 52.92 W, 61, 0x0000000000000400
2026/09/19 21:37:45.265, 2467 MHz, 14301 MHz, 52 %, 53.44 W, 60, 0x0000000000000400
2026/09/19 21:37:45.780, 2475 MHz, 14301 MHz, 51 %, 53.40 W, 61, 0x0000000000000400
2026/09/19 21:37:46.282, 2445 MHz, 14301 MHz, 52 %, 53.03 W, 61, 0x0000000000000400
2026/09/19 21:37:46.786, 2482 MHz, 14301 MHz, 53 %, 52.92 W, 61, 0x0000000000000400
2026/09/19 21:37:47.299, 2437 MHz, 14301 MHz, 54 %, 52.87 W, 61, 0x0000000000000400
2026/09/19 21:37:47.803, 2430 MHz, 14301 MHz, 51 %, 53.16 W, 60, 0x0000000000000400
2026/09/19 21:37:48.308, 2505 MHz, 14301 MHz, 51 %, 53.12 W, 61, 0x0000000000000400
2026/09/19 21:37:48.812, 2385 MHz, 14301 MHz, 52 %, 52.58 W, 61, 0x0000000000000400
2026/09/19 21:37:49.327, 2505 MHz, 14301 MHz, 54 %, 52.60 W, 60, 0x0000000000000400
2026/09/19 21:37:49.831, 2460 MHz, 14301 MHz, 53 %, 52.89 W, 60, 0x0000000000000400
2026/09/19 21:37:50.336, 2820 MHz, 14301 MHz, 98 %, 58.92 W, 62, 0x0000000000000400
2026/09/19 21:37:50.838, 2955 MHz, 14301 MHz, 98 %, 72.60 W, 63, 0x0000000000000400
2026/09/19 21:37:51.343, 2955 MHz, 14301 MHz, 98 %, 83.16 W, 63, 0x0000000000000400
2026/09/19 21:37:51.844, 2955 MHz, 14301 MHz, 99 %, 83.28 W, 64, 0x0000000000000400
2026/09/19 21:37:52.348, 2955 MHz, 14301 MHz, 99 %, 83.35 W, 64, 0x0000000000000400
2026/09/19 21:37:52.851, 2955 MHz, 14301 MHz, 99 %, 83.18 W, 64, 0x0000000000000400
2026/09/19 21:37:53.357, 2955 MHz, 14301 MHz, 99 %, 83.27 W, 64, 0x0000000000000400
2026/09/19 21:37:53.871, 2955 MHz, 14301 MHz, 99 %, 83.51 W, 64, 0x0000000000000400
2026/09/19 21:37:54.372, 2955 MHz, 14301 MHz, 98 %, 83.59 W, 64, 0x0000000000000400
2026/09/19 21:37:54.875, 2955 MHz, 14301 MHz, 98 %, 83.65 W, 64, 0x0000000000000400
2026/09/19 21:37:55.381, 2955 MHz, 14301 MHz, 98 %, 83.62 W, 64, 0x0000000000000400
2026/09/19 21:37:55.886, 2955 MHz, 14301 MHz, 99 %, 83.50 W, 64, 0x0000000000000400
2026/09/19 21:37:56.390, 2955 MHz, 14301 MHz, 99 %, 83.53 W, 64, 0x0000000000000400
2026/09/19 21:37:56.892, 2955 MHz, 14301 MHz, 99 %, 83.82 W, 64, 0x0000000000000400
2026/09/19 21:37:57.398, 2955 MHz, 14301 MHz, 99 %, 84.03 W, 64, 0x0000000000000400
2026/09/19 21:37:57.900, 2955 MHz, 14301 MHz, 99 %, 83.76 W, 64, 0x0000000000000400
2026/09/19 21:37:58.402, 2955 MHz, 14301 MHz, 99 %, 83.53 W, 64, 0x0000000000000400
2026/09/19 21:37:58.904, 2955 MHz, 14301 MHz, 98 %, 83.37 W, 64, 0x0000000000000400
2026/09/19 21:37:59.406, 2595 MHz, 14301 MHz, 48 %, 76.51 W, 62, 0x0000000000000400
2026/09/19 21:37:59.921, 2400 MHz, 14301 MHz, 50 %, 52.16 W, 61, 0x0000000000000400
2026/09/19 21:38:00.423, 2482 MHz, 14301 MHz, 53 %, 51.86 W, 61, 0x0000000000000400
2026/09/19 21:38:00.928, 2407 MHz, 14301 MHz, 51 %, 51.83 W, 61, 0x0000000000000400
2026/09/19 21:38:01.430, 2445 MHz, 14301 MHz, 51 %, 52.00 W, 61, 0x0000000000000400
2026/09/19 21:38:01.931, 2475 MHz, 14301 MHz, 51 %, 52.16 W, 61, 0x0000000000000400
2026/09/19 21:38:02.437, 2437 MHz, 14301 MHz, 53 %, 52.10 W, 60, 0x0000000000000400
2026/09/19 21:38:02.938, 2467 MHz, 14301 MHz, 52 %, 52.42 W, 61, 0x0000000000000400
2026/09/19 21:38:03.453, 2430 MHz, 14301 MHz, 52 %, 52.58 W, 60, 0x0000000000000400
2026/09/19 21:38:03.958, 2467 MHz, 14301 MHz, 53 %, 52.46 W, 61, 0x0000000000000400
2026/09/19 21:38:04.459, 2415 MHz, 14301 MHz, 51 %, 52.25 W, 61, 0x0000000000000400
2026/09/19 21:38:04.960, 2452 MHz, 14301 MHz, 52 %, 52.13 W, 60, 0x0000000000000400
2026/09/19 21:38:05.475, 2430 MHz, 14301 MHz, 52 %, 52.04 W, 61, 0x0000000000000400
2026/09/19 21:38:05.981, 2437 MHz, 14301 MHz, 53 %, 52.38 W, 60, 0x0000000000000400
2026/09/19 21:38:06.482, 2460 MHz, 14301 MHz, 52 %, 52.43 W, 61, 0x0000000000000400
2026/09/19 21:38:06.997, 2407 MHz, 14301 MHz, 51 %, 52.10 W, 61, 0x0000000000000400
2026/09/19 21:38:07.500, 2467 MHz, 14301 MHz, 56 %, 52.12 W, 60, 0x0000000000000400
2026/09/19 21:38:08.002, 2955 MHz, 14301 MHz, 99 %, 65.99 W, 63, 0x0000000000000400
2026/09/19 21:38:08.506, 2955 MHz, 14301 MHz, 99 %, 78.73 W, 63, 0x0000000000000400
2026/09/19 21:38:09.021, 2955 MHz, 14301 MHz, 98 %, 82.81 W, 63, 0x0000000000000400
2026/09/19 21:38:09.524, 2955 MHz, 14301 MHz, 99 %, 83.00 W, 63, 0x0000000000000400
2026/09/19 21:38:10.038, 2955 MHz, 14301 MHz, 99 %, 83.08 W, 63, 0x0000000000000400
2026/09/19 21:38:10.541, 2955 MHz, 14301 MHz, 99 %, 83.21 W, 64, 0x0000000000000400
2026/09/19 21:38:11.042, 2955 MHz, 14301 MHz, 99 %, 83.41 W, 64, 0x0000000000000400
2026/09/19 21:38:11.545, 2955 MHz, 14301 MHz, 99 %, 83.51 W, 64, 0x0000000000000400
2026/09/19 21:38:12.046, 2955 MHz, 14301 MHz, 99 %, 83.56 W, 64, 0x0000000000000400
2026/09/19 21:38:12.550, 2955 MHz, 14301 MHz, 99 %, 83.47 W, 64, 0x0000000000000400
2026/09/19 21:38:13.065, 2955 MHz, 14301 MHz, 99 %, 83.34 W, 64, 0x0000000000000400
2026/09/19 21:38:13.567, 2955 MHz, 14301 MHz, 99 %, 83.35 W, 64, 0x0000000000000400
2026/09/19 21:38:14.069, 2955 MHz, 14301 MHz, 98 %, 83.59 W, 64, 0x0000000000000400
2026/09/19 21:38:14.574, 2955 MHz, 14301 MHz, 99 %, 83.59 W, 64, 0x0000000000000400
2026/09/19 21:38:15.076, 2955 MHz, 14301 MHz, 99 %, 83.46 W, 64, 0x0000000000000400
2026/09/19 21:38:15.580, 2955 MHz, 14301 MHz, 99 %, 83.35 W, 64, 0x0000000000000400
2026/09/19 21:38:16.096, 2955 MHz, 14301 MHz, 98 %, 83.27 W, 64, 0x0000000000000400
2026/09/19 21:38:16.598, 2955 MHz, 14301 MHz, 88 %, 82.36 W, 64, 0x0000000000000400
2026/09/19 21:38:17.101, 2437 MHz, 14301 MHz, 50 %, 67.04 W, 62, 0x0000000000000400
2026/09/19 21:38:17.613, 2452 MHz, 14301 MHz, 50 %, 52.43 W, 61, 0x0000000000000400
2026/09/19 21:38:18.115, 2437 MHz, 14301 MHz, 51 %, 52.18 W, 61, 0x0000000000000400
2026/09/19 21:38:18.628, 2460 MHz, 14301 MHz, 54 %, 51.99 W, 61, 0x0000000000000400
2026/09/19 21:38:19.132, 2400 MHz, 14301 MHz, 53 %, 51.98 W, 61, 0x0000000000000400
2026/09/19 21:38:19.637, 2460 MHz, 14301 MHz, 76 %, 55.48 W, 64, 0x0000000000000400
2026/09/19 21:38:20.140, 2452 MHz, 14301 MHz, 48 %, 56.34 W, 61, 0x0000000000000400
2026/09/19 21:38:20.643, 2422 MHz, 14301 MHz, 51 %, 56.46 W, 60, 0x0000000000000400
2026/09/19 21:38:21.144, 2490 MHz, 14301 MHz, 54 %, 51.96 W, 61, 0x0000000000000400
2026/09/19 21:38:21.647, 2430 MHz, 14301 MHz, 50 %, 51.97 W, 61, 0x0000000000000400
2026/09/19 21:38:22.149, 2445 MHz, 14301 MHz, 53 %, 51.96 W, 60, 0x0000000000000400
2026/09/19 21:38:22.654, 2422 MHz, 14301 MHz, 51 %, 52.44 W, 60, 0x0000000000000400
2026/09/19 21:38:23.158, 2430 MHz, 14301 MHz, 54 %, 52.33 W, 61, 0x0000000000000400
2026/09/19 21:38:23.662, 2377 MHz, 14301 MHz, 50 %, 51.58 W, 61, 0x0000000000000400
2026/09/19 21:38:24.164, 2437 MHz, 14301 MHz, 53 %, 51.92 W, 60, 0x0000000000000400
2026/09/19 21:38:24.670, 2437 MHz, 14301 MHz, 49 %, 52.44 W, 60, 0x0000000000000400
2026/09/19 21:38:25.173, 2385 MHz, 14301 MHz, 50 %, 52.02 W, 61, 0x0000000000000400
2026/09/19 21:38:25.687, 2955 MHz, 14301 MHz, 98 %, 61.69 W, 62, 0x0000000000000400
2026/09/19 21:38:26.188, 2955 MHz, 14301 MHz, 98 %, 76.26 W, 63, 0x0000000000000400
2026/09/19 21:38:26.691, 2955 MHz, 14301 MHz, 99 %, 83.36 W, 64, 0x0000000000000400
2026/09/19 21:38:27.193, 2955 MHz, 14301 MHz, 99 %, 83.22 W, 64, 0x0000000000000400
2026/09/19 21:38:27.699, 2955 MHz, 14301 MHz, 98 %, 83.00 W, 63, 0x0000000000000400
2026/09/19 21:38:28.202, 2955 MHz, 14301 MHz, 99 %, 83.10 W, 63, 0x0000000000000400
2026/09/19 21:38:28.706, 2955 MHz, 14301 MHz, 98 %, 83.36 W, 64, 0x0000000000000400
2026/09/19 21:38:29.209, 2955 MHz, 14301 MHz, 98 %, 83.57 W, 64, 0x0000000000000400
2026/09/19 21:38:29.723, 2955 MHz, 14301 MHz, 99 %, 83.62 W, 64, 0x0000000000000400
2026/09/19 21:38:30.239, 2955 MHz, 14301 MHz, 99 %, 83.63 W, 64, 0x0000000000000400
2026/09/19 21:38:30.742, 2955 MHz, 14301 MHz, 99 %, 83.65 W, 64, 0x0000000000000400
2026/09/19 21:38:31.247, 2955 MHz, 14301 MHz, 99 %, 83.80 W, 64, 0x0000000000000400
2026/09/19 21:38:31.751, 2955 MHz, 14301 MHz, 99 %, 84.05 W, 64, 0x0000000000000400
2026/09/19 21:38:32.254, 2955 MHz, 14301 MHz, 98 %, 84.44 W, 64, 0x0000000000000400
2026/09/19 21:38:32.757, 2955 MHz, 14301 MHz, 99 %, 84.28 W, 64, 0x0000000000000400
2026/09/19 21:38:33.260, 2955 MHz, 14301 MHz, 99 %, 84.04 W, 64, 0x0000000000000400
2026/09/19 21:38:33.762, 2955 MHz, 14301 MHz, 99 %, 83.92 W, 64, 0x0000000000000400
2026/09/19 21:38:34.263, 2955 MHz, 14301 MHz, 98 %, 83.58 W, 64, 0x0000000000000400
2026/09/19 21:38:34.764, 2452 MHz, 14301 MHz, 49 %, 68.57 W, 62, 0x0000000000000400
2026/09/19 21:38:35.269, 2437 MHz, 14301 MHz, 50 %, 52.93 W, 61, 0x0000000000000400
2026/09/19 21:38:35.770, 2430 MHz, 14301 MHz, 52 %, 51.97 W, 61, 0x0000000000000400
2026/09/19 21:38:36.275, 2505 MHz, 14301 MHz, 50 %, 52.19 W, 61, 0x0000000000000400
2026/09/19 21:38:36.781, 2452 MHz, 14301 MHz, 54 %, 52.66 W, 61, 0x0000000000000400
2026/09/19 21:38:37.292, 2467 MHz, 14301 MHz, 50 %, 52.57 W, 61, 0x0000000000000400
2026/09/19 21:38:37.800, 2400 MHz, 14301 MHz, 51 %, 52.34 W, 61, 0x0000000000000400
2026/09/19 21:38:38.302, 2392 MHz, 14301 MHz, 50 %, 51.75 W, 61, 0x0000000000000400
2026/09/19 21:38:38.802, 2415 MHz, 14301 MHz, 52 %, 51.58 W, 61, 0x0000000000000400
2026/09/19 21:38:39.305, 2467 MHz, 14301 MHz, 53 %, 52.21 W, 60, 0x0000000000000400
2026/09/19 21:38:39.806, 2460 MHz, 14301 MHz, 53 %, 52.37 W, 60, 0x0000000000000400
2026/09/19 21:38:40.322, 2392 MHz, 14301 MHz, 52 %, 51.96 W, 60, 0x0000000000000400
2026/09/19 21:38:40.823, 2400 MHz, 14301 MHz, 54 %, 51.46 W, 60, 0x0000000000000400
2026/09/19 21:38:41.338, 2437 MHz, 14301 MHz, 54 %, 51.52 W, 60, 0x0000000000000400
2026/09/19 21:38:41.840, 2445 MHz, 14301 MHz, 51 %, 52.00 W, 60, 0x0000000000000400
2026/09/19 21:38:42.341, 2377 MHz, 14301 MHz, 49 %, 51.69 W, 60, 0x0000000000000400
2026/09/19 21:38:42.846, 2460 MHz, 14301 MHz, 51 %, 51.67 W, 60, 0x0000000000000400
2026/09/19 21:38:43.358, 2842 MHz, 14301 MHz, 98 %, 60.26 W, 63, 0x0000000000000400
2026/09/19 21:38:43.860, 2955 MHz, 14301 MHz, 99 %, 74.11 W, 63, 0x0000000000000400
2026/09/19 21:38:44.363, 2955 MHz, 14301 MHz, 98 %, 82.30 W, 63, 0x0000000000000400
2026/09/19 21:38:44.869, 2955 MHz, 14301 MHz, 99 %, 82.15 W, 63, 0x0000000000000400
2026/09/19 21:38:45.374, 2955 MHz, 14301 MHz, 98 %, 82.20 W, 63, 0x0000000000000400
2026/09/19 21:38:45.876, 2955 MHz, 14301 MHz, 99 %, 82.20 W, 64, 0x0000000000000400
2026/09/19 21:38:46.392, 2955 MHz, 14301 MHz, 99 %, 82.39 W, 63, 0x0000000000000400
2026/09/19 21:38:46.894, 2955 MHz, 14301 MHz, 99 %, 82.60 W, 64, 0x0000000000000400
2026/09/19 21:38:47.395, 2955 MHz, 14301 MHz, 99 %, 82.69 W, 64, 0x0000000000000400
2026/09/19 21:38:47.898, 2955 MHz, 14301 MHz, 99 %, 82.74 W, 64, 0x0000000000000400
2026/09/19 21:38:48.399, 2955 MHz, 14301 MHz, 99 %, 82.65 W, 64, 0x0000000000000400
2026/09/19 21:38:48.900, 2955 MHz, 14301 MHz, 99 %, 82.58 W, 64, 0x0000000000000400
2026/09/19 21:38:49.404, 2955 MHz, 14301 MHz, 99 %, 82.77 W, 64, 0x0000000000000400
2026/09/19 21:38:49.912, 2955 MHz, 14301 MHz, 98 %, 83.03 W, 64, 0x0000000000000400
2026/09/19 21:38:50.416, 2955 MHz, 14301 MHz, 99 %, 82.80 W, 64, 0x0000000000000400
2026/09/19 21:38:50.917, 2955 MHz, 14301 MHz, 99 %, 82.68 W, 64, 0x0000000000000400
2026/09/19 21:38:51.424, 2955 MHz, 14301 MHz, 99 %, 82.60 W, 64, 0x0000000000000400
2026/09/19 21:38:51.927, 2955 MHz, 14301 MHz, 99 %, 82.70 W, 64, 0x0000000000000400
2026/09/19 21:38:52.433, 2445 MHz, 14301 MHz, 51 %, 68.64 W, 61, 0x0000000000000400
2026/09/19 21:38:52.937, 2460 MHz, 14301 MHz, 49 %, 55.65 W, 61, 0x0000000000000400
2026/09/19 21:38:53.439, 2430 MHz, 14301 MHz, 52 %, 51.53 W, 61, 0x0000000000000400
2026/09/19 21:38:53.945, 2467 MHz, 14301 MHz, 52 %, 52.08 W, 61, 0x0000000000000400
2026/09/19 21:38:54.450, 2430 MHz, 14301 MHz, 52 %, 52.59 W, 61, 0x0000000000000400
2026/09/19 21:38:54.951, 2407 MHz, 14301 MHz, 50 %, 51.99 W, 61, 0x0000000000000400
2026/09/19 21:38:55.457, 2445 MHz, 14301 MHz, 53 %, 51.57 W, 61, 0x0000000000000400
2026/09/19 21:38:55.960, 2392 MHz, 14301 MHz, 51 %, 51.47 W, 61, 0x0000000000000400
2026/09/19 21:38:56.464, 2400 MHz, 14301 MHz, 50 %, 51.54 W, 61, 0x0000000000000400
2026/09/19 21:38:56.969, 2482 MHz, 14301 MHz, 53 %, 51.88 W, 61, 0x0000000000000400
2026/09/19 21:38:57.472, 2415 MHz, 14301 MHz, 53 %, 52.12 W, 60, 0x0000000000000400
2026/09/19 21:38:57.974, 2422 MHz, 14301 MHz, 51 %, 51.74 W, 60, 0x0000000000000400
2026/09/19 21:38:58.478, 2482 MHz, 14301 MHz, 44 %, 51.31 W, 60, 0x0000000000000400
2026/09/19 21:38:58.982, 2460 MHz, 14301 MHz, 50 %, 51.67 W, 60, 0x0000000000000400
2026/09/19 21:38:59.485, 2437 MHz, 14301 MHz, 52 %, 51.84 W, 61, 0x0000000000000400
2026/09/19 21:38:59.999, 2482 MHz, 14301 MHz, 53 %, 52.18 W, 60, 0x0000000000000400
2026/09/19 21:39:00.504, 2415 MHz, 14301 MHz, 53 %, 52.24 W, 60, 0x0000000000000400
2026/09/19 21:39:01.009, 2430 MHz, 14301 MHz, 52 %, 51.83 W, 60, 0x0000000000000400
2026/09/19 21:39:01.510, 2955 MHz, 14301 MHz, 99 %, 65.57 W, 63, 0x0000000000000400
2026/09/19 21:39:02.016, 2955 MHz, 14301 MHz, 98 %, 80.86 W, 63, 0x0000000000000400
2026/09/19 21:39:02.521, 2955 MHz, 14301 MHz, 99 %, 82.01 W, 63, 0x0000000000000400
2026/09/19 21:39:03.027, 2955 MHz, 14301 MHz, 99 %, 81.95 W, 63, 0x0000000000000400
2026/09/19 21:39:03.528, 2955 MHz, 14301 MHz, 99 %, 82.02 W, 64, 0x0000000000000400
2026/09/19 21:39:04.034, 2955 MHz, 14301 MHz, 99 %, 82.13 W, 63, 0x0000000000000400
2026/09/19 21:39:04.539, 2955 MHz, 14301 MHz, 99 %, 82.38 W, 63, 0x0000000000000400
2026/09/19 21:39:05.044, 2955 MHz, 14301 MHz, 99 %, 82.68 W, 64, 0x0000000000000400
2026/09/19 21:39:05.552, 2955 MHz, 14301 MHz, 99 %, 82.85 W, 64, 0x0000000000000400
2026/09/19 21:39:06.057, 2955 MHz, 14301 MHz, 99 %, 82.82 W, 64, 0x0000000000000400
2026/09/19 21:39:06.562, 2955 MHz, 14301 MHz, 99 %, 84.72 W, 64, 0x0000000000000400
2026/09/19 21:39:07.063, 2955 MHz, 14301 MHz, 99 %, 84.89 W, 64, 0x0000000000000400
2026/09/19 21:39:07.566, 2955 MHz, 14301 MHz, 99 %, 82.57 W, 64, 0x0000000000000400
2026/09/19 21:39:08.073, 2955 MHz, 14301 MHz, 99 %, 82.68 W, 64, 0x0000000000000400
2026/09/19 21:39:08.578, 2955 MHz, 14301 MHz, 99 %, 82.74 W, 64, 0x0000000000000400
2026/09/19 21:39:09.082, 2955 MHz, 14301 MHz, 99 %, 82.73 W, 64, 0x0000000000000400
2026/09/19 21:39:09.585, 2955 MHz, 14301 MHz, 99 %, 82.87 W, 64, 0x0000000000000400
2026/09/19 21:39:10.090, 2955 MHz, 14301 MHz, 99 %, 82.85 W, 64, 0x0000000000000400
2026/09/19 21:39:10.595, 2782 MHz, 14301 MHz, 45 %, 78.65 W, 62, 0x0000000000000400
2026/09/19 21:39:11.100, 2415 MHz, 14301 MHz, 49 %, 64.29 W, 62, 0x0000000000000400
2026/09/19 21:39:11.615, 2355 MHz, 14301 MHz, 51 %, 51.01 W, 61, 0x0000000000000400
2026/09/19 21:39:12.127, 2445 MHz, 14301 MHz, 49 %, 51.39 W, 61, 0x0000000000000400
2026/09/19 21:39:12.629, 2430 MHz, 14301 MHz, 52 %, 51.61 W, 61, 0x0000000000000400
2026/09/19 21:39:13.129, 2467 MHz, 14301 MHz, 50 %, 52.14 W, 61, 0x0000000000000400
2026/09/19 21:39:13.635, 2437 MHz, 14301 MHz, 52 %, 52.37 W, 61, 0x0000000000000400
2026/09/19 21:39:14.141, 2392 MHz, 14301 MHz, 51 %, 51.77 W, 61, 0x0000000000000400
2026/09/19 21:39:14.657, 2460 MHz, 14301 MHz, 51 %, 51.31 W, 61, 0x0000000000000400
2026/09/19 21:39:15.159, 2460 MHz, 14301 MHz, 50 %, 51.79 W, 61, 0x0000000000000400
2026/09/19 21:39:15.666, 2467 MHz, 14301 MHz, 50 %, 52.40 W, 60, 0x0000000000000400
2026/09/19 21:39:16.172, 2460 MHz, 14301 MHz, 51 %, 52.43 W, 61, 0x0000000000000400
2026/09/19 21:39:16.678, 2407 MHz, 14301 MHz, 52 %, 51.71 W, 60, 0x0000000000000400
2026/09/19 21:39:17.180, 2400 MHz, 14301 MHz, 51 %, 51.22 W, 60, 0x0000000000000400
2026/09/19 21:39:17.680, 2437 MHz, 14301 MHz, 50 %, 51.37 W, 60, 0x0000000000000400
2026/09/19 21:39:18.183, 2475 MHz, 14301 MHz, 55 %, 51.68 W, 60, 0x0000000000000400
2026/09/19 21:39:18.690, 2430 MHz, 14301 MHz, 48 %, 51.98 W, 60, 0x0000000000000400
2026/09/19 21:39:19.205, 2437 MHz, 14301 MHz, 54 %, 52.11 W, 60, 0x0000000000000400
2026/09/19 21:39:19.720, 2782 MHz, 14301 MHz, 98 %, 57.27 W, 62, 0x0000000000000400
2026/09/19 21:39:20.223, 2955 MHz, 14301 MHz, 99 %, 73.05 W, 63, 0x0000000000000400
2026/09/19 21:39:20.730, 2955 MHz, 14301 MHz, 99 %, 82.52 W, 63, 0x0000000000000400
2026/09/19 21:39:21.233, 2955 MHz, 14301 MHz, 99 %, 82.70 W, 64, 0x0000000000000400
2026/09/19 21:39:21.740, 2955 MHz, 14301 MHz, 99 %, 82.44 W, 63, 0x0000000000000400
2026/09/19 21:39:22.247, 2955 MHz, 14301 MHz, 99 %, 82.47 W, 63, 0x0000000000000400
2026/09/19 21:39:22.749, 2955 MHz, 14301 MHz, 98 %, 82.73 W, 64, 0x0000000000000400
2026/09/19 21:39:23.253, 2955 MHz, 14301 MHz, 99 %, 82.99 W, 64, 0x0000000000000400
2026/09/19 21:39:23.767, 2955 MHz, 14301 MHz, 99 %, 83.16 W, 64, 0x0000000000000400
2026/09/19 21:39:24.272, 2955 MHz, 14301 MHz, 99 %, 83.12 W, 64, 0x0000000000000400
2026/09/19 21:39:24.779, 2955 MHz, 14301 MHz, 99 %, 83.16 W, 64, 0x0000000000000400
2026/09/19 21:39:25.284, 2955 MHz, 14301 MHz, 98 %, 83.23 W, 64, 0x0000000000000400
2026/09/19 21:39:25.788, 2955 MHz, 14301 MHz, 98 %, 83.44 W, 64, 0x0000000000000400
2026/09/19 21:39:26.290, 2955 MHz, 14301 MHz, 98 %, 83.62 W, 64, 0x0000000000000400
2026/09/19 21:39:26.795, 2955 MHz, 14301 MHz, 99 %, 83.43 W, 64, 0x0000000000000400
2026/09/19 21:39:27.299, 2955 MHz, 14301 MHz, 98 %, 83.47 W, 64, 0x0000000000000400
2026/09/19 21:39:27.814, 2955 MHz, 14301 MHz, 99 %, 83.65 W, 64, 0x0000000000000400
2026/09/19 21:39:28.318, 2955 MHz, 14301 MHz, 99 %, 83.57 W, 64, 0x0000000000000400
2026/09/19 21:39:28.822, 2685 MHz, 14301 MHz, 49 %, 77.71 W, 62, 0x0000000000000400
2026/09/19 21:39:29.338, 2437 MHz, 14301 MHz, 50 %, 62.08 W, 61, 0x0000000000000400
2026/09/19 21:39:29.841, 2437 MHz, 14301 MHz, 49 %, 52.26 W, 61, 0x0000000000000400
2026/09/19 21:39:30.355, 2482 MHz, 14301 MHz, 51 %, 56.31 W, 61, 0x0000000000000400
2026/09/19 21:39:30.865, 2445 MHz, 14301 MHz, 50 %, 56.60 W, 61, 0x0000000000000400
2026/09/19 21:39:31.366, 2452 MHz, 14301 MHz, 52 %, 51.93 W, 61, 0x0000000000000400
2026/09/19 21:39:31.870, 2400 MHz, 14301 MHz, 52 %, 51.93 W, 61, 0x0000000000000400
2026/09/19 21:39:32.374, 2422 MHz, 14301 MHz, 49 %, 51.66 W, 61, 0x0000000000000400
2026/09/19 21:39:32.876, 2460 MHz, 14301 MHz, 53 %, 51.84 W, 60, 0x0000000000000400
2026/09/19 21:39:33.390, 2460 MHz, 14301 MHz, 53 %, 52.03 W, 60, 0x0000000000000400
2026/09/19 21:39:33.905, 2422 MHz, 14301 MHz, 51 %, 51.76 W, 60, 0x0000000000000400
2026/09/19 21:39:34.420, 2460 MHz, 14301 MHz, 51 %, 52.07 W, 60, 0x0000000000000400
2026/09/19 21:39:34.935, 2392 MHz, 14301 MHz, 51 %, 52.07 W, 60, 0x0000000000000400
2026/09/19 21:39:35.448, 2467 MHz, 14301 MHz, 52 %, 51.71 W, 61, 0x0000000000000400
2026/09/19 21:39:35.952, 2452 MHz, 14301 MHz, 50 %, 52.05 W, 61, 0x0000000000000400
2026/09/19 21:39:36.454, 2400 MHz, 14301 MHz, 50 %, 51.80 W, 60, 0x0000000000000400
2026/09/19 21:39:36.970, 2475 MHz, 14301 MHz, 53 %, 51.81 W, 60, 0x0000000000000400
2026/09/19 21:39:37.477, 2955 MHz, 14301 MHz, 99 %, 63.26 W, 63, 0x0000000000000400
2026/09/19 21:39:37.980, 2955 MHz, 14301 MHz, 99 %, 77.42 W, 63, 0x0000000000000400
2026/09/19 21:39:38.484, 2955 MHz, 14301 MHz, 99 %, 83.11 W, 63, 0x0000000000000400
2026/09/19 21:39:38.989, 2955 MHz, 14301 MHz, 99 %, 83.24 W, 63, 0x0000000000000400
2026/09/19 21:39:39.491, 2955 MHz, 14301 MHz, 99 %, 83.14 W, 64, 0x0000000000000400
2026/09/19 21:39:40.004, 2955 MHz, 14301 MHz, 99 %, 83.25 W, 64, 0x0000000000000400
2026/09/19 21:39:40.505, 2955 MHz, 14301 MHz, 99 %, 83.65 W, 63, 0x0000000000000400
2026/09/19 21:39:41.009, 2955 MHz, 14301 MHz, 99 %, 84.01 W, 64, 0x0000000000000400
2026/09/19 21:39:41.511, 2955 MHz, 14301 MHz, 99 %, 83.83 W, 64, 0x0000000000000400
2026/09/19 21:39:42.019, 2955 MHz, 14301 MHz, 99 %, 83.67 W, 64, 0x0000000000000400
2026/09/19 21:39:42.521, 2955 MHz, 14301 MHz, 99 %, 83.52 W, 64, 0x0000000000000400
2026/09/19 21:39:43.022, 2955 MHz, 14301 MHz, 99 %, 83.43 W, 64, 0x0000000000000400
2026/09/19 21:39:43.525, 2955 MHz, 14301 MHz, 98 %, 83.42 W, 64, 0x0000000000000400
2026/09/19 21:39:44.039, 2955 MHz, 14301 MHz, 99 %, 83.47 W, 64, 0x0000000000000400
2026/09/19 21:39:44.546, 2955 MHz, 14301 MHz, 99 %, 83.47 W, 64, 0x0000000000000400
2026/09/19 21:39:45.047, 2955 MHz, 14301 MHz, 99 %, 83.46 W, 64, 0x0000000000000400
2026/09/19 21:39:45.561, 2955 MHz, 14301 MHz, 99 %, 83.55 W, 64, 0x0000000000000400
2026/09/19 21:39:46.076, 2955 MHz, 14301 MHz, 98 %, 83.34 W, 64, 0x0000000000000400
2026/09/19 21:39:46.578, 2377 MHz, 14301 MHz, 49 %, 67.98 W, 62, 0x0000000000000400
2026/09/19 21:39:47.083, 2400 MHz, 14301 MHz, 50 %, 52.06 W, 62, 0x0000000000000400
2026/09/19 21:39:47.587, 2437 MHz, 14301 MHz, 52 %, 51.86 W, 61, 0x0000000000000400
2026/09/19 21:39:48.102, 2437 MHz, 14301 MHz, 54 %, 52.00 W, 61, 0x0000000000000400
2026/09/19 21:39:48.611, 2460 MHz, 14301 MHz, 51 %, 52.37 W, 61, 0x0000000000000400
2026/09/19 21:39:49.113, 2482 MHz, 14301 MHz, 53 %, 52.57 W, 61, 0x0000000000000400
2026/09/19 21:39:49.616, 2437 MHz, 14301 MHz, 50 %, 52.62 W, 61, 0x0000000000000400
2026/09/19 21:39:50.121, 2437 MHz, 14301 MHz, 51 %, 52.17 W, 61, 0x0000000000000400
2026/09/19 21:39:50.623, 2460 MHz, 14301 MHz, 51 %, 52.17 W, 61, 0x0000000000000400
2026/09/19 21:39:51.139, 2475 MHz, 14301 MHz, 50 %, 52.33 W, 61, 0x0000000000000400
2026/09/19 21:39:51.641, 2460 MHz, 14301 MHz, 51 %, 52.66 W, 61, 0x0000000000000400
2026/09/19 21:39:52.145, 2445 MHz, 14301 MHz, 51 %, 52.37 W, 61, 0x0000000000000400
2026/09/19 21:39:52.648, 2452 MHz, 14301 MHz, 53 %, 52.21 W, 61, 0x0000000000000400
2026/09/19 21:39:53.162, 2460 MHz, 14301 MHz, 54 %, 52.22 W, 61, 0x0000000000000400
2026/09/19 21:39:53.665, 2625 MHz, 14301 MHz, 49 %, 56.61 W, 61, 0x0000000000000400
2026/09/19 21:39:54.167, 2437 MHz, 14301 MHz, 51 %, 56.82 W, 61, 0x0000000000000400
2026/09/19 21:39:54.672, 2437 MHz, 14301 MHz, 49 %, 52.28 W, 61, 0x0000000000000400
2026/09/19 21:39:55.186, 2565 MHz, 14301 MHz, 97 %, 54.94 W, 62, 0x0000000000000400
2026/09/19 21:39:55.691, 2955 MHz, 14301 MHz, 99 %, 68.53 W, 63, 0x0000000000000400
2026/09/19 21:39:56.203, 2955 MHz, 14301 MHz, 99 %, 82.37 W, 63, 0x0000000000000400
2026/09/19 21:39:56.707, 2955 MHz, 14301 MHz, 99 %, 82.85 W, 64, 0x0000000000000400
2026/09/19 21:39:57.223, 2955 MHz, 14301 MHz, 99 %, 82.72 W, 64, 0x0000000000000400
2026/09/19 21:39:57.733, 2955 MHz, 14301 MHz, 99 %, 82.41 W, 64, 0x0000000000000400
2026/09/19 21:39:58.234, 2955 MHz, 14301 MHz, 99 %, 82.81 W, 64, 0x0000000000000400
2026/09/19 21:39:58.737, 2955 MHz, 14301 MHz, 99 %, 83.16 W, 63, 0x0000000000000400
2026/09/19 21:39:59.238, 2955 MHz, 14301 MHz, 98 %, 83.19 W, 64, 0x0000000000000400
2026/09/19 21:39:59.738, 2955 MHz, 14301 MHz, 99 %, 83.28 W, 64, 0x0000000000000400
2026/09/19 21:40:00.253, 2955 MHz, 14301 MHz, 99 %, 83.11 W, 64, 0x0000000000000400
2026/09/19 21:40:00.755, 2955 MHz, 14301 MHz, 99 %, 83.00 W, 64, 0x0000000000000400
2026/09/19 21:40:01.261, 2955 MHz, 14301 MHz, 98 %, 83.12 W, 64, 0x0000000000000400
2026/09/19 21:40:01.764, 2955 MHz, 14301 MHz, 98 %, 83.41 W, 64, 0x0000000000000400
2026/09/19 21:40:02.268, 2955 MHz, 14301 MHz, 99 %, 83.42 W, 64, 0x0000000000000400
2026/09/19 21:40:02.771, 2955 MHz, 14301 MHz, 99 %, 83.25 W, 64, 0x0000000000000400
2026/09/19 21:40:03.274, 2955 MHz, 14301 MHz, 99 %, 83.11 W, 64, 0x0000000000000400
2026/09/19 21:40:03.776, 2955 MHz, 14301 MHz, 98 %, 83.16 W, 64, 0x0000000000000400
2026/09/19 21:40:04.277, 2767 MHz, 14301 MHz, 49 %, 78.81 W, 63, 0x0000000000000400
2026/09/19 21:40:04.782, 2407 MHz, 14301 MHz, 50 %, 62.95 W, 61, 0x0000000000000400
2026/09/19 21:40:05.285, 2452 MHz, 14301 MHz, 50 %, 51.71 W, 61, 0x0000000000000400
2026/09/19 21:40:05.788, 2460 MHz, 14301 MHz, 51 %, 52.08 W, 61, 0x0000000000000400
2026/09/19 21:40:06.291, 2407 MHz, 14301 MHz, 50 %, 51.96 W, 61, 0x0000000000000400
2026/09/19 21:40:06.795, 2430 MHz, 14301 MHz, 52 %, 52.06 W, 61, 0x0000000000000400
2026/09/19 21:40:07.297, 2430 MHz, 14301 MHz, 50 %, 52.13 W, 60, 0x0000000000000400
2026/09/19 21:40:07.801, 2400 MHz, 14301 MHz, 50 %, 51.68 W, 61, 0x0000000000000400
2026/09/19 21:40:08.303, 2430 MHz, 14301 MHz, 52 %, 51.52 W, 61, 0x0000000000000400
2026/09/19 21:40:08.803, 2385 MHz, 14301 MHz, 51 %, 51.61 W, 61, 0x0000000000000400
2026/09/19 21:40:09.304, 2482 MHz, 14301 MHz, 53 %, 51.81 W, 60, 0x0000000000000400
2026/09/19 21:40:09.806, 2407 MHz, 14301 MHz, 52 %, 51.84 W, 60, 0x0000000000000400
2026/09/19 21:40:10.307, 2430 MHz, 14301 MHz, 50 %, 52.00 W, 60, 0x0000000000000400
2026/09/19 21:40:10.812, 2407 MHz, 14301 MHz, 48 %, 52.12 W, 61, 0x0000000000000400
2026/09/19 21:40:11.325, 2445 MHz, 14301 MHz, 53 %, 51.80 W, 60, 0x0000000000000400
2026/09/19 21:40:11.841, 2430 MHz, 14301 MHz, 52 %, 52.13 W, 60, 0x0000000000000400
2026/09/19 21:40:12.348, 2437 MHz, 14301 MHz, 50 %, 52.31 W, 60, 0x0000000000000400
2026/09/19 21:40:12.852, 2430 MHz, 14301 MHz, 52 %, 51.97 W, 60, 0x0000000000000400
2026/09/19 21:40:13.355, 2955 MHz, 14301 MHz, 98 %, 63.72 W, 63, 0x0000000000000400
2026/09/19 21:40:13.859, 2955 MHz, 14301 MHz, 99 %, 77.33 W, 63, 0x0000000000000400
2026/09/19 21:40:14.362, 2955 MHz, 14301 MHz, 99 %, 84.03 W, 64, 0x0000000000000400
2026/09/19 21:40:14.869, 2955 MHz, 14301 MHz, 99 %, 84.04 W, 64, 0x0000000000000400
2026/09/19 21:40:15.374, 2955 MHz, 14301 MHz, 99 %, 83.88 W, 64, 0x0000000000000400
2026/09/19 21:40:15.877, 2955 MHz, 14301 MHz, 99 %, 84.02 W, 64, 0x0000000000000400
2026/09/19 21:40:16.378, 2955 MHz, 14301 MHz, 99 %, 84.67 W, 64, 0x0000000000000400
2026/09/19 21:40:16.881, 2955 MHz, 14301 MHz, 99 %, 85.03 W, 64, 0x0000000000000400
2026/09/19 21:40:17.383, 2955 MHz, 14301 MHz, 98 %, 86.99 W, 64, 0x0000000000000400
2026/09/19 21:40:17.889, 2947 MHz, 14301 MHz, 99 %, 86.76 W, 65, 0x0000000000000400
2026/09/19 21:40:18.392, 2955 MHz, 14301 MHz, 99 %, 84.56 W, 64, 0x0000000000000400
2026/09/19 21:40:18.898, 2955 MHz, 14301 MHz, 99 %, 84.38 W, 64, 0x0000000000000400
2026/09/19 21:40:19.400, 2955 MHz, 14301 MHz, 99 %, 84.43 W, 64, 0x0000000000000400
2026/09/19 21:40:19.901, 2955 MHz, 14301 MHz, 99 %, 84.46 W, 64, 0x0000000000000400
2026/09/19 21:40:20.404, 2955 MHz, 14301 MHz, 99 %, 84.33 W, 64, 0x0000000000000400
2026/09/19 21:40:20.910, 2955 MHz, 14301 MHz, 98 %, 84.22 W, 64, 0x0000000000000400
2026/09/19 21:40:21.426, 2955 MHz, 14301 MHz, 99 %, 83.41 W, 64, 0x0000000000000400
2026/09/19 21:40:21.931, 2445 MHz, 14301 MHz, 50 %, 72.05 W, 62, 0x0000000000000400
2026/09/19 21:40:22.435, 2452 MHz, 14301 MHz, 50 %, 56.74 W, 61, 0x0000000000000400
2026/09/19 21:40:22.938, 2467 MHz, 14301 MHz, 53 %, 52.53 W, 61, 0x0000000000000400
2026/09/19 21:40:23.441, 2445 MHz, 14301 MHz, 53 %, 52.84 W, 61, 0x0000000000000400
2026/09/19 21:40:23.941, 2467 MHz, 14301 MHz, 55 %, 52.86 W, 61, 0x0000000000000400
2026/09/19 21:40:24.446, 2392 MHz, 14301 MHz, 51 %, 52.34 W, 61, 0x0000000000000400
2026/09/19 21:40:24.947, 2437 MHz, 14301 MHz, 53 %, 52.14 W, 61, 0x0000000000000400
2026/09/19 21:40:25.450, 2437 MHz, 14301 MHz, 52 %, 52.41 W, 61, 0x0000000000000400
2026/09/19 21:40:25.951, 2407 MHz, 14301 MHz, 50 %, 52.17 W, 61, 0x0000000000000400
2026/09/19 21:40:26.455, 2490 MHz, 14301 MHz, 50 %, 51.85 W, 60, 0x0000000000000400
2026/09/19 21:40:26.957, 2415 MHz, 14301 MHz, 52 %, 52.21 W, 60, 0x0000000000000400
2026/09/19 21:40:27.472, 2407 MHz, 14301 MHz, 51 %, 52.22 W, 60, 0x0000000000000400
2026/09/19 21:40:27.985, 2475 MHz, 14301 MHz, 53 %, 51.94 W, 61, 0x0000000000000400
2026/09/19 21:40:28.488, 2392 MHz, 14301 MHz, 49 %, 51.62 W, 61, 0x0000000000000400
2026/09/19 21:40:29.003, 2475 MHz, 14301 MHz, 54 %, 51.63 W, 60, 0x0000000000000400
2026/09/19 21:40:29.506, 2437 MHz, 14301 MHz, 49 %, 51.64 W, 60, 0x0000000000000400
2026/09/19 21:40:30.006, 2415 MHz, 14301 MHz, 51 %, 51.49 W, 60, 0x0000000000000400
2026/09/19 21:40:30.512, 2685 MHz, 14301 MHz, 99 %, 55.26 W, 62, 0x0000000000000400
2026/09/19 21:40:31.017, 2955 MHz, 14301 MHz, 99 %, 71.50 W, 63, 0x0000000000000400
2026/09/19 21:40:31.518, 2955 MHz, 14301 MHz, 99 %, 82.84 W, 63, 0x0000000000000400
2026/09/19 21:40:32.020, 2955 MHz, 14301 MHz, 99 %, 82.94 W, 63, 0x0000000000000400
2026/09/19 21:40:32.535, 2955 MHz, 14301 MHz, 99 %, 82.89 W, 63, 0x0000000000000400
2026/09/19 21:40:33.051, 2955 MHz, 14301 MHz, 99 %, 82.90 W, 64, 0x0000000000000400
2026/09/19 21:40:33.554, 2955 MHz, 14301 MHz, 99 %, 82.93 W, 64, 0x0000000000000400
2026/09/19 21:40:34.057, 2955 MHz, 14301 MHz, 99 %, 83.13 W, 64, 0x0000000000000400
2026/09/19 21:40:34.571, 2955 MHz, 14301 MHz, 99 %, 83.40 W, 64, 0x0000000000000400
2026/09/19 21:40:35.074, 2955 MHz, 14301 MHz, 99 %, 83.25 W, 64, 0x0000000000000400
2026/09/19 21:40:35.577, 2955 MHz, 14301 MHz, 99 %, 83.08 W, 64, 0x0000000000000400
2026/09/19 21:40:36.081, 2955 MHz, 14301 MHz, 98 %, 83.09 W, 64, 0x0000000000000400
2026/09/19 21:40:36.596, 2955 MHz, 14301 MHz, 99 %, 83.39 W, 64, 0x0000000000000400
2026/09/19 21:40:37.102, 2955 MHz, 14301 MHz, 99 %, 83.35 W, 64, 0x0000000000000400
2026/09/19 21:40:37.605, 2955 MHz, 14301 MHz, 99 %, 83.40 W, 64, 0x0000000000000400
2026/09/19 21:40:38.108, 2955 MHz, 14301 MHz, 99 %, 83.62 W, 64, 0x0000000000000400
2026/09/19 21:40:38.610, 2955 MHz, 14301 MHz, 99 %, 83.52 W, 64, 0x0000000000000400
2026/09/19 21:40:39.114, 2955 MHz, 14301 MHz, 99 %, 83.35 W, 64, 0x0000000000000400
2026/09/19 21:40:39.627, 2602 MHz, 14301 MHz, 51 %, 76.60 W, 63, 0x0000000000000400
2026/09/19 21:40:40.129, 2460 MHz, 14301 MHz, 50 %, 61.46 W, 62, 0x0000000000000400
2026/09/19 21:40:40.634, 2602 MHz, 14301 MHz, 51 %, 56.61 W, 62, 0x0000000000000400
2026/09/19 21:40:41.137, 2437 MHz, 14301 MHz, 53 %, 56.26 W, 61, 0x0000000000000400
2026/09/19 21:40:41.638, 2482 MHz, 14301 MHz, 52 %, 52.55 W, 61, 0x0000000000000400
2026/09/19 21:40:42.140, 2415 MHz, 14301 MHz, 50 %, 52.50 W, 61, 0x0000000000000400
2026/09/19 21:40:42.643, 2437 MHz, 14301 MHz, 52 %, 52.10 W, 60, 0x0000000000000400
2026/09/19 21:40:43.158, 2385 MHz, 14301 MHz, 51 %, 51.88 W, 61, 0x0000000000000400
2026/09/19 21:40:43.660, 2430 MHz, 14301 MHz, 51 %, 52.26 W, 61, 0x0000000000000400
2026/09/19 21:40:44.174, 2490 MHz, 14301 MHz, 54 %, 52.41 W, 60, 0x0000000000000400
2026/09/19 21:40:44.678, 2422 MHz, 14301 MHz, 49 %, 51.96 W, 60, 0x0000000000000400
2026/09/19 21:40:45.180, 2467 MHz, 14301 MHz, 50 %, 52.47 W, 60, 0x0000000000000400
2026/09/19 21:40:45.685, 2475 MHz, 14301 MHz, 52 %, 52.38 W, 61, 0x0000000000000400
2026/09/19 21:40:46.187, 2415 MHz, 14301 MHz, 52 %, 51.83 W, 61, 0x0000000000000400
2026/09/19 21:40:46.691, 2497 MHz, 14301 MHz, 53 %, 52.09 W, 60, 0x0000000000000400
2026/09/19 21:40:47.207, 2422 MHz, 14301 MHz, 52 %, 52.09 W, 60, 0x0000000000000400
2026/09/19 21:40:47.721, 2490 MHz, 14301 MHz, 50 %, 52.52 W, 60, 0x0000000000000400
2026/09/19 21:40:48.225, 2437 MHz, 14301 MHz, 54 %, 52.26 W, 60, 0x0000000000000400
2026/09/19 21:40:48.728, 2955 MHz, 14301 MHz, 98 %, 65.15 W, 63, 0x0000000000000400
2026/09/19 21:40:49.229, 2955 MHz, 14301 MHz, 98 %, 79.37 W, 64, 0x0000000000000400
2026/09/19 21:40:49.733, 2955 MHz, 14301 MHz, 99 %, 83.04 W, 64, 0x0000000000000400
2026/09/19 21:40:50.239, 2955 MHz, 14301 MHz, 99 %, 82.98 W, 63, 0x0000000000000400
2026/09/19 21:40:50.743, 2955 MHz, 14301 MHz, 99 %, 83.06 W, 63, 0x0000000000000400
2026/09/19 21:40:51.249, 2955 MHz, 14301 MHz, 98 %, 83.10 W, 63, 0x0000000000000400
2026/09/19 21:40:51.750, 2955 MHz, 14301 MHz, 99 %, 83.34 W, 64, 0x0000000000000400
2026/09/19 21:40:52.266, 2955 MHz, 14301 MHz, 98 %, 83.48 W, 64, 0x0000000000000400
2026/09/19 21:40:52.770, 2955 MHz, 14301 MHz, 99 %, 83.45 W, 64, 0x0000000000000400
2026/09/19 21:40:53.274, 2955 MHz, 14301 MHz, 99 %, 83.45 W, 64, 0x0000000000000400
2026/09/19 21:40:53.778, 2955 MHz, 14301 MHz, 99 %, 83.48 W, 64, 0x0000000000000400
2026/09/19 21:40:54.279, 2955 MHz, 14301 MHz, 98 %, 83.75 W, 64, 0x0000000000000400
2026/09/19 21:40:54.783, 2955 MHz, 14301 MHz, 99 %, 84.01 W, 64, 0x0000000000000400
2026/09/19 21:40:55.286, 2955 MHz, 14301 MHz, 99 %, 84.04 W, 64, 0x0000000000000400
2026/09/19 21:40:55.793, 2955 MHz, 14301 MHz, 99 %, 83.90 W, 65, 0x0000000000000400
2026/09/19 21:40:56.297, 2955 MHz, 14301 MHz, 99 %, 83.60 W, 64, 0x0000000000000400
2026/09/19 21:40:56.799, 2955 MHz, 14301 MHz, 99 %, 83.43 W, 64, 0x0000000000000400
2026/09/19 21:40:57.314, 2752 MHz, 14301 MHz, 50 %, 79.07 W, 62, 0x0000000000000400
2026/09/19 21:40:57.817, 2445 MHz, 14301 MHz, 49 %, 63.40 W, 61, 0x0000000000000400
2026/09/19 21:40:58.320, 2460 MHz, 14301 MHz, 50 %, 52.19 W, 61, 0x0000000000000400
2026/09/19 21:40:58.823, 2415 MHz, 14301 MHz, 50 %, 52.27 W, 61, 0x0000000000000400
2026/09/19 21:40:59.329, 2430 MHz, 14301 MHz, 49 %, 52.27 W, 61, 0x0000000000000400
2026/09/19 21:40:59.831, 2407 MHz, 14301 MHz, 50 %, 51.89 W, 61, 0x0000000000000400
2026/09/19 21:41:00.333, 2475 MHz, 14301 MHz, 53 %, 52.00 W, 61, 0x0000000000000400
2026/09/19 21:41:00.847, 2422 MHz, 14301 MHz, 51 %, 52.55 W, 61, 0x0000000000000400
2026/09/19 21:41:01.351, 2385 MHz, 14301 MHz, 56 %, 52.17 W, 61, 0x0000000000000400
2026/09/19 21:41:01.856, 2422 MHz, 14301 MHz, 52 %, 51.73 W, 61, 0x0000000000000400
2026/09/19 21:41:02.362, 2422 MHz, 14301 MHz, 51 %, 51.88 W, 61, 0x0000000000000400
2026/09/19 21:41:02.865, 2475 MHz, 14301 MHz, 51 %, 52.03 W, 61, 0x0000000000000400
2026/09/19 21:41:03.371, 2437 MHz, 14301 MHz, 52 %, 52.38 W, 60, 0x0000000000000400
2026/09/19 21:41:03.873, 2580 MHz, 14301 MHz, 80 %, 56.72 W, 61, 0x0000000000000400
2026/09/19 21:41:04.375, 2445 MHz, 14301 MHz, 50 %, 56.68 W, 61, 0x0000000000000400
2026/09/19 21:41:04.878, 2505 MHz, 14301 MHz, 53 %, 55.02 W, 61, 0x0000000000000400
2026/09/19 21:41:05.381, 2445 MHz, 14301 MHz, 54 %, 52.08 W, 60, 0x0000000000000400
2026/09/19 21:41:05.888, 2482 MHz, 14301 MHz, 51 %, 52.35 W, 60, 0x0000000000000400
2026/09/19 21:41:06.403, 2955 MHz, 14301 MHz, 99 %, 64.21 W, 63, 0x0000000000000400
2026/09/19 21:41:06.910, 2955 MHz, 14301 MHz, 98 %, 77.86 W, 63, 0x0000000000000400
2026/09/19 21:41:07.411, 2955 MHz, 14301 MHz, 99 %, 83.03 W, 63, 0x0000000000000400
2026/09/19 21:41:07.919, 2955 MHz, 14301 MHz, 99 %, 82.98 W, 64, 0x0000000000000400
2026/09/19 21:41:08.423, 2955 MHz, 14301 MHz, 99 %, 82.90 W, 63, 0x0000000000000400
2026/09/19 21:41:08.931, 2955 MHz, 14301 MHz, 98 %, 83.09 W, 64, 0x0000000000000400
2026/09/19 21:41:09.431, 2955 MHz, 14301 MHz, 98 %, 83.22 W, 64, 0x0000000000000400
2026/09/19 21:41:09.945, 2955 MHz, 14301 MHz, 99 %, 83.60 W, 64, 0x0000000000000400
2026/09/19 21:41:10.447, 2955 MHz, 14301 MHz, 99 %, 83.29 W, 64, 0x0000000000000400
2026/09/19 21:41:10.961, 2955 MHz, 14301 MHz, 99 %, 82.84 W, 64, 0x0000000000000400
2026/09/19 21:41:11.463, 2955 MHz, 14301 MHz, 98 %, 82.91 W, 64, 0x0000000000000400
2026/09/19 21:41:11.969, 2955 MHz, 14301 MHz, 99 %, 83.13 W, 64, 0x0000000000000400
2026/09/19 21:41:12.472, 2955 MHz, 14301 MHz, 99 %, 83.38 W, 64, 0x0000000000000400
2026/09/19 21:41:12.976, 2955 MHz, 14301 MHz, 99 %, 83.41 W, 64, 0x0000000000000400
2026/09/19 21:41:13.476, 2955 MHz, 14301 MHz, 98 %, 83.28 W, 64, 0x0000000000000400
2026/09/19 21:41:13.981, 2955 MHz, 14301 MHz, 98 %, 83.19 W, 64, 0x0000000000000400
2026/09/19 21:41:14.482, 2955 MHz, 14301 MHz, 99 %, 83.33 W, 64, 0x0000000000000400
2026/09/19 21:41:14.984, 2445 MHz, 14301 MHz, 50 %, 72.18 W, 62, 0x0000000000000400
2026/09/19 21:41:15.485, 2460 MHz, 14301 MHz, 52 %, 57.75 W, 61, 0x0000000000000400
2026/09/19 21:41:15.988, 2445 MHz, 14301 MHz, 52 %, 52.04 W, 61, 0x0000000000000400
2026/09/19 21:41:16.489, 2452 MHz, 14301 MHz, 53 %, 52.50 W, 61, 0x0000000000000400
2026/09/19 21:41:16.991, 2430 MHz, 14301 MHz, 53 %, 52.03 W, 61, 0x0000000000000400
2026/09/19 21:41:17.505, 2422 MHz, 14301 MHz, 52 %, 51.91 W, 61, 0x0000000000000400
2026/09/19 21:41:18.018, 2460 MHz, 14301 MHz, 50 %, 52.45 W, 60, 0x0000000000000400
2026/09/19 21:41:18.534, 2430 MHz, 14301 MHz, 51 %, 52.17 W, 61, 0x0000000000000400
2026/09/19 21:41:19.049, 2437 MHz, 14301 MHz, 52 %, 51.89 W, 61, 0x0000000000000400
2026/09/19 21:41:19.563, 2452 MHz, 14301 MHz, 53 %, 52.32 W, 61, 0x0000000000000400
2026/09/19 21:41:20.065, 2415 MHz, 14301 MHz, 51 %, 52.27 W, 61, 0x0000000000000400
2026/09/19 21:41:20.581, 2415 MHz, 14301 MHz, 51 %, 51.53 W, 60, 0x0000000000000400
2026/09/19 21:41:21.081, 2452 MHz, 14301 MHz, 55 %, 51.73 W, 61, 0x0000000000000400
2026/09/19 21:41:21.582, 2437 MHz, 14301 MHz, 51 %, 52.13 W, 60, 0x0000000000000400
2026/09/19 21:41:22.086, 2415 MHz, 14301 MHz, 52 %, 52.03 W, 60, 0x0000000000000400
2026/09/19 21:41:22.590, 2415 MHz, 14301 MHz, 53 %, 51.51 W, 60, 0x0000000000000400
2026/09/19 21:41:23.105, 2445 MHz, 14301 MHz, 51 %, 51.77 W, 60, 0x0000000000000400
2026/09/19 21:41:23.611, 2625 MHz, 14301 MHz, 99 %, 55.69 W, 62, 0x0000000000000400
2026/09/19 21:41:24.113, 2955 MHz, 14301 MHz, 99 %, 69.40 W, 63, 0x0000000000000400
2026/09/19 21:41:24.617, 2955 MHz, 14301 MHz, 99 %, 82.60 W, 63, 0x0000000000000400
2026/09/19 21:41:25.120, 2955 MHz, 14301 MHz, 99 %, 82.62 W, 63, 0x0000000000000400
2026/09/19 21:41:25.623, 2955 MHz, 14301 MHz, 98 %, 82.39 W, 64, 0x0000000000000400
2026/09/19 21:41:26.127, 2955 MHz, 14301 MHz, 99 %, 82.23 W, 64, 0x0000000000000400
2026/09/19 21:41:26.630, 2955 MHz, 14301 MHz, 99 %, 82.46 W, 64, 0x0000000000000400
2026/09/19 21:41:27.144, 2955 MHz, 14301 MHz, 98 %, 84.94 W, 64, 0x0000000000000400
2026/09/19 21:41:27.658, 2955 MHz, 14301 MHz, 99 %, 85.02 W, 64, 0x0000000000000400
2026/09/19 21:41:28.160, 2955 MHz, 14301 MHz, 99 %, 82.91 W, 64, 0x0000000000000400
2026/09/19 21:41:28.664, 2955 MHz, 14301 MHz, 99 %, 82.77 W, 64, 0x0000000000000400
2026/09/19 21:41:29.169, 2955 MHz, 14301 MHz, 99 %, 82.61 W, 64, 0x0000000000000400
2026/09/19 21:41:29.670, 2955 MHz, 14301 MHz, 99 %, 82.74 W, 64, 0x0000000000000400
2026/09/19 21:41:30.172, 2955 MHz, 14301 MHz, 99 %, 82.77 W, 64, 0x0000000000000400
2026/09/19 21:41:30.680, 2955 MHz, 14301 MHz, 99 %, 82.74 W, 64, 0x0000000000000400
2026/09/19 21:41:31.184, 2955 MHz, 14301 MHz, 99 %, 82.78 W, 64, 0x0000000000000400
2026/09/19 21:41:31.688, 2955 MHz, 14301 MHz, 99 %, 82.78 W, 64, 0x0000000000000400
2026/09/19 21:41:32.190, 2955 MHz, 14301 MHz, 99 %, 82.69 W, 64, 0x0000000000000400
2026/09/19 21:41:32.696, 2955 MHz, 14301 MHz, 99 %, 81.33 W, 63, 0x0000000000000400
2026/09/19 21:41:33.199, 2377 MHz, 14301 MHz, 47 %, 65.13 W, 61, 0x0000000000000400
2026/09/19 21:41:33.702, 2430 MHz, 14301 MHz, 47 %, 52.51 W, 61, 0x0000000000000400
2026/09/19 21:41:34.206, 2452 MHz, 14301 MHz, 49 %, 51.67 W, 61, 0x0000000000000400
2026/09/19 21:41:34.712, 2415 MHz, 14301 MHz, 49 %, 51.49 W, 60, 0x0000000000000400
2026/09/19 21:41:35.217, 2445 MHz, 14301 MHz, 51 %, 51.77 W, 61, 0x0000000000000400
2026/09/19 21:41:35.719, 2392 MHz, 14301 MHz, 51 %, 52.10 W, 61, 0x0000000000000400
2026/09/19 21:41:36.224, 2475 MHz, 14301 MHz, 52 %, 52.04 W, 61, 0x0000000000000400
2026/09/19 21:41:36.738, 2392 MHz, 14301 MHz, 52 %, 51.81 W, 60, 0x0000000000000400
2026/09/19 21:41:37.241, 2430 MHz, 14301 MHz, 51 %, 51.50 W, 60, 0x0000000000000400
2026/09/19 21:41:37.742, 2467 MHz, 14301 MHz, 50 %, 51.82 W, 60, 0x0000000000000400
2026/09/19 21:41:38.255, 2377 MHz, 14301 MHz, 53 %, 51.51 W, 60, 0x0000000000000400
2026/09/19 21:41:38.769, 2452 MHz, 14301 MHz, 53 %, 51.54 W, 60, 0x0000000000000400
2026/09/19 21:41:39.272, 2460 MHz, 14301 MHz, 52 %, 52.18 W, 60, 0x0000000000000400
2026/09/19 21:41:39.778, 2452 MHz, 14301 MHz, 51 %, 52.20 W, 60, 0x0000000000000400
2026/09/19 21:41:40.292, 2445 MHz, 14301 MHz, 51 %, 52.30 W, 60, 0x0000000000000400
2026/09/19 21:41:40.797, 2407 MHz, 14301 MHz, 52 %, 51.98 W, 61, 0x0000000000000400
2026/09/19 21:41:41.301, 2460 MHz, 14301 MHz, 49 %, 51.74 W, 61, 0x0000000000000400
2026/09/19 21:41:41.802, 2392 MHz, 14301 MHz, 63 %, 52.36 W, 60, 0x0000000000000400
2026/09/19 21:41:42.306, 2955 MHz, 14301 MHz, 99 %, 65.84 W, 63, 0x0000000000000400
2026/09/19 21:41:42.808, 2955 MHz, 14301 MHz, 99 %, 79.76 W, 63, 0x0000000000000400
2026/09/19 21:41:43.322, 2955 MHz, 14301 MHz, 99 %, 82.29 W, 63, 0x0000000000000400
2026/09/19 21:41:43.827, 2955 MHz, 14301 MHz, 99 %, 82.23 W, 63, 0x0000000000000400
2026/09/19 21:41:44.335, 2955 MHz, 14301 MHz, 99 %, 82.08 W, 63, 0x0000000000000400
2026/09/19 21:41:44.848, 2955 MHz, 14301 MHz, 99 %, 82.25 W, 64, 0x0000000000000400
2026/09/19 21:41:45.362, 2955 MHz, 14301 MHz, 99 %, 82.39 W, 64, 0x0000000000000400
2026/09/19 21:41:45.869, 2955 MHz, 14301 MHz, 99 %, 82.50 W, 64, 0x0000000000000400
2026/09/19 21:41:46.371, 2955 MHz, 14301 MHz, 99 %, 82.72 W, 64, 0x0000000000000400
2026/09/19 21:41:46.876, 2955 MHz, 14301 MHz, 99 %, 82.58 W, 64, 0x0000000000000400
2026/09/19 21:41:47.379, 2955 MHz, 14301 MHz, 98 %, 82.44 W, 64, 0x0000000000000400
2026/09/19 21:41:47.883, 2955 MHz, 14301 MHz, 99 %, 82.57 W, 64, 0x0000000000000400
2026/09/19 21:41:48.388, 2955 MHz, 14301 MHz, 99 %, 82.66 W, 64, 0x0000000000000400
2026/09/19 21:41:48.891, 2955 MHz, 14301 MHz, 98 %, 82.80 W, 64, 0x0000000000000400
2026/09/19 21:41:49.397, 2955 MHz, 14301 MHz, 99 %, 82.82 W, 64, 0x0000000000000400
2026/09/19 21:41:49.899, 2955 MHz, 14301 MHz, 99 %, 82.76 W, 64, 0x0000000000000400
2026/09/19 21:41:50.415, 2955 MHz, 14301 MHz, 99 %, 82.57 W, 64, 0x0000000000000400
2026/09/19 21:41:50.930, 2955 MHz, 14301 MHz, 99 %, 84.88 W, 66, 0x0000000000000400
2026/09/19 21:41:51.431, 2700 MHz, 14301 MHz, 50 %, 77.45 W, 63, 0x0000000000000400
2026/09/19 21:41:51.946, 2437 MHz, 14301 MHz, 51 %, 63.63 W, 61, 0x0000000000000400
2026/09/19 21:41:52.449, 2400 MHz, 14301 MHz, 48 %, 51.29 W, 61, 0x0000000000000400
2026/09/19 21:41:52.952, 2445 MHz, 14301 MHz, 52 %, 51.47 W, 61, 0x0000000000000400
2026/09/19 21:41:53.454, 2467 MHz, 14301 MHz, 52 %, 52.47 W, 61, 0x0000000000000400
2026/09/19 21:41:53.958, 2437 MHz, 14301 MHz, 51 %, 52.62 W, 61, 0x0000000000000400
2026/09/19 21:41:54.472, 2452 MHz, 14301 MHz, 50 %, 52.29 W, 60, 0x0000000000000400
2026/09/19 21:41:54.987, 2422 MHz, 14301 MHz, 53 %, 52.20 W, 61, 0x0000000000000400
2026/09/19 21:41:55.502, 2475 MHz, 14301 MHz, 50 %, 52.16 W, 61, 0x0000000000000400
2026/09/19 21:41:56.005, 2452 MHz, 14301 MHz, 50 %, 52.29 W, 61, 0x0000000000000400
2026/09/19 21:41:56.507, 2422 MHz, 14301 MHz, 50 %, 51.95 W, 61, 0x0000000000000400
2026/09/19 21:41:57.011, 2392 MHz, 14301 MHz, 52 %, 51.28 W, 61, 0x0000000000000400
2026/09/19 21:41:57.513, 2422 MHz, 14301 MHz, 51 %, 51.02 W, 60, 0x0000000000000400
2026/09/19 21:41:58.026, 2407 MHz, 14301 MHz, 52 %, 51.15 W, 60, 0x0000000000000400
2026/09/19 21:41:58.530, 2392 MHz, 14301 MHz, 51 %, 51.07 W, 60, 0x0000000000000400
2026/09/19 21:41:59.046, 2460 MHz, 14301 MHz, 51 %, 51.63 W, 60, 0x0000000000000400
2026/09/19 21:41:59.547, 2407 MHz, 14301 MHz, 50 %, 51.69 W, 60, 0x0000000000000400
2026/09/19 21:42:00.052, 2955 MHz, 14301 MHz, 99 %, 62.62 W, 62, 0x0000000000000400
2026/09/19 21:42:00.556, 2955 MHz, 14301 MHz, 99 %, 79.29 W, 64, 0x0000000000000400
2026/09/19 21:42:01.058, 2955 MHz, 14301 MHz, 99 %, 82.43 W, 63, 0x0000000000000400
2026/09/19 21:42:01.560, 2955 MHz, 14301 MHz, 99 %, 82.61 W, 63, 0x0000000000000400
2026/09/19 21:42:02.061, 2955 MHz, 14301 MHz, 99 %, 82.60 W, 63, 0x0000000000000400
2026/09/19 21:42:02.563, 2955 MHz, 14301 MHz, 98 %, 82.62 W, 64, 0x0000000000000400
2026/09/19 21:42:03.077, 2955 MHz, 14301 MHz, 99 %, 82.79 W, 63, 0x0000000000000400
2026/09/19 21:42:03.583, 2955 MHz, 14301 MHz, 99 %, 83.01 W, 64, 0x0000000000000400
2026/09/19 21:42:04.085, 2955 MHz, 14301 MHz, 99 %, 83.14 W, 64, 0x0000000000000400
2026/09/19 21:42:04.598, 2955 MHz, 14301 MHz, 99 %, 83.25 W, 64, 0x0000000000000400
2026/09/19 21:42:05.099, 2955 MHz, 14301 MHz, 99 %, 83.10 W, 64, 0x0000000000000400
2026/09/19 21:42:05.614, 2955 MHz, 14301 MHz, 98 %, 82.96 W, 64, 0x0000000000000400
2026/09/19 21:42:06.130, 2955 MHz, 14301 MHz, 99 %, 83.31 W, 64, 0x0000000000000400
2026/09/19 21:42:06.645, 2955 MHz, 14301 MHz, 99 %, 83.44 W, 64, 0x0000000000000400
2026/09/19 21:42:07.148, 2955 MHz, 14301 MHz, 99 %, 83.20 W, 64, 0x0000000000000400
2026/09/19 21:42:07.651, 2955 MHz, 14301 MHz, 99 %, 83.33 W, 64, 0x0000000000000400
2026/09/19 21:42:08.154, 2955 MHz, 14301 MHz, 98 %, 83.47 W, 64, 0x0000000000000400
2026/09/19 21:42:08.656, 2955 MHz, 14301 MHz, 99 %, 83.50 W, 64, 0x0000000000000400
2026/09/19 21:42:09.160, 2475 MHz, 14301 MHz, 50 %, 71.30 W, 61, 0x0000000000000400
2026/09/19 21:42:09.664, 2460 MHz, 14301 MHz, 49 %, 55.75 W, 61, 0x0000000000000400
2026/09/19 21:42:10.166, 2452 MHz, 14301 MHz, 51 %, 52.41 W, 61, 0x0000000000000400
2026/09/19 21:42:10.672, 2422 MHz, 14301 MHz, 51 %, 51.94 W, 61, 0x0000000000000400
2026/09/19 21:42:11.177, 2452 MHz, 14301 MHz, 52 %, 52.03 W, 61, 0x0000000000000400
2026/09/19 21:42:11.692, 2467 MHz, 14301 MHz, 49 %, 52.27 W, 61, 0x0000000000000400
2026/09/19 21:42:12.194, 2385 MHz, 14301 MHz, 50 %, 51.56 W, 61, 0x0000000000000400
2026/09/19 21:42:12.698, 2422 MHz, 14301 MHz, 49 %, 50.97 W, 60, 0x0000000000000400
2026/09/19 21:42:13.201, 2452 MHz, 14301 MHz, 53 %, 51.73 W, 61, 0x0000000000000400
2026/09/19 21:42:13.704, 2437 MHz, 14301 MHz, 51 %, 51.87 W, 60, 0x0000000000000400
2026/09/19 21:42:14.218, 2437 MHz, 14301 MHz, 81 %, 56.21 W, 61, 0x0000000000000400
2026/09/19 21:42:14.731, 2467 MHz, 14301 MHz, 51 %, 56.24 W, 60, 0x0000000000000400
2026/09/19 21:42:15.232, 2430 MHz, 14301 MHz, 50 %, 54.79 W, 60, 0x0000000000000400
2026/09/19 21:42:15.747, 2437 MHz, 14301 MHz, 50 %, 51.92 W, 60, 0x0000000000000400
2026/09/19 21:42:16.251, 2460 MHz, 14301 MHz, 51 %, 51.88 W, 60, 0x0000000000000400
2026/09/19 21:42:16.762, 2460 MHz, 14301 MHz, 51 %, 51.95 W, 60, 0x0000000000000400
2026/09/19 21:42:17.265, 2445 MHz, 14301 MHz, 51 %, 52.04 W, 60, 0x0000000000000400
2026/09/19 21:42:17.769, 2445 MHz, 14301 MHz, 86 %, 54.32 W, 61, 0x0000000000000400
2026/09/19 21:42:18.272, 2955 MHz, 14301 MHz, 98 %, 69.58 W, 63, 0x0000000000000400
2026/09/19 21:42:18.788, 2955 MHz, 14301 MHz, 98 %, 81.86 W, 63, 0x0000000000000400
2026/09/19 21:42:19.289, 2955 MHz, 14301 MHz, 99 %, 82.63 W, 63, 0x0000000000000400
2026/09/19 21:42:19.796, 2955 MHz, 14301 MHz, 98 %, 82.57 W, 64, 0x0000000000000400
2026/09/19 21:42:20.298, 2955 MHz, 14301 MHz, 99 %, 82.63 W, 63, 0x0000000000000400
2026/09/19 21:42:20.799, 2955 MHz, 14301 MHz, 99 %, 82.77 W, 63, 0x0000000000000400
2026/09/19 21:42:21.304, 2955 MHz, 14301 MHz, 99 %, 83.02 W, 63, 0x0000000000000400
2026/09/19 21:42:21.807, 2955 MHz, 14301 MHz, 99 %, 83.14 W, 64, 0x0000000000000400
2026/09/19 21:42:22.309, 2955 MHz, 14301 MHz, 99 %, 82.99 W, 64, 0x0000000000000400
2026/09/19 21:42:22.811, 2955 MHz, 14301 MHz, 99 %, 82.94 W, 64, 0x0000000000000400
2026/09/19 21:42:23.311, 2955 MHz, 14301 MHz, 99 %, 83.07 W, 64, 0x0000000000000400
2026/09/19 21:42:23.827, 2955 MHz, 14301 MHz, 99 %, 83.21 W, 64, 0x0000000000000400
2026/09/19 21:42:24.342, 2955 MHz, 14301 MHz, 99 %, 83.32 W, 64, 0x0000000000000400
2026/09/19 21:42:24.845, 2955 MHz, 14301 MHz, 98 %, 83.29 W, 64, 0x0000000000000400
2026/09/19 21:42:25.347, 2955 MHz, 14301 MHz, 99 %, 83.15 W, 64, 0x0000000000000400
2026/09/19 21:42:25.855, 2955 MHz, 14301 MHz, 99 %, 82.58 W, 64, 0x0000000000000400
2026/09/19 21:42:26.363, 2955 MHz, 14301 MHz, 99 %, 82.64 W, 64, 0x0000000000000400
2026/09/19 21:42:26.867, 2955 MHz, 14301 MHz, 84 %, 81.59 W, 63, 0x0000000000000400
2026/09/19 21:42:27.368, 2392 MHz, 14301 MHz, 48 %, 65.51 W, 61, 0x0000000000000400
2026/09/19 21:42:27.871, 2437 MHz, 14301 MHz, 52 %, 52.84 W, 61, 0x0000000000000400
2026/09/19 21:42:28.373, 2430 MHz, 14301 MHz, 53 %, 51.76 W, 61, 0x0000000000000400
2026/09/19 21:42:28.875, 2497 MHz, 14301 MHz, 51 %, 52.15 W, 60, 0x0000000000000400
2026/09/19 21:42:29.378, 2400 MHz, 14301 MHz, 46 %, 51.59 W, 60, 0x0000000000000400
2026/09/19 21:42:29.880, 2415 MHz, 14301 MHz, 51 %, 51.34 W, 61, 0x0000000000000400
2026/09/19 21:42:30.386, 2467 MHz, 14301 MHz, 50 %, 51.94 W, 61, 0x0000000000000400
2026/09/19 21:42:30.888, 2475 MHz, 14301 MHz, 49 %, 52.34 W, 61, 0x0000000000000400
2026/09/19 21:42:31.390, 2400 MHz, 14301 MHz, 53 %, 51.93 W, 60, 0x0000000000000400
2026/09/19 21:42:31.892, 2467 MHz, 14301 MHz, 52 %, 51.71 W, 60, 0x0000000000000400
2026/09/19 21:42:32.406, 2445 MHz, 14301 MHz, 48 %, 51.67 W, 60, 0x0000000000000400
2026/09/19 21:42:32.911, 2452 MHz, 14301 MHz, 47 %, 51.23 W, 60, 0x0000000000000400
2026/09/19 21:42:33.417, 2400 MHz, 14301 MHz, 53 %, 51.23 W, 61, 0x0000000000000400
2026/09/19 21:42:33.921, 2430 MHz, 14301 MHz, 51 %, 51.44 W, 60, 0x0000000000000400
2026/09/19 21:42:34.428, 2460 MHz, 14301 MHz, 50 %, 51.73 W, 60, 0x0000000000000400
2026/09/19 21:42:34.931, 2400 MHz, 14301 MHz, 48 %, 51.28 W, 60, 0x0000000000000400
2026/09/19 21:42:35.432, 2467 MHz, 14301 MHz, 51 %, 51.38 W, 60, 0x0000000000000400
2026/09/19 21:42:35.936, 2445 MHz, 14301 MHz, 57 %, 52.39 W, 60, 0x0000000000000400
2026/09/19 21:42:36.440, 2955 MHz, 14301 MHz, 98 %, 67.32 W, 63, 0x0000000000000400
2026/09/19 21:42:36.945, 2955 MHz, 14301 MHz, 99 %, 82.17 W, 63, 0x0000000000000400
2026/09/19 21:42:37.449, 2955 MHz, 14301 MHz, 98 %, 82.43 W, 63, 0x0000000000000400
2026/09/19 21:42:37.952, 2955 MHz, 14301 MHz, 99 %, 84.78 W, 64, 0x0000000000000400
2026/09/19 21:42:38.458, 2955 MHz, 14301 MHz, 99 %, 85.01 W, 64, 0x0000000000000400
2026/09/19 21:42:38.960, 2955 MHz, 14301 MHz, 99 %, 84.87 W, 64, 0x0000000000000400
2026/09/19 21:42:39.463, 2955 MHz, 14301 MHz, 99 %, 83.25 W, 64, 0x0000000000000400
2026/09/19 21:42:39.968, 2955 MHz, 14301 MHz, 99 %, 83.32 W, 64, 0x0000000000000400
2026/09/19 21:42:40.470, 2955 MHz, 14301 MHz, 99 %, 82.84 W, 64, 0x0000000000000400
2026/09/19 21:42:40.973, 2955 MHz, 14301 MHz, 99 %, 82.43 W, 64, 0x0000000000000400
2026/09/19 21:42:41.478, 2955 MHz, 14301 MHz, 99 %, 82.59 W, 64, 0x0000000000000400
2026/09/19 21:42:41.985, 2955 MHz, 14301 MHz, 99 %, 82.88 W, 64, 0x0000000000000400
2026/09/19 21:42:42.489, 2955 MHz, 14301 MHz, 99 %, 83.04 W, 64, 0x0000000000000400
2026/09/19 21:42:42.994, 2955 MHz, 14301 MHz, 99 %, 83.08 W, 64, 0x0000000000000400
2026/09/19 21:42:43.500, 2955 MHz, 14301 MHz, 99 %, 82.92 W, 64, 0x0000000000000400
2026/09/19 21:42:44.014, 2955 MHz, 14301 MHz, 99 %, 82.82 W, 64, 0x0000000000000400
2026/09/19 21:42:44.519, 2955 MHz, 14301 MHz, 99 %, 83.01 W, 64, 0x0000000000000400
2026/09/19 21:42:45.024, 2482 MHz, 14301 MHz, 50 %, 71.50 W, 62, 0x0000000000000400
2026/09/19 21:42:45.539, 2430 MHz, 14301 MHz, 51 %, 55.77 W, 61, 0x0000000000000400
2026/09/19 21:42:46.044, 2362 MHz, 14301 MHz, 48 %, 51.06 W, 61, 0x0000000000000400
2026/09/19 21:42:46.545, 2482 MHz, 14301 MHz, 52 %, 51.58 W, 61, 0x0000000000000400
2026/09/19 21:42:47.049, 2437 MHz, 14301 MHz, 51 %, 52.33 W, 61, 0x0000000000000400
2026/09/19 21:42:47.550, 2452 MHz, 14301 MHz, 50 %, 52.24 W, 60, 0x0000000000000400
2026/09/19 21:42:48.053, 2415 MHz, 14301 MHz, 50 %, 52.14 W, 60, 0x0000000000000400
2026/09/19 21:42:48.558, 2392 MHz, 14301 MHz, 52 %, 51.72 W, 60, 0x0000000000000400
2026/09/19 21:42:49.059, 2430 MHz, 14301 MHz, 51 %, 51.68 W, 60, 0x0000000000000400
2026/09/19 21:42:49.560, 2452 MHz, 14301 MHz, 51 %, 52.14 W, 60, 0x0000000000000400
2026/09/19 21:42:50.062, 2445 MHz, 14301 MHz, 52 %, 51.86 W, 60, 0x0000000000000400
2026/09/19 21:42:50.564, 2430 MHz, 14301 MHz, 51 %, 51.39 W, 61, 0x0000000000000400
2026/09/19 21:42:51.064, 2392 MHz, 14301 MHz, 52 %, 51.48 W, 61, 0x0000000000000400
2026/09/19 21:42:51.565, 2452 MHz, 14301 MHz, 49 %, 51.93 W, 61, 0x0000000000000400
2026/09/19 21:42:52.067, 2430 MHz, 14301 MHz, 51 %, 51.95 W, 60, 0x0000000000000400
2026/09/19 21:42:52.572, 2497 MHz, 14301 MHz, 53 %, 51.99 W, 60, 0x0000000000000400
2026/09/19 21:42:53.078, 2407 MHz, 14301 MHz, 50 %, 52.37 W, 60, 0x0000000000000400
2026/09/19 21:42:53.584, 2422 MHz, 14301 MHz, 76 %, 53.34 W, 61, 0x0000000000000400
2026/09/19 21:42:54.086, 2955 MHz, 14301 MHz, 98 %, 67.25 W, 63, 0x0000000000000400
2026/09/19 21:42:54.591, 2955 MHz, 14301 MHz, 99 %, 81.19 W, 63, 0x0000000000000400
2026/09/19 21:42:55.092, 2955 MHz, 14301 MHz, 98 %, 82.92 W, 63, 0x0000000000000400
2026/09/19 21:42:55.597, 2955 MHz, 14301 MHz, 99 %, 82.86 W, 63, 0x0000000000000400
2026/09/19 21:42:56.098, 2955 MHz, 14301 MHz, 99 %, 82.78 W, 63, 0x0000000000000400
2026/09/19 21:42:56.602, 2955 MHz, 14301 MHz, 99 %, 82.96 W, 63, 0x0000000000000400
2026/09/19 21:42:57.102, 2955 MHz, 14301 MHz, 99 %, 82.99 W, 64, 0x0000000000000400
2026/09/19 21:42:57.607, 2955 MHz, 14301 MHz, 99 %, 83.01 W, 63, 0x0000000000000400
2026/09/19 21:42:58.113, 2955 MHz, 14301 MHz, 99 %, 83.02 W, 64, 0x0000000000000400
2026/09/19 21:42:58.616, 2955 MHz, 14301 MHz, 99 %, 82.88 W, 64, 0x0000000000000400
2026/09/19 21:42:59.124, 2955 MHz, 14301 MHz, 98 %, 82.86 W, 64, 0x0000000000000400
2026/09/19 21:42:59.628, 2955 MHz, 14301 MHz, 98 %, 82.91 W, 64, 0x0000000000000400
2026/09/19 21:43:00.131, 2955 MHz, 14301 MHz, 99 %, 82.94 W, 64, 0x0000000000000400
2026/09/19 21:43:00.634, 2955 MHz, 14301 MHz, 99 %, 83.04 W, 64, 0x0000000000000400
2026/09/19 21:43:01.137, 2955 MHz, 14301 MHz, 99 %, 83.11 W, 64, 0x0000000000000400
2026/09/19 21:43:01.641, 2955 MHz, 14301 MHz, 99 %, 85.42 W, 64, 0x0000000000000400
2026/09/19 21:43:02.146, 2955 MHz, 14301 MHz, 99 %, 85.32 W, 64, 0x0000000000000400
2026/09/19 21:43:02.665, 2955 MHz, 14301 MHz, 98 %, 82.47 W, 64, 0x0000000000000400
2026/09/19 21:43:03.180, 2452 MHz, 14301 MHz, 50 %, 69.05 W, 61, 0x0000000000000400
2026/09/19 21:43:03.682, 2445 MHz, 14301 MHz, 49 %, 55.19 W, 60, 0x0000000000000400
2026/09/19 21:43:04.187, 2437 MHz, 14301 MHz, 51 %, 52.04 W, 60, 0x0000000000000400
2026/09/19 21:43:04.689, 2415 MHz, 14301 MHz, 51 %, 51.80 W, 60, 0x0000000000000400
2026/09/19 21:43:05.190, 2467 MHz, 14301 MHz, 50 %, 52.24 W, 61, 0x0000000000000400
2026/09/19 21:43:05.697, 2415 MHz, 14301 MHz, 51 %, 52.46 W, 61, 0x0000000000000400
2026/09/19 21:43:06.213, 2430 MHz, 14301 MHz, 49 %, 52.20 W, 61, 0x0000000000000400
2026/09/19 21:43:06.719, 2445 MHz, 14301 MHz, 51 %, 51.76 W, 60, 0x0000000000000400
2026/09/19 21:43:07.225, 2460 MHz, 14301 MHz, 55 %, 52.03 W, 60, 0x0000000000000400
2026/09/19 21:43:07.727, 2437 MHz, 14301 MHz, 52 %, 52.74 W, 60, 0x0000000000000400
2026/09/19 21:43:08.228, 2430 MHz, 14301 MHz, 51 %, 52.50 W, 61, 0x0000000000000400
2026/09/19 21:43:08.743, 2445 MHz, 14301 MHz, 50 %, 52.12 W, 61, 0x0000000000000400
2026/09/19 21:43:09.246, 2430 MHz, 14301 MHz, 55 %, 51.94 W, 60, 0x0000000000000400
2026/09/19 21:43:09.748, 2460 MHz, 14301 MHz, 51 %, 51.89 W, 60, 0x0000000000000400
2026/09/19 21:43:10.251, 2452 MHz, 14301 MHz, 52 %, 52.29 W, 60, 0x0000000000000400
2026/09/19 21:43:10.754, 2407 MHz, 14301 MHz, 56 %, 51.91 W, 60, 0x0000000000000400
2026/09/19 21:43:11.257, 2400 MHz, 14301 MHz, 51 %, 51.53 W, 61, 0x0000000000000400
2026/09/19 21:43:11.763, 2692 MHz, 14301 MHz, 99 %, 58.54 W, 62, 0x0000000000000400
2026/09/19 21:43:12.267, 2955 MHz, 14301 MHz, 99 %, 74.55 W, 63, 0x0000000000000400
2026/09/19 21:43:12.771, 2955 MHz, 14301 MHz, 99 %, 82.10 W, 63, 0x0000000000000400
2026/09/19 21:43:13.275, 2955 MHz, 14301 MHz, 99 %, 82.11 W, 63, 0x0000000000000400
2026/09/19 21:43:13.776, 2955 MHz, 14301 MHz, 99 %, 82.03 W, 63, 0x0000000000000400
2026/09/19 21:43:14.282, 2955 MHz, 14301 MHz, 99 %, 82.14 W, 63, 0x0000000000000400
2026/09/19 21:43:14.786, 2955 MHz, 14301 MHz, 99 %, 82.49 W, 64, 0x0000000000000400
2026/09/19 21:43:15.287, 2955 MHz, 14301 MHz, 99 %, 82.50 W, 64, 0x0000000000000400
2026/09/19 21:43:15.791, 2955 MHz, 14301 MHz, 98 %, 82.62 W, 63, 0x0000000000000400
2026/09/19 21:43:16.296, 2955 MHz, 14301 MHz, 99 %, 82.73 W, 63, 0x0000000000000400
2026/09/19 21:43:16.801, 2955 MHz, 14301 MHz, 99 %, 82.77 W, 64, 0x0000000000000400
2026/09/19 21:43:17.305, 2955 MHz, 14301 MHz, 98 %, 82.70 W, 64, 0x0000000000000400
2026/09/19 21:43:17.808, 2955 MHz, 14301 MHz, 99 %, 82.76 W, 63, 0x0000000000000400
2026/09/19 21:43:18.311, 2955 MHz, 14301 MHz, 99 %, 83.07 W, 64, 0x0000000000000400
2026/09/19 21:43:18.813, 2955 MHz, 14301 MHz, 99 %, 83.11 W, 64, 0x0000000000000400
2026/09/19 21:43:19.319, 2955 MHz, 14301 MHz, 99 %, 83.17 W, 64, 0x0000000000000400
2026/09/19 21:43:19.820, 2955 MHz, 14301 MHz, 99 %, 83.09 W, 64, 0x0000000000000400
2026/09/19 21:43:20.323, 2955 MHz, 14301 MHz, 99 %, 83.00 W, 64, 0x0000000000000400
2026/09/19 21:43:20.825, 2940 MHz, 14301 MHz, 49 %, 78.03 W, 63, 0x0000000000000400
2026/09/19 21:43:21.340, 2400 MHz, 14301 MHz, 51 %, 62.19 W, 61, 0x0000000000000400
2026/09/19 21:43:21.841, 2400 MHz, 14301 MHz, 50 %, 51.45 W, 61, 0x0000000000000400
2026/09/19 21:43:22.341, 2452 MHz, 14301 MHz, 51 %, 51.83 W, 61, 0x0000000000000400
2026/09/19 21:43:22.845, 2422 MHz, 14301 MHz, 52 %, 52.16 W, 61, 0x0000000000000400
2026/09/19 21:43:23.360, 2430 MHz, 14301 MHz, 51 %, 51.87 W, 60, 0x0000000000000400
2026/09/19 21:43:23.862, 2490 MHz, 14301 MHz, 52 %, 52.56 W, 60, 0x0000000000000400
2026/09/19 21:43:24.366, 2482 MHz, 14301 MHz, 54 %, 52.59 W, 61, 0x0000000000000400
2026/09/19 21:43:24.880, 2625 MHz, 14301 MHz, 49 %, 56.68 W, 61, 0x0000000000000400
2026/09/19 21:43:25.385, 2452 MHz, 14301 MHz, 50 %, 56.64 W, 60, 0x0000000000000400
2026/09/19 21:43:25.885, 2482 MHz, 14301 MHz, 52 %, 52.42 W, 60, 0x0000000000000400
2026/09/19 21:43:26.391, 2430 MHz, 14301 MHz, 50 %, 52.56 W, 60, 0x0000000000000400
2026/09/19 21:43:26.905, 2452 MHz, 14301 MHz, 49 %, 52.05 W, 61, 0x0000000000000400
2026/09/19 21:43:27.414, 2460 MHz, 14301 MHz, 51 %, 51.91 W, 60, 0x0000000000000400
2026/09/19 21:43:27.918, 2490 MHz, 14301 MHz, 52 %, 52.16 W, 60, 0x0000000000000400
2026/09/19 21:43:28.422, 2430 MHz, 14301 MHz, 51 %, 52.45 W, 60, 0x0000000000000400
2026/09/19 21:43:28.936, 2400 MHz, 14301 MHz, 53 %, 51.90 W, 60, 0x0000000000000400
2026/09/19 21:43:29.440, 2452 MHz, 14301 MHz, 50 %, 51.90 W, 61, 0x0000000000000400
2026/09/19 21:43:29.945, 2955 MHz, 14301 MHz, 99 %, 65.65 W, 62, 0x0000000000000400
2026/09/19 21:43:30.448, 2955 MHz, 14301 MHz, 99 %, 80.78 W, 63, 0x0000000000000400
2026/09/19 21:43:30.949, 2955 MHz, 14301 MHz, 99 %, 82.54 W, 63, 0x0000000000000400
2026/09/19 21:43:31.450, 2955 MHz, 14301 MHz, 98 %, 82.57 W, 63, 0x0000000000000400
2026/09/19 21:43:31.953, 2955 MHz, 14301 MHz, 99 %, 82.52 W, 63, 0x0000000000000400
2026/09/19 21:43:32.467, 2955 MHz, 14301 MHz, 99 %, 82.85 W, 63, 0x0000000000000400
2026/09/19 21:43:32.968, 2955 MHz, 14301 MHz, 99 %, 83.11 W, 63, 0x0000000000000400
2026/09/19 21:43:33.484, 2955 MHz, 14301 MHz, 99 %, 83.16 W, 64, 0x0000000000000400
2026/09/19 21:43:33.989, 2955 MHz, 14301 MHz, 99 %, 83.04 W, 64, 0x0000000000000400
2026/09/19 21:43:34.495, 2955 MHz, 14301 MHz, 99 %, 82.84 W, 64, 0x0000000000000400
2026/09/19 21:43:34.998, 2955 MHz, 14301 MHz, 99 %, 82.97 W, 64, 0x0000000000000400
2026/09/19 21:43:35.502, 2955 MHz, 14301 MHz, 99 %, 82.95 W, 64, 0x0000000000000400
2026/09/19 21:43:36.018, 2955 MHz, 14301 MHz, 99 %, 83.11 W, 64, 0x0000000000000400
2026/09/19 21:43:36.519, 2955 MHz, 14301 MHz, 99 %, 83.19 W, 64, 0x0000000000000400
2026/09/19 21:43:37.025, 2955 MHz, 14301 MHz, 99 %, 83.17 W, 64, 0x0000000000000400
2026/09/19 21:43:37.530, 2955 MHz, 14301 MHz, 98 %, 83.00 W, 64, 0x0000000000000400
2026/09/19 21:43:38.034, 2955 MHz, 14301 MHz, 99 %, 83.03 W, 64, 0x0000000000000400
2026/09/19 21:43:38.538, 2445 MHz, 14301 MHz, 50 %, 71.02 W, 61, 0x0000000000000400
2026/09/19 21:43:39.043, 2475 MHz, 14301 MHz, 49 %, 54.68 W, 61, 0x0000000000000400
2026/09/19 21:43:39.546, 2452 MHz, 14301 MHz, 51 %, 52.26 W, 61, 0x0000000000000400
2026/09/19 21:43:40.051, 2430 MHz, 14301 MHz, 50 %, 52.16 W, 61, 0x0000000000000400
2026/09/19 21:43:40.552, 2460 MHz, 14301 MHz, 50 %, 52.18 W, 61, 0x0000000000000400
2026/09/19 21:43:41.056, 2430 MHz, 14301 MHz, 50 %, 51.69 W, 60, 0x0000000000000400
2026/09/19 21:43:41.557, 2482 MHz, 14301 MHz, 52 %, 51.88 W, 61, 0x0000000000000400
2026/09/19 21:43:42.063, 2415 MHz, 14301 MHz, 53 %, 52.17 W, 60, 0x0000000000000400
2026/09/19 21:43:42.572, 2452 MHz, 14301 MHz, 47 %, 51.93 W, 61, 0x0000000000000400
2026/09/19 21:43:43.076, 2415 MHz, 14301 MHz, 50 %, 52.06 W, 61, 0x0000000000000400
2026/09/19 21:43:43.577, 2460 MHz, 14301 MHz, 51 %, 52.03 W, 60, 0x0000000000000400
2026/09/19 21:43:44.079, 2482 MHz, 14301 MHz, 50 %, 52.13 W, 60, 0x0000000000000400
2026/09/19 21:43:44.585, 2407 MHz, 14301 MHz, 49 %, 52.19 W, 60, 0x0000000000000400
2026/09/19 21:43:45.092, 2445 MHz, 14301 MHz, 51 %, 52.15 W, 61, 0x0000000000000400
2026/09/19 21:43:45.593, 2467 MHz, 14301 MHz, 54 %, 51.90 W, 60, 0x0000000000000400
2026/09/19 21:43:46.096, 2497 MHz, 14301 MHz, 52 %, 52.15 W, 60, 0x0000000000000400
2026/09/19 21:43:46.605, 2460 MHz, 14301 MHz, 51 %, 52.54 W, 60, 0x0000000000000400
2026/09/19 21:43:47.119, 2640 MHz, 14301 MHz, 98 %, 58.73 W, 62, 0x0000000000000400
2026/09/19 21:43:47.637, 2955 MHz, 14301 MHz, 99 %, 72.20 W, 63, 0x0000000000000400
2026/09/19 21:43:48.141, 2955 MHz, 14301 MHz, 99 %, 82.48 W, 63, 0x0000000000000400
2026/09/19 21:43:48.643, 2955 MHz, 14301 MHz, 99 %, 84.93 W, 63, 0x0000000000000400
2026/09/19 21:43:49.146, 2955 MHz, 14301 MHz, 99 %, 84.65 W, 63, 0x0000000000000400
2026/09/19 21:43:49.649, 2955 MHz, 14301 MHz, 99 %, 82.48 W, 63, 0x0000000000000400
2026/09/19 21:43:50.153, 2955 MHz, 14301 MHz, 99 %, 82.71 W, 64, 0x0000000000000400
2026/09/19 21:43:50.658, 2955 MHz, 14301 MHz, 99 %, 83.09 W, 64, 0x0000000000000400
2026/09/19 21:43:51.164, 2955 MHz, 14301 MHz, 99 %, 83.17 W, 64, 0x0000000000000400
2026/09/19 21:43:51.672, 2955 MHz, 14301 MHz, 99 %, 83.09 W, 63, 0x0000000000000400
2026/09/19 21:43:52.180, 2955 MHz, 14301 MHz, 99 %, 83.06 W, 64, 0x0000000000000400
2026/09/19 21:43:52.684, 2955 MHz, 14301 MHz, 99 %, 83.16 W, 64, 0x0000000000000400
2026/09/19 21:43:53.186, 2955 MHz, 14301 MHz, 99 %, 83.41 W, 64, 0x0000000000000400
2026/09/19 21:43:53.691, 2955 MHz, 14301 MHz, 99 %, 83.46 W, 64, 0x0000000000000400
2026/09/19 21:43:54.192, 2955 MHz, 14301 MHz, 98 %, 83.40 W, 64, 0x0000000000000400
2026/09/19 21:43:54.696, 2955 MHz, 14301 MHz, 99 %, 83.32 W, 64, 0x0000000000000400
2026/09/19 21:43:55.204, 2955 MHz, 14301 MHz, 99 %, 83.03 W, 64, 0x0000000000000400
2026/09/19 21:43:55.708, 2955 MHz, 14301 MHz, 99 %, 82.91 W, 64, 0x0000000000000400
2026/09/19 21:43:56.210, 2730 MHz, 14301 MHz, 49 %, 75.47 W, 62, 0x0000000000000400
2026/09/19 21:43:56.716, 2392 MHz, 14301 MHz, 51 %, 58.94 W, 61, 0x0000000000000400
2026/09/19 21:43:57.216, 2422 MHz, 14301 MHz, 52 %, 51.56 W, 60, 0x0000000000000400
2026/09/19 21:43:57.719, 2482 MHz, 14301 MHz, 52 %, 52.09 W, 61, 0x0000000000000400
2026/09/19 21:43:58.222, 2385 MHz, 14301 MHz, 51 %, 52.20 W, 60, 0x0000000000000400
2026/09/19 21:43:58.725, 2467 MHz, 14301 MHz, 50 %, 52.10 W, 61, 0x0000000000000400
2026/09/19 21:43:59.229, 2400 MHz, 14301 MHz, 51 %, 51.93 W, 61, 0x0000000000000400
2026/09/19 21:43:59.731, 2467 MHz, 14301 MHz, 52 %, 51.78 W, 60, 0x0000000000000400
2026/09/19 21:44:00.244, 2467 MHz, 14301 MHz, 52 %, 52.31 W, 61, 0x0000000000000400
2026/09/19 21:44:00.751, 2430 MHz, 14301 MHz, 51 %, 52.69 W, 60, 0x0000000000000400
2026/09/19 21:44:01.269, 2377 MHz, 14301 MHz, 50 %, 52.14 W, 61, 0x0000000000000400
2026/09/19 21:44:01.770, 2430 MHz, 14301 MHz, 50 %, 51.98 W, 61, 0x0000000000000400
2026/09/19 21:44:02.276, 2400 MHz, 14301 MHz, 52 %, 51.77 W, 60, 0x0000000000000400
2026/09/19 21:44:02.791, 2452 MHz, 14301 MHz, 52 %, 51.97 W, 60, 0x0000000000000400
2026/09/19 21:44:03.306, 2407 MHz, 14301 MHz, 51 %, 52.25 W, 60, 0x0000000000000400
2026/09/19 21:44:03.822, 2445 MHz, 14301 MHz, 54 %, 51.83 W, 60, 0x0000000000000400
2026/09/19 21:44:04.337, 2422 MHz, 14301 MHz, 52 %, 51.97 W, 60, 0x0000000000000400
2026/09/19 21:44:04.838, 2445 MHz, 14301 MHz, 82 %, 53.53 W, 62, 0x0000000000000400
2026/09/19 21:44:05.353, 2955 MHz, 14301 MHz, 99 %, 68.62 W, 63, 0x0000000000000400
2026/09/19 21:44:05.863, 2955 MHz, 14301 MHz, 98 %, 81.22 W, 63, 0x0000000000000400
2026/09/19 21:44:06.367, 2955 MHz, 14301 MHz, 99 %, 82.90 W, 63, 0x0000000000000400
2026/09/19 21:44:06.870, 2955 MHz, 14301 MHz, 98 %, 83.85 W, 64, 0x0000000000000400
2026/09/19 21:44:07.384, 2955 MHz, 14301 MHz, 99 %, 84.42 W, 64, 0x0000000000000400
2026/09/19 21:44:07.888, 2955 MHz, 14301 MHz, 99 %, 84.89 W, 64, 0x0000000000000400
2026/09/19 21:44:08.397, 2955 MHz, 14301 MHz, 99 %, 85.39 W, 64, 0x0000000000000400
2026/09/19 21:44:08.898, 2947 MHz, 14301 MHz, 99 %, 85.53 W, 64, 0x0000000000000400
2026/09/19 21:44:09.413, 2955 MHz, 14301 MHz, 98 %, 85.66 W, 64, 0x0000000000000400
2026/09/19 21:44:09.915, 2955 MHz, 14301 MHz, 99 %, 85.73 W, 64, 0x0000000000000400
2026/09/19 21:44:10.420, 2955 MHz, 14301 MHz, 99 %, 86.39 W, 66, 0x0000000000000400
2026/09/19 21:44:10.927, 2955 MHz, 14301 MHz, 99 %, 87.10 W, 64, 0x0000000000000400
2026/09/19 21:44:11.432, 2947 MHz, 14301 MHz, 99 %, 87.07 W, 64, 0x0000000000000400
2026/09/19 21:44:11.948, 2955 MHz, 14301 MHz, 99 %, 86.57 W, 64, 0x0000000000000400
2026/09/19 21:44:12.452, 2947 MHz, 14301 MHz, 99 %, 87.88 W, 64, 0x0000000000000400
2026/09/19 21:44:12.967, 2947 MHz, 14301 MHz, 99 %, 87.29 W, 64, 0x0000000000000400
2026/09/19 21:44:13.469, 2940 MHz, 14301 MHz, 99 %, 84.52 W, 64, 0x0000000000000400
2026/09/19 21:44:13.972, 2490 MHz, 14301 MHz, 50 %, 71.95 W, 61, 0x0000000000000400
2026/09/19 21:44:14.478, 2407 MHz, 14301 MHz, 46 %, 54.96 W, 61, 0x0000000000000400
2026/09/19 21:44:14.983, 2415 MHz, 14301 MHz, 51 %, 51.11 W, 61, 0x0000000000000400
2026/09/19 21:44:15.486, 2400 MHz, 14301 MHz, 53 %, 51.72 W, 61, 0x0000000000000400
2026/09/19 21:44:15.993, 2407 MHz, 14301 MHz, 50 %, 51.92 W, 61, 0x0000000000000400
2026/09/19 21:44:16.495, 2452 MHz, 14301 MHz, 52 %, 51.97 W, 61, 0x0000000000000400
2026/09/19 21:44:17.010, 2430 MHz, 14301 MHz, 52 %, 51.69 W, 60, 0x0000000000000400
2026/09/19 21:44:17.517, 2482 MHz, 14301 MHz, 51 %, 51.94 W, 61, 0x0000000000000400
2026/09/19 21:44:18.021, 2482 MHz, 14301 MHz, 51 %, 52.40 W, 61, 0x0000000000000400
2026/09/19 21:44:18.529, 2452 MHz, 14301 MHz, 50 %, 52.30 W, 60, 0x0000000000000400
2026/09/19 21:44:19.033, 2407 MHz, 14301 MHz, 51 %, 51.90 W, 60, 0x0000000000000400
2026/09/19 21:44:19.536, 2407 MHz, 14301 MHz, 51 %, 51.75 W, 60, 0x0000000000000400
2026/09/19 21:44:20.038, 2400 MHz, 14301 MHz, 52 %, 51.59 W, 60, 0x0000000000000400
2026/09/19 21:44:20.540, 2407 MHz, 14301 MHz, 52 %, 51.47 W, 60, 0x0000000000000400
2026/09/19 21:44:21.042, 2475 MHz, 14301 MHz, 51 %, 51.87 W, 60, 0x0000000000000400
2026/09/19 21:44:21.545, 2407 MHz, 14301 MHz, 50 %, 51.70 W, 60, 0x0000000000000400
2026/09/19 21:44:22.060, 2385 MHz, 14301 MHz, 51 %, 51.51 W, 60, 0x0000000000000400
2026/09/19 21:44:22.562, 2452 MHz, 14301 MHz, 79 %, 53.51 W, 62, 0x0000000000000400
2026/09/19 21:44:23.077, 2955 MHz, 14301 MHz, 99 %, 69.71 W, 63, 0x0000000000000400
2026/09/19 21:44:23.580, 2955 MHz, 14301 MHz, 98 %, 83.44 W, 64, 0x0000000000000400
2026/09/19 21:44:24.083, 2955 MHz, 14301 MHz, 99 %, 85.91 W, 64, 0x0000000000000400
2026/09/19 21:44:24.589, 2955 MHz, 14301 MHz, 99 %, 86.53 W, 64, 0x0000000000000400
2026/09/19 21:44:25.094, 2955 MHz, 14301 MHz, 99 %, 85.10 W, 64, 0x0000000000000400
2026/09/19 21:44:25.597, 2955 MHz, 14301 MHz, 99 %, 83.62 W, 63, 0x0000000000000400
2026/09/19 21:44:26.098, 2955 MHz, 14301 MHz, 99 %, 83.32 W, 64, 0x0000000000000400
2026/09/19 21:44:26.602, 2955 MHz, 14301 MHz, 99 %, 83.28 W, 64, 0x0000000000000400
2026/09/19 21:44:27.107, 2955 MHz, 14301 MHz, 99 %, 83.22 W, 64, 0x0000000000000400
2026/09/19 21:44:27.613, 2955 MHz, 14301 MHz, 99 %, 83.12 W, 64, 0x0000000000000400
2026/09/19 21:44:28.118, 2955 MHz, 14301 MHz, 99 %, 83.05 W, 64, 0x0000000000000400
2026/09/19 21:44:28.621, 2955 MHz, 14301 MHz, 99 %, 83.24 W, 64, 0x0000000000000400
2026/09/19 21:44:29.129, 2955 MHz, 14301 MHz, 99 %, 83.26 W, 64, 0x0000000000000400
2026/09/19 21:44:29.630, 2955 MHz, 14301 MHz, 99 %, 83.19 W, 64, 0x0000000000000400
2026/09/19 21:44:30.133, 2955 MHz, 14301 MHz, 99 %, 83.17 W, 64, 0x0000000000000400
2026/09/19 21:44:30.636, 2955 MHz, 14301 MHz, 98 %, 83.11 W, 64, 0x0000000000000400
2026/09/19 21:44:31.145, 2955 MHz, 14301 MHz, 99 %, 83.05 W, 64, 0x0000000000000400
2026/09/19 21:44:31.647, 2955 MHz, 14301 MHz, 65 %, 80.54 W, 62, 0x0000000000000400
2026/09/19 21:44:32.161, 2452 MHz, 14301 MHz, 51 %, 64.90 W, 62, 0x0000000000000400
2026/09/19 21:44:32.677, 2415 MHz, 14301 MHz, 47 %, 52.12 W, 61, 0x0000000000000400
2026/09/19 21:44:33.178, 2452 MHz, 14301 MHz, 51 %, 51.48 W, 61, 0x0000000000000400
2026/09/19 21:44:33.681, 2452 MHz, 14301 MHz, 50 %, 51.87 W, 61, 0x0000000000000400
2026/09/19 21:44:34.194, 2392 MHz, 14301 MHz, 52 %, 51.56 W, 60, 0x0000000000000400
2026/09/19 21:44:34.697, 2452 MHz, 14301 MHz, 51 %, 51.75 W, 61, 0x0000000000000400
2026/09/19 21:44:35.198, 2422 MHz, 14301 MHz, 89 %, 56.31 W, 62, 0x0000000000000400
2026/09/19 21:44:35.714, 2377 MHz, 14301 MHz, 50 %, 56.41 W, 61, 0x0000000000000400
2026/09/19 21:44:36.215, 2437 MHz, 14301 MHz, 51 %, 55.20 W, 61, 0x0000000000000400
2026/09/19 21:44:36.722, 2422 MHz, 14301 MHz, 51 %, 51.66 W, 61, 0x0000000000000400
2026/09/19 21:44:37.223, 2437 MHz, 14301 MHz, 51 %, 51.79 W, 61, 0x0000000000000400
2026/09/19 21:44:37.725, 2430 MHz, 14301 MHz, 53 %, 51.76 W, 60, 0x0000000000000400
2026/09/19 21:44:38.227, 2482 MHz, 14301 MHz, 53 %, 52.18 W, 60, 0x0000000000000400
2026/09/19 21:44:38.734, 2385 MHz, 14301 MHz, 51 %, 52.24 W, 60, 0x0000000000000400
2026/09/19 21:44:39.250, 2445 MHz, 14301 MHz, 51 %, 51.73 W, 60, 0x0000000000000400
2026/09/19 21:44:39.753, 2407 MHz, 14301 MHz, 55 %, 51.49 W, 60, 0x0000000000000400
2026/09/19 21:44:40.269, 2407 MHz, 14301 MHz, 51 %, 51.30 W, 60, 0x0000000000000400
2026/09/19 21:44:40.770, 2730 MHz, 14301 MHz, 99 %, 59.47 W, 62, 0x0000000000000400
2026/09/19 21:44:41.274, 2955 MHz, 14301 MHz, 99 %, 73.76 W, 63, 0x0000000000000400
2026/09/19 21:44:41.778, 2955 MHz, 14301 MHz, 99 %, 83.09 W, 63, 0x0000000000000400
2026/09/19 21:44:42.283, 2955 MHz, 14301 MHz, 98 %, 83.50 W, 64, 0x0000000000000400
2026/09/19 21:44:42.798, 2955 MHz, 14301 MHz, 99 %, 84.91 W, 64, 0x0000000000000400
2026/09/19 21:44:43.304, 2947 MHz, 14301 MHz, 99 %, 87.68 W, 64, 0x0000000000000400
2026/09/19 21:44:43.812, 2940 MHz, 14301 MHz, 99 %, 92.73 W, 65, 0x0000000000000400
2026/09/19 21:44:44.313, 2940 MHz, 14301 MHz, 99 %, 95.44 W, 65, 0x0000000000000400
2026/09/19 21:44:44.818, 2947 MHz, 14301 MHz, 99 %, 94.26 W, 65, 0x0000000000000400
2026/09/19 21:44:45.321, 2947 MHz, 14301 MHz, 98 %, 93.13 W, 65, 0x0000000000000400
2026/09/19 21:44:45.829, 2947 MHz, 14301 MHz, 99 %, 92.42 W, 67, 0x0000000000000400
2026/09/19 21:44:46.344, 2940 MHz, 14301 MHz, 99 %, 89.47 W, 65, 0x0000000000000400
2026/09/19 21:44:46.846, 2940 MHz, 14301 MHz, 99 %, 87.18 W, 64, 0x0000000000000400
2026/09/19 21:44:47.351, 2947 MHz, 14301 MHz, 99 %, 85.03 W, 64, 0x0000000000000400
2026/09/19 21:44:47.856, 2955 MHz, 14301 MHz, 99 %, 83.57 W, 64, 0x0000000000000400
2026/09/19 21:44:48.361, 2955 MHz, 14301 MHz, 99 %, 83.33 W, 64, 0x0000000000000400
2026/09/19 21:44:48.863, 2955 MHz, 14301 MHz, 98 %, 83.20 W, 64, 0x0000000000000400
2026/09/19 21:44:49.368, 2955 MHz, 14301 MHz, 99 %, 83.08 W, 64, 0x0000000000000400
2026/09/19 21:44:49.869, 2955 MHz, 14301 MHz, 98 %, 83.12 W, 64, 0x0000000000000400
2026/09/19 21:44:50.370, 2377 MHz, 14301 MHz, 49 %, 68.09 W, 61, 0x0000000000000400
2026/09/19 21:44:50.871, 2437 MHz, 14301 MHz, 48 %, 52.27 W, 61, 0x0000000000000400
2026/09/19 21:44:51.376, 2407 MHz, 14301 MHz, 52 %, 51.47 W, 61, 0x0000000000000400
2026/09/19 21:44:51.880, 2400 MHz, 14301 MHz, 53 %, 51.51 W, 61, 0x0000000000000400
2026/09/19 21:44:52.382, 2407 MHz, 14301 MHz, 52 %, 51.53 W, 61, 0x0000000000000400
2026/09/19 21:44:52.885, 2407 MHz, 14301 MHz, 50 %, 51.64 W, 61, 0x0000000000000400
2026/09/19 21:44:53.387, 2437 MHz, 14301 MHz, 51 %, 51.71 W, 60, 0x0000000000000400
2026/09/19 21:44:53.890, 2445 MHz, 14301 MHz, 51 %, 51.98 W, 60, 0x0000000000000400
2026/09/19 21:44:54.394, 2400 MHz, 14301 MHz, 52 %, 51.71 W, 61, 0x0000000000000400
2026/09/19 21:44:54.900, 2482 MHz, 14301 MHz, 50 %, 52.13 W, 60, 0x0000000000000400
2026/09/19 21:44:55.403, 2452 MHz, 14301 MHz, 52 %, 52.46 W, 61, 0x0000000000000400
2026/09/19 21:44:55.907, 2445 MHz, 14301 MHz, 53 %, 52.21 W, 60, 0x0000000000000400
2026/09/19 21:44:56.410, 2460 MHz, 14301 MHz, 51 %, 52.13 W, 60, 0x0000000000000400
2026/09/19 21:44:56.917, 2422 MHz, 14301 MHz, 51 %, 51.96 W, 60, 0x0000000000000400
2026/09/19 21:44:57.419, 2407 MHz, 14301 MHz, 52 %, 51.40 W, 60, 0x0000000000000400
2026/09/19 21:44:57.925, 2415 MHz, 14301 MHz, 51 %, 51.49 W, 60, 0x0000000000000400
2026/09/19 21:44:58.426, 2452 MHz, 14301 MHz, 51 %, 52.10 W, 60, 0x0000000000000400
2026/09/19 21:44:58.930, 2445 MHz, 14301 MHz, 99 %, 55.54 W, 62, 0x0000000000000400
2026/09/19 21:44:59.436, 2955 MHz, 14301 MHz, 99 %, 71.57 W, 63, 0x0000000000000400
2026/09/19 21:44:59.938, 2955 MHz, 14301 MHz, 99 %, 84.92 W, 64, 0x0000000000000400
2026/09/19 21:45:00.441, 2955 MHz, 14301 MHz, 98 %, 82.90 W, 63, 0x0000000000000400
2026/09/19 21:45:00.948, 2955 MHz, 14301 MHz, 99 %, 82.88 W, 63, 0x0000000000000400
2026/09/19 21:45:01.449, 2955 MHz, 14301 MHz, 99 %, 82.83 W, 63, 0x0000000000000400
2026/09/19 21:45:01.954, 2955 MHz, 14301 MHz, 99 %, 82.90 W, 64, 0x0000000000000400
2026/09/19 21:45:02.459, 2955 MHz, 14301 MHz, 99 %, 83.23 W, 64, 0x0000000000000400
2026/09/19 21:45:02.965, 2955 MHz, 14301 MHz, 99 %, 83.49 W, 64, 0x0000000000000400
2026/09/19 21:45:03.469, 2955 MHz, 14301 MHz, 99 %, 83.69 W, 64, 0x0000000000000400
2026/09/19 21:45:03.973, 2955 MHz, 14301 MHz, 99 %, 83.46 W, 64, 0x0000000000000400
2026/09/19 21:45:04.478, 2955 MHz, 14301 MHz, 99 %, 83.33 W, 64, 0x0000000000000400
2026/09/19 21:45:04.978, 2955 MHz, 14301 MHz, 99 %, 83.37 W, 64, 0x0000000000000400
2026/09/19 21:45:05.481, 2955 MHz, 14301 MHz, 99 %, 83.34 W, 64, 0x0000000000000400
2026/09/19 21:45:05.984, 2955 MHz, 14301 MHz, 99 %, 83.44 W, 64, 0x0000000000000400
2026/09/19 21:45:06.490, 2955 MHz, 14301 MHz, 99 %, 83.43 W, 64, 0x0000000000000400
2026/09/19 21:45:07.003, 2955 MHz, 14301 MHz, 99 %, 83.52 W, 64, 0x0000000000000400
2026/09/19 21:45:07.510, 2955 MHz, 14301 MHz, 83 %, 82.30 W, 64, 0x0000000000000400
2026/09/19 21:45:08.012, 2407 MHz, 14301 MHz, 50 %, 67.66 W, 61, 0x0000000000000400
2026/09/19 21:45:08.515, 2430 MHz, 14301 MHz, 49 %, 52.96 W, 61, 0x0000000000000400
2026/09/19 21:45:09.020, 2445 MHz, 14301 MHz, 53 %, 51.80 W, 61, 0x0000000000000400
2026/09/19 21:45:09.530, 2445 MHz, 14301 MHz, 49 %, 52.08 W, 62, 0x0000000000000400
2026/09/19 21:45:10.044, 2422 MHz, 14301 MHz, 52 %, 52.04 W, 61, 0x0000000000000400
2026/09/19 21:45:10.549, 2460 MHz, 14301 MHz, 51 %, 52.12 W, 60, 0x0000000000000400
2026/09/19 21:45:11.053, 2430 MHz, 14301 MHz, 51 %, 51.85 W, 61, 0x0000000000000400
2026/09/19 21:45:11.559, 2362 MHz, 14301 MHz, 53 %, 51.42 W, 61, 0x0000000000000400
2026/09/19 21:45:12.062, 2445 MHz, 14301 MHz, 53 %, 51.64 W, 61, 0x0000000000000400
2026/09/19 21:45:12.563, 2445 MHz, 14301 MHz, 53 %, 52.19 W, 61, 0x0000000000000400
2026/09/19 21:45:13.079, 2445 MHz, 14301 MHz, 51 %, 52.20 W, 60, 0x0000000000000400
2026/09/19 21:45:13.594, 2445 MHz, 14301 MHz, 51 %, 51.77 W, 60, 0x0000000000000400
2026/09/19 21:45:14.108, 2385 MHz, 14301 MHz, 52 %, 51.50 W, 61, 0x0000000000000400
2026/09/19 21:45:14.612, 2482 MHz, 14301 MHz, 52 %, 52.13 W, 61, 0x0000000000000400
2026/09/19 21:45:15.114, 2460 MHz, 14301 MHz, 52 %, 52.16 W, 60, 0x0000000000000400
2026/09/19 21:45:15.617, 2452 MHz, 14301 MHz, 50 %, 51.85 W, 60, 0x0000000000000400
2026/09/19 21:45:16.123, 2430 MHz, 14301 MHz, 49 %, 51.64 W, 60, 0x0000000000000400
2026/09/19 21:45:16.625, 2377 MHz, 14301 MHz, 59 %, 51.40 W, 60, 0x0000000000000400
2026/09/19 21:45:17.129, 2955 MHz, 14301 MHz, 99 %, 66.85 W, 63, 0x0000000000000400
2026/09/19 21:45:17.633, 2955 MHz, 14301 MHz, 99 %, 79.93 W, 63, 0x0000000000000400
2026/09/19 21:45:18.142, 2955 MHz, 14301 MHz, 98 %, 83.04 W, 63, 0x0000000000000400
2026/09/19 21:45:18.643, 2955 MHz, 14301 MHz, 98 %, 83.07 W, 63, 0x0000000000000400
2026/09/19 21:45:19.157, 2955 MHz, 14301 MHz, 99 %, 83.07 W, 63, 0x0000000000000400
2026/09/19 21:45:19.660, 2955 MHz, 14301 MHz, 99 %, 83.39 W, 64, 0x0000000000000400
2026/09/19 21:45:20.164, 2955 MHz, 14301 MHz, 99 %, 83.67 W, 64, 0x0000000000000400
2026/09/19 21:45:20.666, 2955 MHz, 14301 MHz, 99 %, 83.48 W, 64, 0x0000000000000400
2026/09/19 21:45:21.172, 2955 MHz, 14301 MHz, 99 %, 83.40 W, 64, 0x0000000000000400
2026/09/19 21:45:21.688, 2955 MHz, 14301 MHz, 99 %, 83.45 W, 64, 0x0000000000000400
2026/09/19 21:45:22.191, 2955 MHz, 14301 MHz, 99 %, 83.97 W, 64, 0x0000000000000400
2026/09/19 21:45:22.695, 2955 MHz, 14301 MHz, 99 %, 85.85 W, 64, 0x0000000000000400
2026/09/19 21:45:23.200, 2955 MHz, 14301 MHz, 99 %, 85.77 W, 64, 0x0000000000000400
2026/09/19 21:45:23.704, 2955 MHz, 14301 MHz, 99 %, 83.76 W, 64, 0x0000000000000400
2026/09/19 21:45:24.205, 2955 MHz, 14301 MHz, 99 %, 83.82 W, 64, 0x0000000000000400
2026/09/19 21:45:24.720, 2955 MHz, 14301 MHz, 99 %, 83.63 W, 64, 0x0000000000000400
2026/09/19 21:45:25.232, 2955 MHz, 14301 MHz, 99 %, 83.26 W, 64, 0x0000000000000400
2026/09/19 21:45:25.734, 2955 MHz, 14301 MHz, 99 %, 83.26 W, 64, 0x0000000000000400
2026/09/19 21:45:26.238, 2625 MHz, 14301 MHz, 48 %, 73.64 W, 62, 0x0000000000000400
2026/09/19 21:45:26.753, 2437 MHz, 14301 MHz, 51 %, 60.19 W, 61, 0x0000000000000400
2026/09/19 21:45:27.258, 2385 MHz, 14301 MHz, 48 %, 51.22 W, 61, 0x0000000000000400
2026/09/19 21:45:27.764, 2490 MHz, 14301 MHz, 48 %, 51.35 W, 61, 0x0000000000000400
2026/09/19 21:45:28.280, 2430 MHz, 14301 MHz, 52 %, 52.14 W, 61, 0x0000000000000400
2026/09/19 21:45:28.780, 2505 MHz, 14301 MHz, 52 %, 52.46 W, 61, 0x0000000000000400
2026/09/19 21:45:29.285, 2460 MHz, 14301 MHz, 51 %, 52.62 W, 61, 0x0000000000000400
2026/09/19 21:45:29.790, 2460 MHz, 14301 MHz, 50 %, 52.31 W, 60, 0x0000000000000400
2026/09/19 21:45:30.294, 2430 MHz, 14301 MHz, 51 %, 51.91 W, 60, 0x0000000000000400
2026/09/19 21:45:30.808, 2445 MHz, 14301 MHz, 52 %, 52.06 W, 61, 0x0000000000000400
2026/09/19 21:45:31.308, 2430 MHz, 14301 MHz, 48 %, 51.83 W, 61, 0x0000000000000400
2026/09/19 21:45:31.824, 2430 MHz, 14301 MHz, 50 %, 51.34 W, 60, 0x0000000000000400
2026/09/19 21:45:32.338, 2452 MHz, 14301 MHz, 49 %, 51.43 W, 60, 0x0000000000000400
2026/09/19 21:45:32.852, 2385 MHz, 14301 MHz, 52 %, 51.45 W, 60, 0x0000000000000400
2026/09/19 21:45:33.367, 2437 MHz, 14301 MHz, 54 %, 51.23 W, 61, 0x0000000000000400
2026/09/19 21:45:33.869, 2437 MHz, 14301 MHz, 51 %, 51.44 W, 60, 0x0000000000000400
2026/09/19 21:45:34.372, 2445 MHz, 14301 MHz, 51 %, 51.53 W, 60, 0x0000000000000400
2026/09/19 21:45:34.873, 2482 MHz, 14301 MHz, 51 %, 51.87 W, 60, 0x0000000000000400
2026/09/19 21:45:35.375, 2775 MHz, 14301 MHz, 98 %, 60.50 W, 62, 0x0000000000000400
2026/09/19 21:45:35.877, 2955 MHz, 14301 MHz, 99 %, 76.56 W, 63, 0x0000000000000400
2026/09/19 21:45:36.391, 2955 MHz, 14301 MHz, 98 %, 82.82 W, 63, 0x0000000000000400
2026/09/19 21:45:36.895, 2955 MHz, 14301 MHz, 99 %, 82.81 W, 63, 0x0000000000000400
2026/09/19 21:45:37.410, 2955 MHz, 14301 MHz, 98 %, 82.54 W, 63, 0x0000000000000400
2026/09/19 21:45:37.925, 2955 MHz, 14301 MHz, 98 %, 82.54 W, 64, 0x0000000000000400
2026/09/19 21:45:38.430, 2955 MHz, 14301 MHz, 99 %, 82.80 W, 64, 0x0000000000000400
2026/09/19 21:45:38.944, 2955 MHz, 14301 MHz, 99 %, 82.92 W, 64, 0x0000000000000400
2026/09/19 21:45:39.444, 2955 MHz, 14301 MHz, 99 %, 83.00 W, 63, 0x0000000000000400
2026/09/19 21:45:39.960, 2955 MHz, 14301 MHz, 99 %, 82.96 W, 64, 0x0000000000000400
2026/09/19 21:45:40.475, 2955 MHz, 14301 MHz, 99 %, 82.85 W, 64, 0x0000000000000400
2026/09/19 21:45:40.977, 2955 MHz, 14301 MHz, 98 %, 83.17 W, 64, 0x0000000000000400
2026/09/19 21:45:41.479, 2955 MHz, 14301 MHz, 99 %, 83.28 W, 64, 0x0000000000000400
2026/09/19 21:45:41.993, 2955 MHz, 14301 MHz, 99 %, 83.10 W, 64, 0x0000000000000400
2026/09/19 21:45:42.494, 2955 MHz, 14301 MHz, 99 %, 83.20 W, 64, 0x0000000000000400
2026/09/19 21:45:42.994, 2955 MHz, 14301 MHz, 99 %, 83.32 W, 64, 0x0000000000000400
2026/09/19 21:45:43.509, 2955 MHz, 14301 MHz, 98 %, 83.21 W, 64, 0x0000000000000400
2026/09/19 21:45:44.024, 2662 MHz, 14301 MHz, 45 %, 73.70 W, 62, 0x0000000000000400
2026/09/19 21:45:44.526, 2422 MHz, 14301 MHz, 49 %, 58.12 W, 61, 0x0000000000000400
2026/09/19 21:45:45.030, 2422 MHz, 14301 MHz, 47 %, 51.45 W, 61, 0x0000000000000400
2026/09/19 21:45:45.531, 2415 MHz, 14301 MHz, 51 %, 51.51 W, 61, 0x0000000000000400
2026/09/19 21:45:46.044, 2497 MHz, 14301 MHz, 58 %, 56.08 W, 61, 0x0000000000000400
2026/09/19 21:45:46.559, 2482 MHz, 14301 MHz, 51 %, 55.99 W, 61, 0x0000000000000400
2026/09/19 21:45:47.060, 2445 MHz, 14301 MHz, 51 %, 52.56 W, 61, 0x0000000000000400
2026/09/19 21:45:47.575, 2452 MHz, 14301 MHz, 50 %, 52.19 W, 61, 0x0000000000000400
2026/09/19 21:45:48.079, 2475 MHz, 14301 MHz, 51 %, 52.01 W, 61, 0x0000000000000400
2026/09/19 21:45:48.580, 2460 MHz, 14301 MHz, 50 %, 52.07 W, 61, 0x0000000000000400
2026/09/19 21:45:49.083, 2452 MHz, 14301 MHz, 52 %, 52.42 W, 61, 0x0000000000000400
2026/09/19 21:45:49.585, 2505 MHz, 14301 MHz, 49 %, 52.71 W, 61, 0x0000000000000400
2026/09/19 21:45:50.099, 2482 MHz, 14301 MHz, 49 %, 52.64 W, 61, 0x0000000000000400
2026/09/19 21:45:50.600, 2422 MHz, 14301 MHz, 46 %, 51.94 W, 61, 0x0000000000000400
2026/09/19 21:45:51.114, 2407 MHz, 14301 MHz, 46 %, 50.82 W, 60, 0x0000000000000400
2026/09/19 21:45:51.629, 2422 MHz, 14301 MHz, 51 %, 50.56 W, 61, 0x0000000000000400
2026/09/19 21:45:52.141, 2445 MHz, 14301 MHz, 36 %, 50.49 W, 60, 0x0000000000000400
2026/09/19 21:45:52.657, 2355 MHz, 14301 MHz, 49 %, 49.98 W, 60, 0x0000000000000400
2026/09/19 21:45:53.158, 2422 MHz, 14301 MHz, 96 %, 54.50 W, 62, 0x0000000000000400
2026/09/19 21:45:53.660, 2955 MHz, 14301 MHz, 98 %, 69.36 W, 63, 0x0000000000000400
2026/09/19 21:45:54.161, 2955 MHz, 14301 MHz, 99 %, 82.84 W, 63, 0x0000000000000400
2026/09/19 21:45:54.676, 2955 MHz, 14301 MHz, 99 %, 83.38 W, 63, 0x0000000000000400
2026/09/19 21:45:55.177, 2955 MHz, 14301 MHz, 99 %, 83.24 W, 63, 0x0000000000000400
2026/09/19 21:45:55.691, 2955 MHz, 14301 MHz, 99 %, 82.96 W, 63, 0x0000000000000400
2026/09/19 21:45:56.192, 2955 MHz, 14301 MHz, 99 %, 83.01 W, 63, 0x0000000000000400
2026/09/19 21:45:56.706, 2955 MHz, 14301 MHz, 99 %, 83.12 W, 64, 0x0000000000000400
2026/09/19 21:45:57.207, 2947 MHz, 14301 MHz, 98 %, 82.97 W, 64, 0x0000000000000400
2026/09/19 21:45:57.708, 2947 MHz, 14301 MHz, 92 %, 82.29 W, 64, 0x0000000000000400
2026/09/19 21:45:58.211, 2947 MHz, 14301 MHz, 94 %, 81.82 W, 63, 0x0000000000000400
2026/09/19 21:45:58.726, 2955 MHz, 14301 MHz, 97 %, 81.91 W, 63, 0x0000000000000400
2026/09/19 21:45:59.240, 2955 MHz, 14301 MHz, 86 %, 81.72 W, 64, 0x0000000000000400
2026/09/19 21:45:59.753, 2925 MHz, 14301 MHz, 87 %, 81.16 W, 64, 0x0000000000000400
2026/09/19 21:46:00.267, 2940 MHz, 14301 MHz, 88 %, 80.33 W, 63, 0x0000000000000400
2026/09/19 21:46:00.781, 2917 MHz, 14301 MHz, 99 %, 80.57 W, 64, 0x0000000000000400
2026/09/19 21:46:01.296, 2955 MHz, 14301 MHz, 99 %, 81.34 W, 64, 0x0000000000000400
2026/09/19 21:46:01.808, 2895 MHz, 14301 MHz, 98 %, 82.24 W, 64, 0x0000000000000400
2026/09/19 21:46:02.321, 2955 MHz, 14301 MHz, 74 %, 80.37 W, 63, 0x0000000000000400
2026/09/19 21:46:02.822, 2302 MHz, 14301 MHz, 46 %, 64.11 W, 62, 0x0000000000000400
2026/09/19 21:46:03.336, 2355 MHz, 14301 MHz, 50 %, 51.30 W, 61, 0x0000000000000400
2026/09/19 21:46:03.836, 2332 MHz, 14301 MHz, 47 %, 49.69 W, 61, 0x0000000000000400
2026/09/19 21:46:04.337, 2362 MHz, 14301 MHz, 52 %, 50.08 W, 61, 0x0000000000000400
2026/09/19 21:46:04.841, 2445 MHz, 14301 MHz, 51 %, 51.02 W, 61, 0x0000000000000400
2026/09/19 21:46:05.354, 2347 MHz, 14301 MHz, 45 %, 50.46 W, 61, 0x0000000000000400
2026/09/19 21:46:05.869, 2325 MHz, 14301 MHz, 48 %, 49.10 W, 60, 0x0000000000000400
2026/09/19 21:46:06.384, 2392 MHz, 14301 MHz, 48 %, 49.54 W, 61, 0x0000000000000400
2026/09/19 21:46:06.896, 2430 MHz, 14301 MHz, 46 %, 51.07 W, 60, 0x0000000000000400
2026/09/19 21:46:07.411, 2400 MHz, 14301 MHz, 48 %, 50.72 W, 60, 0x0000000000000400
2026/09/19 21:46:07.926, 2430 MHz, 14301 MHz, 49 %, 50.63 W, 60, 0x0000000000000400
2026/09/19 21:46:08.441, 2392 MHz, 14301 MHz, 48 %, 51.19 W, 60, 0x0000000000000400
2026/09/19 21:46:08.955, 2310 MHz, 14301 MHz, 52 %, 50.03 W, 60, 0x0000000000000400
2026/09/19 21:46:09.469, 2377 MHz, 14301 MHz, 50 %, 49.58 W, 59, 0x0000000000000400
2026/09/19 21:46:09.984, 2422 MHz, 14301 MHz, 49 %, 50.44 W, 60, 0x0000000000000400
2026/09/19 21:46:10.485, 2385 MHz, 14301 MHz, 44 %, 54.73 W, 61, 0x0000000000000400
2026/09/19 21:46:10.999, 2362 MHz, 14301 MHz, 42 %, 49.99 W, 59, 0x0000000000000400
2026/09/19 21:46:11.512, 2385 MHz, 14301 MHz, 50 %, 50.05 W, 60, 0x0000000000000400
2026/09/19 21:46:12.014, 2797 MHz, 14301 MHz, 99 %, 59.34 W, 62, 0x0000000000000400
2026/09/19 21:46:12.529, 2955 MHz, 14301 MHz, 98 %, 74.39 W, 63, 0x0000000000000400
2026/09/19 21:46:13.044, 2955 MHz, 14301 MHz, 99 %, 82.63 W, 63, 0x0000000000000400
2026/09/19 21:46:13.560, 2955 MHz, 14301 MHz, 99 %, 82.56 W, 63, 0x0000000000000400
2026/09/19 21:46:14.075, 2955 MHz, 14301 MHz, 99 %, 82.47 W, 63, 0x0000000000000400
2026/09/19 21:46:14.589, 2955 MHz, 14301 MHz, 99 %, 82.43 W, 63, 0x0000000000000400
2026/09/19 21:46:15.104, 2955 MHz, 14301 MHz, 98 %, 82.72 W, 63, 0x0000000000000400
2026/09/19 21:46:15.606, 2955 MHz, 14301 MHz, 99 %, 83.02 W, 63, 0x0000000000000400
2026/09/19 21:46:16.122, 2955 MHz, 14301 MHz, 99 %, 83.08 W, 63, 0x0000000000000400
2026/09/19 21:46:16.636, 2955 MHz, 14301 MHz, 99 %, 83.17 W, 63, 0x0000000000000400
2026/09/19 21:46:17.151, 2955 MHz, 14301 MHz, 98 %, 83.02 W, 63, 0x0000000000000400
2026/09/19 21:46:17.664, 2925 MHz, 14301 MHz, 84 %, 81.84 W, 63, 0x0000000000000400
2026/09/19 21:46:18.165, 2955 MHz, 14301 MHz, 99 %, 81.79 W, 63, 0x0000000000000400
2026/09/19 21:46:18.679, 2955 MHz, 14301 MHz, 97 %, 83.30 W, 64, 0x0000000000000400
2026/09/19 21:46:19.192, 2850 MHz, 14301 MHz, 97 %, 82.00 W, 63, 0x0000000000000400
2026/09/19 21:46:19.706, 2932 MHz, 14301 MHz, 97 %, 80.94 W, 64, 0x0000000000000400
2026/09/19 21:46:20.209, 2940 MHz, 14301 MHz, 94 %, 81.80 W, 64, 0x0000000000000400
2026/09/19 21:46:20.725, 2910 MHz, 14301 MHz, 85 %, 81.31 W, 64, 0x0000000000000400
2026/09/19 21:46:21.237, 2745 MHz, 14301 MHz, 51 %, 74.67 W, 62, 0x0000000000000400
2026/09/19 21:46:21.738, 2400 MHz, 14301 MHz, 48 %, 59.03 W, 61, 0x0000000000000400
2026/09/19 21:46:22.239, 2377 MHz, 14301 MHz, 50 %, 50.59 W, 61, 0x0000000000000400
2026/09/19 21:46:22.740, 2407 MHz, 14301 MHz, 49 %, 50.19 W, 61, 0x0000000000000400
2026/09/19 21:46:23.253, 2430 MHz, 14301 MHz, 50 %, 50.40 W, 61, 0x0000000000000400
2026/09/19 21:46:23.755, 2452 MHz, 14301 MHz, 48 %, 51.36 W, 60, 0x0000000000000400
2026/09/19 21:46:24.261, 2422 MHz, 14301 MHz, 49 %, 50.92 W, 60, 0x0000000000000400
2026/09/19 21:46:24.762, 2355 MHz, 14301 MHz, 49 %, 50.02 W, 60, 0x0000000000000400
2026/09/19 21:46:25.263, 2445 MHz, 14301 MHz, 48 %, 50.30 W, 60, 0x0000000000000400
2026/09/19 21:46:25.779, 2370 MHz, 14301 MHz, 50 %, 50.66 W, 60, 0x0000000000000400
2026/09/19 21:46:26.293, 2415 MHz, 14301 MHz, 48 %, 50.88 W, 60, 0x0000000000000400
2026/09/19 21:46:26.809, 2437 MHz, 14301 MHz, 46 %, 50.97 W, 60, 0x0000000000000400
2026/09/19 21:46:27.314, 2385 MHz, 14301 MHz, 49 %, 50.72 W, 60, 0x0000000000000400
2026/09/19 21:46:27.828, 2332 MHz, 14301 MHz, 50 %, 49.65 W, 60, 0x0000000000000400
2026/09/19 21:46:28.332, 2467 MHz, 14301 MHz, 37 %, 49.49 W, 60, 0x0000000000000400
2026/09/19 21:46:28.848, 2377 MHz, 14301 MHz, 50 %, 50.42 W, 60, 0x0000000000000400
2026/09/19 21:46:29.362, 2407 MHz, 14301 MHz, 40 %, 50.05 W, 59, 0x0000000000000400
2026/09/19 21:46:29.865, 2332 MHz, 14301 MHz, 50 %, 49.19 W, 59, 0x0000000000000400
2026/09/19 21:46:30.367, 2400 MHz, 14301 MHz, 44 %, 48.97 W, 59, 0x0000000000000400
2026/09/19 21:46:30.871, 2400 MHz, 14301 MHz, 97 %, 52.81 W, 61, 0x0000000000000400
2026/09/19 21:46:31.374, 2955 MHz, 14301 MHz, 98 %, 67.72 W, 62, 0x0000000000000400
2026/09/19 21:46:31.889, 2955 MHz, 14301 MHz, 99 %, 82.30 W, 63, 0x0000000000000400
2026/09/19 21:46:32.391, 2955 MHz, 14301 MHz, 99 %, 82.50 W, 63, 0x0000000000000400
2026/09/19 21:46:32.892, 2955 MHz, 14301 MHz, 99 %, 82.43 W, 63, 0x0000000000000400
2026/09/19 21:46:33.405, 2955 MHz, 14301 MHz, 99 %, 84.59 W, 64, 0x0000000000000400
2026/09/19 21:46:33.907, 2955 MHz, 14301 MHz, 99 %, 84.56 W, 63, 0x0000000000000400
2026/09/19 21:46:34.407, 2955 MHz, 14301 MHz, 99 %, 84.49 W, 63, 0x0000000000000400
2026/09/19 21:46:34.921, 2955 MHz, 14301 MHz, 98 %, 82.52 W, 63, 0x0000000000000400
2026/09/19 21:46:35.423, 2955 MHz, 14301 MHz, 98 %, 82.54 W, 63, 0x0000000000000400
2026/09/19 21:46:35.924, 2955 MHz, 14301 MHz, 98 %, 82.45 W, 63, 0x0000000000000400
2026/09/19 21:46:36.427, 2955 MHz, 14301 MHz, 93 %, 82.33 W, 63, 0x0000000000000400
2026/09/19 21:46:36.942, 2827 MHz, 14301 MHz, 98 %, 80.66 W, 63, 0x0000000000000400
2026/09/19 21:46:37.457, 2955 MHz, 14301 MHz, 98 %, 80.78 W, 63, 0x0000000000000400
2026/09/19 21:46:37.970, 2955 MHz, 14301 MHz, 89 %, 82.10 W, 63, 0x0000000000000400
2026/09/19 21:46:38.484, 2842 MHz, 14301 MHz, 94 %, 79.34 W, 63, 0x0000000000000400
2026/09/19 21:46:38.985, 2880 MHz, 14301 MHz, 99 %, 78.80 W, 63, 0x0000000000000400
2026/09/19 21:46:39.499, 2887 MHz, 14301 MHz, 99 %, 82.00 W, 63, 0x0000000000000400
2026/09/19 21:46:40.014, 2355 MHz, 14301 MHz, 49 %, 70.17 W, 61, 0x0000000000000400
2026/09/19 21:46:40.516, 2325 MHz, 14301 MHz, 47 %, 55.81 W, 61, 0x0000000000000400
2026/09/19 21:46:41.016, 2400 MHz, 14301 MHz, 48 %, 49.74 W, 60, 0x0000000000000400
2026/09/19 21:46:41.519, 2400 MHz, 14301 MHz, 50 %, 50.45 W, 60, 0x0000000000000400
2026/09/19 21:46:42.033, 2407 MHz, 14301 MHz, 42 %, 50.29 W, 60, 0x0000000000000400
2026/09/19 21:46:42.549, 2437 MHz, 14301 MHz, 50 %, 50.71 W, 60, 0x0000000000000400
2026/09/19 21:46:43.050, 2400 MHz, 14301 MHz, 45 %, 50.50 W, 60, 0x0000000000000400
2026/09/19 21:46:43.551, 2355 MHz, 14301 MHz, 49 %, 49.77 W, 60, 0x0000000000000400
2026/09/19 21:46:44.052, 2430 MHz, 14301 MHz, 36 %, 49.72 W, 60, 0x0000000000000400
2026/09/19 21:46:44.565, 2407 MHz, 14301 MHz, 51 %, 50.17 W, 60, 0x0000000000000400
2026/09/19 21:46:45.067, 2407 MHz, 14301 MHz, 34 %, 50.24 W, 59, 0x0000000000000400
2026/09/19 21:46:45.569, 2400 MHz, 14301 MHz, 50 %, 50.06 W, 60, 0x0000000000000400
2026/09/19 21:46:46.070, 2377 MHz, 14301 MHz, 45 %, 49.75 W, 59, 0x0000000000000400
2026/09/19 21:46:46.585, 2325 MHz, 14301 MHz, 49 %, 49.60 W, 60, 0x0000000000000400
2026/09/19 21:46:47.086, 2407 MHz, 14301 MHz, 44 %, 49.41 W, 59, 0x0000000000000400
2026/09/19 21:46:47.588, 2377 MHz, 14301 MHz, 46 %, 49.37 W, 59, 0x0000000000000400
2026/09/19 21:46:48.103, 2370 MHz, 14301 MHz, 50 %, 49.88 W, 60, 0x0000000000000400
2026/09/19 21:46:48.617, 2415 MHz, 14301 MHz, 50 %, 50.24 W, 59, 0x0000000000000400
2026/09/19 21:46:49.132, 2422 MHz, 14301 MHz, 48 %, 50.29 W, 59, 0x0000000000000400
2026/09/19 21:46:49.635, 2955 MHz, 14301 MHz, 98 %, 63.41 W, 62, 0x0000000000000400
2026/09/19 21:46:50.135, 2955 MHz, 14301 MHz, 99 %, 79.35 W, 62, 0x0000000000000400
2026/09/19 21:46:50.639, 2955 MHz, 14301 MHz, 99 %, 82.49 W, 63, 0x0000000000000400
2026/09/19 21:46:51.153, 2955 MHz, 14301 MHz, 99 %, 82.45 W, 62, 0x0000000000000400
2026/09/19 21:46:51.665, 2955 MHz, 14301 MHz, 99 %, 82.44 W, 63, 0x0000000000000400
2026/09/19 21:46:52.179, 2955 MHz, 14301 MHz, 99 %, 82.51 W, 63, 0x0000000000000400
2026/09/19 21:46:52.689, 2955 MHz, 14301 MHz, 99 %, 82.66 W, 63, 0x0000000000000400
2026/09/19 21:46:53.190, 2955 MHz, 14301 MHz, 98 %, 82.94 W, 63, 0x0000000000000400
2026/09/19 21:46:53.706, 2955 MHz, 14301 MHz, 99 %, 82.96 W, 63, 0x0000000000000400
2026/09/19 21:46:54.220, 2955 MHz, 14301 MHz, 99 %, 83.00 W, 63, 0x0000000000000400
2026/09/19 21:46:54.734, 2955 MHz, 14301 MHz, 95 %, 82.82 W, 63, 0x0000000000000400
2026/09/19 21:46:55.249, 2925 MHz, 14301 MHz, 99 %, 82.11 W, 63, 0x0000000000000400
2026/09/19 21:46:55.762, 2932 MHz, 14301 MHz, 97 %, 81.71 W, 63, 0x0000000000000400
2026/09/19 21:46:56.274, 2925 MHz, 14301 MHz, 99 %, 82.14 W, 63, 0x0000000000000400
2026/09/19 21:46:56.789, 2917 MHz, 14301 MHz, 96 %, 81.98 W, 63, 0x0000000000000400
2026/09/19 21:46:57.304, 2955 MHz, 14301 MHz, 99 %, 84.95 W, 64, 0x0000000000000400
2026/09/19 21:46:57.819, 2955 MHz, 14301 MHz, 99 %, 85.38 W, 63, 0x0000000000000400
2026/09/19 21:46:58.320, 2955 MHz, 14301 MHz, 99 %, 83.36 W, 63, 0x0000000000000400
2026/09/19 21:46:58.823, 2400 MHz, 14301 MHz, 39 %, 68.63 W, 61, 0x0000000000000400
2026/09/19 21:46:59.337, 2407 MHz, 14301 MHz, 50 %, 52.34 W, 61, 0x0000000000000400
2026/09/19 21:46:59.839, 2347 MHz, 14301 MHz, 49 %, 49.84 W, 60, 0x0000000000000400
2026/09/19 21:47:00.353, 2400 MHz, 14301 MHz, 47 %, 49.75 W, 60, 0x0000000000000400
2026/09/19 21:47:00.855, 2400 MHz, 14301 MHz, 50 %, 50.48 W, 60, 0x0000000000000400
2026/09/19 21:47:01.371, 2392 MHz, 14301 MHz, 48 %, 50.45 W, 60, 0x0000000000000400
2026/09/19 21:47:01.886, 2385 MHz, 14301 MHz, 50 %, 50.64 W, 60, 0x0000000000000400
2026/09/19 21:47:02.401, 2377 MHz, 14301 MHz, 46 %, 49.92 W, 60, 0x0000000000000400
2026/09/19 21:47:02.914, 2407 MHz, 14301 MHz, 50 %, 50.12 W, 60, 0x0000000000000400
2026/09/19 21:47:03.419, 2385 MHz, 14301 MHz, 47 %, 50.21 W, 60, 0x0000000000000400
2026/09/19 21:47:03.919, 2392 MHz, 14301 MHz, 51 %, 49.72 W, 60, 0x0000000000000400
2026/09/19 21:47:04.431, 2422 MHz, 14301 MHz, 48 %, 50.61 W, 60, 0x0000000000000400
2026/09/19 21:47:04.946, 2332 MHz, 14301 MHz, 50 %, 49.69 W, 59, 0x0000000000000400
2026/09/19 21:47:05.460, 2325 MHz, 14301 MHz, 45 %, 48.56 W, 59, 0x0000000000000400
2026/09/19 21:47:05.973, 2385 MHz, 14301 MHz, 44 %, 49.28 W, 59, 0x0000000000000400
2026/09/19 21:47:06.478, 2430 MHz, 14301 MHz, 46 %, 50.26 W, 60, 0x0000000000000400
2026/09/19 21:47:06.993, 2430 MHz, 14301 MHz, 50 %, 50.70 W, 59, 0x0000000000000400
2026/09/19 21:47:07.509, 2415 MHz, 14301 MHz, 31 %, 49.60 W, 59, 0x0000000000000400
2026/09/19 21:47:08.023, 2730 MHz, 14301 MHz, 95 %, 58.15 W, 61, 0x0000000000000400
2026/09/19 21:47:08.523, 2955 MHz, 14301 MHz, 98 %, 71.91 W, 62, 0x0000000000000400
2026/09/19 21:47:09.024, 2955 MHz, 14301 MHz, 95 %, 82.08 W, 62, 0x0000000000000400
2026/09/19 21:47:09.539, 2947 MHz, 14301 MHz, 94 %, 80.49 W, 62, 0x0000000000000400
2026/09/19 21:47:10.054, 2955 MHz, 14301 MHz, 99 %, 80.75 W, 63, 0x0000000000000400
2026/09/19 21:47:10.557, 2955 MHz, 14301 MHz, 99 %, 82.50 W, 63, 0x0000000000000400
2026/09/19 21:47:11.068, 2955 MHz, 14301 MHz, 99 %, 82.54 W, 63, 0x0000000000000400
2026/09/19 21:47:11.584, 2910 MHz, 14301 MHz, 92 %, 81.35 W, 63, 0x0000000000000400
2026/09/19 21:47:12.097, 2902 MHz, 14301 MHz, 96 %, 80.04 W, 63, 0x0000000000000400
2026/09/19 21:47:12.612, 2925 MHz, 14301 MHz, 99 %, 81.01 W, 63, 0x0000000000000400
2026/09/19 21:47:13.127, 2955 MHz, 14301 MHz, 98 %, 82.11 W, 63, 0x0000000000000400
2026/09/19 21:47:13.641, 2947 MHz, 14301 MHz, 94 %, 81.78 W, 63, 0x0000000000000400
2026/09/19 21:47:14.142, 2910 MHz, 14301 MHz, 90 %, 80.24 W, 63, 0x0000000000000400
2026/09/19 21:47:14.656, 2917 MHz, 14301 MHz, 92 %, 79.48 W, 63, 0x0000000000000400
2026/09/19 21:47:15.157, 2940 MHz, 14301 MHz, 99 %, 80.34 W, 63, 0x0000000000000400
2026/09/19 21:47:15.660, 2955 MHz, 14301 MHz, 87 %, 81.66 W, 63, 0x0000000000000400
2026/09/19 21:47:16.174, 2955 MHz, 14301 MHz, 93 %, 81.97 W, 63, 0x0000000000000400
2026/09/19 21:47:16.678, 2955 MHz, 14301 MHz, 99 %, 81.42 W, 64, 0x0000000000000400
2026/09/19 21:47:17.181, 2955 MHz, 14301 MHz, 89 %, 81.71 W, 63, 0x0000000000000400
2026/09/19 21:47:17.683, 2302 MHz, 14301 MHz, 47 %, 65.10 W, 61, 0x0000000000000400
2026/09/19 21:47:18.185, 2347 MHz, 14301 MHz, 46 %, 51.42 W, 60, 0x0000000000000400
2026/09/19 21:47:18.689, 2340 MHz, 14301 MHz, 45 %, 49.43 W, 60, 0x0000000000000400
2026/09/19 21:47:19.193, 2422 MHz, 14301 MHz, 37 %, 49.63 W, 60, 0x0000000000000400
2026/09/19 21:47:19.694, 2310 MHz, 14301 MHz, 46 %, 49.31 W, 60, 0x0000000000000400
2026/09/19 21:47:20.207, 2407 MHz, 14301 MHz, 49 %, 49.23 W, 60, 0x0000000000000400
2026/09/19 21:47:20.722, 2355 MHz, 14301 MHz, 47 %, 52.89 W, 59, 0x0000000000000400
2026/09/19 21:47:21.223, 2392 MHz, 14301 MHz, 51 %, 53.69 W, 60, 0x0000000000000400
2026/09/19 21:47:21.724, 2422 MHz, 14301 MHz, 45 %, 49.56 W, 60, 0x0000000000000400
2026/09/19 21:47:22.238, 2392 MHz, 14301 MHz, 45 %, 49.39 W, 59, 0x0000000000000400
2026/09/19 21:47:22.753, 2422 MHz, 14301 MHz, 47 %, 49.46 W, 59, 0x0000000000000400
2026/09/19 21:47:23.267, 2422 MHz, 14301 MHz, 49 %, 50.07 W, 60, 0x0000000000000400
2026/09/19 21:47:23.783, 2422 MHz, 14301 MHz, 42 %, 50.39 W, 59, 0x0000000000000400
2026/09/19 21:47:24.284, 2437 MHz, 14301 MHz, 52 %, 50.58 W, 59, 0x0000000000000400
2026/09/19 21:47:24.799, 2400 MHz, 14301 MHz, 44 %, 49.62 W, 59, 0x0000000000000400
2026/09/19 21:47:25.313, 2400 MHz, 14301 MHz, 49 %, 49.32 W, 59, 0x0000000000000400
2026/09/19 21:47:25.828, 2332 MHz, 14301 MHz, 49 %, 49.37 W, 59, 0x0000000000000400
2026/09/19 21:47:26.330, 2332 MHz, 14301 MHz, 37 %, 48.60 W, 58, 0x0000000000000400
2026/09/19 21:47:26.843, 2317 MHz, 14301 MHz, 50 %, 47.56 W, 58, 0x0000000000000400
2026/09/19 21:47:27.358, 2385 MHz, 14301 MHz, 54 %, 48.81 W, 59, 0x0000000000000400
2026/09/19 21:47:27.860, 2895 MHz, 14301 MHz, 99 %, 63.23 W, 61, 0x0000000000000400
2026/09/19 21:47:28.363, 2955 MHz, 14301 MHz, 99 %, 80.69 W, 62, 0x0000000000000400
2026/09/19 21:47:28.867, 2955 MHz, 14301 MHz, 99 %, 82.07 W, 63, 0x0000000000000400
2026/09/19 21:47:29.382, 2955 MHz, 14301 MHz, 99 %, 82.10 W, 62, 0x0000000000000400
2026/09/19 21:47:29.884, 2955 MHz, 14301 MHz, 98 %, 81.85 W, 63, 0x0000000000000400
2026/09/19 21:47:30.398, 2955 MHz, 14301 MHz, 99 %, 81.87 W, 62, 0x0000000000000400
2026/09/19 21:47:30.911, 2955 MHz, 14301 MHz, 99 %, 82.13 W, 63, 0x0000000000000400
2026/09/19 21:47:31.412, 2955 MHz, 14301 MHz, 99 %, 82.46 W, 62, 0x0000000000000400
2026/09/19 21:47:31.926, 2955 MHz, 14301 MHz, 99 %, 82.65 W, 63, 0x0000000000000400
2026/09/19 21:47:32.440, 2955 MHz, 14301 MHz, 99 %, 82.53 W, 63, 0x0000000000000400
2026/09/19 21:47:32.956, 2955 MHz, 14301 MHz, 99 %, 82.38 W, 63, 0x0000000000000400
2026/09/19 21:47:33.468, 2955 MHz, 14301 MHz, 95 %, 82.31 W, 63, 0x0000000000000400
2026/09/19 21:47:33.980, 2955 MHz, 14301 MHz, 98 %, 82.46 W, 63, 0x0000000000000400
2026/09/19 21:47:34.481, 2940 MHz, 14301 MHz, 99 %, 82.34 W, 63, 0x0000000000000400
2026/09/19 21:47:34.983, 2955 MHz, 14301 MHz, 99 %, 82.33 W, 63, 0x0000000000000400
2026/09/19 21:47:35.487, 2955 MHz, 14301 MHz, 99 %, 82.63 W, 63, 0x0000000000000400
2026/09/19 21:47:36.001, 2955 MHz, 14301 MHz, 82 %, 81.64 W, 62, 0x0000000000000400
2026/09/19 21:47:36.516, 2940 MHz, 14301 MHz, 44 %, 78.18 W, 62, 0x0000000000000400
2026/09/19 21:47:37.018, 2340 MHz, 14301 MHz, 53 %, 62.23 W, 60, 0x0000000000000400
2026/09/19 21:47:37.531, 2377 MHz, 14301 MHz, 50 %, 49.66 W, 60, 0x0000000000000400
2026/09/19 21:47:38.046, 2347 MHz, 14301 MHz, 51 %, 49.78 W, 60, 0x0000000000000400
2026/09/19 21:47:38.547, 2385 MHz, 14301 MHz, 46 %, 50.03 W, 60, 0x0000000000000400
2026/09/19 21:47:39.062, 2385 MHz, 14301 MHz, 47 %, 49.99 W, 59, 0x0000000000000400
2026/09/19 21:47:39.577, 2377 MHz, 14301 MHz, 50 %, 49.90 W, 60, 0x0000000000000400
2026/09/19 21:47:40.077, 2385 MHz, 14301 MHz, 45 %, 49.56 W, 60, 0x0000000000000400
2026/09/19 21:47:40.592, 2400 MHz, 14301 MHz, 50 %, 49.76 W, 60, 0x0000000000000400
2026/09/19 21:47:41.106, 2422 MHz, 14301 MHz, 46 %, 49.69 W, 59, 0x0000000000000400
2026/09/19 21:47:41.606, 2355 MHz, 14301 MHz, 48 %, 49.70 W, 59, 0x0000000000000400
2026/09/19 21:47:42.121, 2340 MHz, 14301 MHz, 52 %, 49.60 W, 59, 0x0000000000000400
2026/09/19 21:47:42.636, 2385 MHz, 14301 MHz, 51 %, 49.97 W, 59, 0x0000000000000400
2026/09/19 21:47:43.137, 2377 MHz, 14301 MHz, 44 %, 49.18 W, 59, 0x0000000000000400
2026/09/19 21:47:43.652, 2355 MHz, 14301 MHz, 51 %, 49.26 W, 59, 0x0000000000000400
2026/09/19 21:47:44.167, 2625 MHz, 14301 MHz, 46 %, 54.16 W, 59, 0x0000000000000400
2026/09/19 21:47:44.682, 2415 MHz, 14301 MHz, 50 %, 53.93 W, 59, 0x0000000000000400
2026/09/19 21:47:45.196, 2362 MHz, 14301 MHz, 49 %, 49.75 W, 59, 0x0000000000000400
2026/09/19 21:47:45.709, 2400 MHz, 14301 MHz, 51 %, 49.74 W, 59, 0x0000000000000400
2026/09/19 21:47:46.210, 2415 MHz, 14301 MHz, 44 %, 49.95 W, 59, 0x0000000000000400
2026/09/19 21:47:46.725, 2737 MHz, 14301 MHz, 97 %, 57.77 W, 61, 0x0000000000000400
2026/09/19 21:47:47.240, 2955 MHz, 14301 MHz, 98 %, 72.21 W, 62, 0x0000000000000400
2026/09/19 21:47:47.753, 2955 MHz, 14301 MHz, 99 %, 82.11 W, 62, 0x0000000000000400
2026/09/19 21:47:48.267, 2955 MHz, 14301 MHz, 99 %, 82.07 W, 62, 0x0000000000000400
2026/09/19 21:47:48.781, 2955 MHz, 14301 MHz, 99 %, 81.94 W, 62, 0x0000000000000400
2026/09/19 21:47:49.296, 2955 MHz, 14301 MHz, 99 %, 81.90 W, 62, 0x0000000000000400
2026/09/19 21:47:49.798, 2955 MHz, 14301 MHz, 99 %, 82.30 W, 63, 0x0000000000000400
2026/09/19 21:47:50.300, 2955 MHz, 14301 MHz, 99 %, 82.62 W, 63, 0x0000000000000400
2026/09/19 21:47:50.800, 2925 MHz, 14301 MHz, 96 %, 81.98 W, 62, 0x0000000000000400
2026/09/19 21:47:51.302, 2955 MHz, 14301 MHz, 89 %, 81.63 W, 62, 0x0000000000000400
2026/09/19 21:47:51.816, 2932 MHz, 14301 MHz, 88 %, 81.00 W, 63, 0x0000000000000400
2026/09/19 21:47:52.317, 2947 MHz, 14301 MHz, 97 %, 80.97 W, 63, 0x0000000000000400
2026/09/19 21:47:52.831, 2955 MHz, 14301 MHz, 99 %, 82.15 W, 63, 0x0000000000000400
2026/09/19 21:47:53.334, 2910 MHz, 14301 MHz, 77 %, 80.32 W, 62, 0x0000000000000400
2026/09/19 21:47:53.849, 2947 MHz, 14301 MHz, 92 %, 80.25 W, 63, 0x0000000000000400
2026/09/19 21:47:54.365, 2947 MHz, 14301 MHz, 99 %, 81.29 W, 63, 0x0000000000000400
2026/09/19 21:47:54.868, 2947 MHz, 14301 MHz, 95 %, 82.11 W, 63, 0x0000000000000400
2026/09/19 21:47:55.369, 2955 MHz, 14301 MHz, 98 %, 82.36 W, 63, 0x0000000000000400
2026/09/19 21:47:55.882, 2947 MHz, 14301 MHz, 96 %, 82.43 W, 63, 0x0000000000000400
2026/09/19 21:47:56.395, 2385 MHz, 14301 MHz, 46 %, 69.11 W, 60, 0x0000000000000400
2026/09/19 21:47:56.897, 2385 MHz, 14301 MHz, 45 %, 52.71 W, 60, 0x0000000000000400
2026/09/19 21:47:57.399, 2332 MHz, 14301 MHz, 51 %, 49.10 W, 60, 0x0000000000000400
2026/09/19 21:47:57.899, 2437 MHz, 14301 MHz, 37 %, 49.19 W, 59, 0x0000000000000400
2026/09/19 21:47:58.415, 2430 MHz, 14301 MHz, 47 %, 50.07 W, 60, 0x0000000000000400
2026/09/19 21:47:58.930, 2400 MHz, 14301 MHz, 35 %, 49.52 W, 59, 0x0000000000000400
2026/09/19 21:47:59.444, 2445 MHz, 14301 MHz, 49 %, 49.33 W, 60, 0x0000000000000400
2026/09/19 21:47:59.945, 2407 MHz, 14301 MHz, 49 %, 49.81 W, 60, 0x0000000000000400
2026/09/19 21:48:00.460, 2430 MHz, 14301 MHz, 46 %, 50.37 W, 59, 0x0000000000000400
2026/09/19 21:48:00.964, 2430 MHz, 14301 MHz, 52 %, 50.54 W, 59, 0x0000000000000400
2026/09/19 21:48:01.478, 2392 MHz, 14301 MHz, 52 %, 50.57 W, 59, 0x0000000000000400
2026/09/19 21:48:01.981, 2340 MHz, 14301 MHz, 51 %, 49.70 W, 59, 0x0000000000000400
2026/09/19 21:48:02.485, 2422 MHz, 14301 MHz, 43 %, 49.67 W, 59, 0x0000000000000400
2026/09/19 21:48:02.985, 2347 MHz, 14301 MHz, 44 %, 49.02 W, 59, 0x0000000000000400
2026/09/19 21:48:03.499, 2407 MHz, 14301 MHz, 50 %, 49.02 W, 59, 0x0000000000000400
2026/09/19 21:48:03.999, 2400 MHz, 14301 MHz, 48 %, 49.54 W, 59, 0x0000000000000400
2026/09/19 21:48:04.501, 2437 MHz, 14301 MHz, 52 %, 49.70 W, 59, 0x0000000000000400
2026/09/19 21:48:05.006, 1537 MHz, 14301 MHz, 0 %, 27.14 W, 56, 0x0000000000000400
2026/09/19 21:48:05.510, 1537 MHz, 14301 MHz, 1 %, 22.53 W, 56, 0x0000000000000400
2026/09/19 21:48:06.016, 1537 MHz, 14301 MHz, 0 %, 22.16 W, 56, 0x0000000000000400
2026/09/19 21:48:06.520, 1522 MHz, 14301 MHz, 0 %, 22.11 W, 55, 0x0000000000000400
2026/09/19 21:48:07.025, 1515 MHz, 14301 MHz, 1 %, 22.07 W, 55, 0x0000000000000400
2026/09/19 21:48:07.532, 1672 MHz, 14301 MHz, 0 %, 26.47 W, 56, 0x0000000000000400
2026/09/19 21:48:08.038, 1530 MHz, 14301 MHz, 0 %, 26.03 W, 55, 0x0000000000000400
2026/09/19 21:48:08.544, 1530 MHz, 14301 MHz, 0 %, 22.02 W, 55, 0x0000000000000400
2026/09/19 21:48:09.050, 1522 MHz, 14301 MHz, 0 %, 21.93 W, 55, 0x0000000000000400
2026/09/19 21:48:09.556, 1515 MHz, 14301 MHz, 0 %, 21.90 W, 55, 0x0000000000000400
