timestamp, clocks.current.sm [MHz], clocks.current.memory [MHz], utilization.gpu [%], power.draw [W], temperature.gpu, clocks_event_reasons.active
2026/09/19 20:24:55.461, 1665 MHz, 14301 MHz, 1 %, 23.35 W, 53, 0x0000000000000400
2026/09/19 20:24:55.964, 1620 MHz, 14301 MHz, 1 %, 23.16 W, 53, 0x0000000000000400
2026/09/19 20:24:56.470, 1695 MHz, 14301 MHz, 3 %, 23.32 W, 53, 0x0000000000000400
2026/09/19 20:24:56.976, 1665 MHz, 14301 MHz, 2 %, 23.72 W, 53, 0x0000000000000400
2026/09/19 20:24:57.481, 1627 MHz, 14301 MHz, 1 %, 23.59 W, 53, 0x0000000000000400
2026/09/19 20:24:57.986, 1665 MHz, 14301 MHz, 2 %, 23.35 W, 53, 0x0000000000000400
2026/09/19 20:24:58.491, 1650 MHz, 14301 MHz, 1 %, 23.34 W, 53, 0x0000000000000400
2026/09/19 20:24:58.996, 1650 MHz, 14301 MHz, 1 %, 23.41 W, 53, 0x0000000000000400
2026/09/19 20:24:59.497, 1635 MHz, 14301 MHz, 1 %, 23.42 W, 53, 0x0000000000000400
2026/09/19 20:24:59.998, 1672 MHz, 14301 MHz, 2 %, 23.50 W, 53, 0x0000000000000400
2026/09/19 20:25:00.501, 1650 MHz, 14301 MHz, 2 %, 23.50 W, 53, 0x0000000000000400
2026/09/19 20:25:01.008, 1627 MHz, 14301 MHz, 2 %, 23.37 W, 53, 0x0000000000000400
2026/09/19 20:25:01.514, 1620 MHz, 14301 MHz, 1 %, 23.32 W, 53, 0x0000000000000400
2026/09/19 20:25:02.020, 1627 MHz, 14301 MHz, 2 %, 23.35 W, 53, 0x0000000000000400
2026/09/19 20:25:02.524, 1657 MHz, 14301 MHz, 1 %, 23.67 W, 53, 0x0000000000000400
2026/09/19 20:25:03.039, 1687 MHz, 14301 MHz, 3 %, 24.02 W, 53, 0x0000000000000400
2026/09/19 20:25:03.551, 1627 MHz, 14301 MHz, 2 %, 24.51 W, 54, 0x0000000000000400
2026/09/19 20:25:04.054, 2287 MHz, 14301 MHz, 32 %, 33.22 W, 56, 0x0000000000000400
2026/09/19 20:25:04.555, 2107 MHz, 14301 MHz, 21 %, 42.74 W, 56, 0x0000000000000400
2026/09/19 20:25:05.057, 2115 MHz, 14301 MHz, 24 %, 47.01 W, 56, 0x0000000000000400
2026/09/19 20:25:05.573, 2107 MHz, 14301 MHz, 23 %, 45.28 W, 56, 0x0000000000000400
2026/09/19 20:25:06.085, 2085 MHz, 14301 MHz, 20 %, 44.97 W, 56, 0x0000000000000400
2026/09/19 20:25:06.587, 2145 MHz, 14301 MHz, 20 %, 45.04 W, 56, 0x0000000000000400
2026/09/19 20:25:07.090, 2137 MHz, 14301 MHz, 35 %, 45.33 W, 56, 0x0000000000000400
2026/09/19 20:25:07.595, 2940 MHz, 14301 MHz, 97 %, 60.37 W, 60, 0x0000000000000400
2026/09/19 20:25:08.099, 2947 MHz, 14301 MHz, 98 %, 78.06 W, 60, 0x0000000000000400
2026/09/19 20:25:08.601, 2955 MHz, 14301 MHz, 98 %, 82.67 W, 60, 0x0000000000000400
2026/09/19 20:25:09.102, 2955 MHz, 14301 MHz, 99 %, 78.89 W, 61, 0x0000000000000400
2026/09/19 20:25:09.605, 2955 MHz, 14301 MHz, 98 %, 77.53 W, 61, 0x0000000000000400
2026/09/19 20:25:10.108, 2955 MHz, 14301 MHz, 99 %, 77.04 W, 61, 0x0000000000000400
2026/09/19 20:25:10.612, 2962 MHz, 14301 MHz, 99 %, 77.19 W, 61, 0x0000000000000400
2026/09/19 20:25:11.114, 2955 MHz, 14301 MHz, 99 %, 77.45 W, 61, 0x0000000000000400
2026/09/19 20:25:11.616, 2962 MHz, 14301 MHz, 99 %, 77.32 W, 62, 0x0000000000000400
2026/09/19 20:25:12.122, 2962 MHz, 14301 MHz, 99 %, 77.25 W, 62, 0x0000000000000400
2026/09/19 20:25:12.637, 2962 MHz, 14301 MHz, 99 %, 77.28 W, 62, 0x0000000000000400
2026/09/19 20:25:13.152, 2962 MHz, 14301 MHz, 99 %, 77.36 W, 62, 0x0000000000000400
2026/09/19 20:25:13.654, 2962 MHz, 14301 MHz, 99 %, 77.40 W, 62, 0x0000000000000400
2026/09/19 20:25:14.170, 2955 MHz, 14301 MHz, 99 %, 77.06 W, 62, 0x0000000000000400
2026/09/19 20:25:14.684, 2962 MHz, 14301 MHz, 99 %, 77.22 W, 62, 0x0000000000000400
2026/09/19 20:25:15.191, 2962 MHz, 14301 MHz, 99 %, 77.32 W, 62, 0x0000000000000400
2026/09/19 20:25:15.696, 2962 MHz, 14301 MHz, 99 %, 77.27 W, 63, 0x0000000000000400
2026/09/19 20:25:16.197, 2955 MHz, 14301 MHz, 99 %, 77.18 W, 63, 0x0000000000000400
2026/09/19 20:25:16.713, 2962 MHz, 14301 MHz, 98 %, 77.49 W, 63, 0x0000000000000400
2026/09/19 20:25:17.215, 2955 MHz, 14301 MHz, 99 %, 77.45 W, 63, 0x0000000000000400
2026/09/19 20:25:17.727, 2962 MHz, 14301 MHz, 99 %, 77.55 W, 63, 0x0000000000000400
2026/09/19 20:25:18.242, 2962 MHz, 14301 MHz, 98 %, 77.52 W, 63, 0x0000000000000400
2026/09/19 20:25:18.754, 2962 MHz, 14301 MHz, 99 %, 77.55 W, 63, 0x0000000000000400
2026/09/19 20:25:19.266, 2962 MHz, 14301 MHz, 99 %, 77.51 W, 63, 0x0000000000000400
2026/09/19 20:25:19.778, 2955 MHz, 14301 MHz, 99 %, 77.71 W, 64, 0x0000000000000400
2026/09/19 20:25:20.282, 2962 MHz, 14301 MHz, 99 %, 78.04 W, 64, 0x0000000000000400
2026/09/19 20:25:20.785, 2962 MHz, 14301 MHz, 99 %, 78.12 W, 64, 0x0000000000000400
2026/09/19 20:25:21.300, 2962 MHz, 14301 MHz, 99 %, 78.35 W, 64, 0x0000000000000400
2026/09/19 20:25:21.801, 2955 MHz, 14301 MHz, 99 %, 78.48 W, 64, 0x0000000000000400
2026/09/19 20:25:22.316, 2955 MHz, 14301 MHz, 99 %, 78.24 W, 64, 0x0000000000000400
2026/09/19 20:25:22.830, 2955 MHz, 14301 MHz, 98 %, 78.52 W, 64, 0x0000000000000400
2026/09/19 20:25:23.345, 2962 MHz, 14301 MHz, 98 %, 78.28 W, 64, 0x0000000000000400
2026/09/19 20:25:23.846, 2962 MHz, 14301 MHz, 99 %, 78.52 W, 64, 0x0000000000000400
2026/09/19 20:25:24.361, 2902 MHz, 14301 MHz, 98 %, 77.18 W, 64, 0x0000000000000400
2026/09/19 20:25:24.875, 2932 MHz, 14301 MHz, 98 %, 76.45 W, 64, 0x0000000000000400
2026/09/19 20:25:25.376, 2925 MHz, 14301 MHz, 93 %, 77.98 W, 64, 0x0000000000000400
2026/09/19 20:25:25.891, 2955 MHz, 14301 MHz, 95 %, 78.22 W, 65, 0x0000000000000400
2026/09/19 20:25:26.404, 2947 MHz, 14301 MHz, 97 %, 78.82 W, 65, 0x0000000000000400
2026/09/19 20:25:26.917, 2947 MHz, 14301 MHz, 94 %, 79.25 W, 65, 0x0000000000000400
2026/09/19 20:25:27.427, 2917 MHz, 14301 MHz, 90 %, 79.05 W, 65, 0x0000000000000400
2026/09/19 20:25:27.941, 2925 MHz, 14301 MHz, 93 %, 78.79 W, 65, 0x0000000000000400
2026/09/19 20:25:28.446, 2955 MHz, 14301 MHz, 98 %, 78.87 W, 65, 0x0000000000000400
2026/09/19 20:25:28.950, 2925 MHz, 14301 MHz, 99 %, 78.99 W, 65, 0x0000000000000400
2026/09/19 20:25:29.452, 2940 MHz, 14301 MHz, 95 %, 79.12 W, 65, 0x0000000000000400
2026/09/19 20:25:29.954, 2932 MHz, 14301 MHz, 99 %, 78.96 W, 65, 0x0000000000000400
2026/09/19 20:25:30.455, 2932 MHz, 14301 MHz, 95 %, 79.01 W, 65, 0x0000000000000400
2026/09/19 20:25:30.969, 2932 MHz, 14301 MHz, 98 %, 79.52 W, 65, 0x0000000000000400
2026/09/19 20:25:31.482, 2955 MHz, 14301 MHz, 98 %, 79.66 W, 65, 0x0000000000000400
2026/09/19 20:25:31.983, 2947 MHz, 14301 MHz, 93 %, 79.69 W, 65, 0x0000000000000400
2026/09/19 20:25:32.484, 2925 MHz, 14301 MHz, 94 %, 79.80 W, 65, 0x0000000000000400
2026/09/19 20:25:32.985, 2940 MHz, 14301 MHz, 99 %, 79.58 W, 65, 0x0000000000000400
2026/09/19 20:25:33.498, 2940 MHz, 14301 MHz, 99 %, 79.76 W, 65, 0x0000000000000400
2026/09/19 20:25:34.013, 2947 MHz, 14301 MHz, 99 %, 79.71 W, 65, 0x0000000000000400
2026/09/19 20:25:34.519, 2917 MHz, 14301 MHz, 91 %, 79.60 W, 65, 0x0000000000000400
2026/09/19 20:25:35.031, 2947 MHz, 14301 MHz, 99 %, 79.64 W, 66, 0x0000000000000400
2026/09/19 20:25:35.546, 2932 MHz, 14301 MHz, 94 %, 79.97 W, 65, 0x0000000000000400
2026/09/19 20:25:36.061, 2947 MHz, 14301 MHz, 97 %, 79.92 W, 65, 0x0000000000000400
2026/09/19 20:25:36.572, 2932 MHz, 14301 MHz, 93 %, 80.58 W, 66, 0x0000000000000400
2026/09/19 20:25:37.073, 2947 MHz, 14301 MHz, 98 %, 80.13 W, 65, 0x0000000000000400
2026/09/19 20:25:37.588, 2947 MHz, 14301 MHz, 99 %, 80.29 W, 66, 0x0000000000000400
2026/09/19 20:25:38.089, 2925 MHz, 14301 MHz, 94 %, 80.57 W, 65, 0x0000000000000400
2026/09/19 20:25:38.591, 2932 MHz, 14301 MHz, 95 %, 80.07 W, 66, 0x0000000000000400
2026/09/19 20:25:39.092, 2940 MHz, 14301 MHz, 98 %, 80.45 W, 66, 0x0000000000000400
2026/09/19 20:25:39.593, 2932 MHz, 14301 MHz, 93 %, 80.92 W, 66, 0x0000000000000400
2026/09/19 20:25:40.109, 2925 MHz, 14301 MHz, 94 %, 81.26 W, 66, 0x0000000000000400
2026/09/19 20:25:40.611, 2910 MHz, 14301 MHz, 95 %, 80.95 W, 66, 0x0000000000000400
2026/09/19 20:25:41.114, 2925 MHz, 14301 MHz, 93 %, 80.88 W, 66, 0x0000000000000400
2026/09/19 20:25:41.615, 2910 MHz, 14301 MHz, 94 %, 80.99 W, 66, 0x0000000000000400
2026/09/19 20:25:42.115, 2917 MHz, 14301 MHz, 96 %, 80.93 W, 66, 0x0000000000000400
2026/09/19 20:25:42.617, 2940 MHz, 14301 MHz, 97 %, 81.31 W, 66, 0x0000000000000400
2026/09/19 20:25:43.118, 2940 MHz, 14301 MHz, 98 %, 81.14 W, 66, 0x0000000000000400
2026/09/19 20:25:43.619, 2925 MHz, 14301 MHz, 98 %, 81.10 W, 66, 0x0000000000000400
2026/09/19 20:25:44.122, 2925 MHz, 14301 MHz, 93 %, 80.46 W, 66, 0x0000000000000400
2026/09/19 20:25:44.624, 2932 MHz, 14301 MHz, 98 %, 80.06 W, 66, 0x0000000000000400
2026/09/19 20:25:45.128, 2947 MHz, 14301 MHz, 98 %, 79.96 W, 66, 0x0000000000000400
2026/09/19 20:25:45.630, 2947 MHz, 14301 MHz, 99 %, 80.13 W, 66, 0x0000000000000400
2026/09/19 20:25:46.132, 2910 MHz, 14301 MHz, 88 %, 79.30 W, 66, 0x0000000000000400
2026/09/19 20:25:46.647, 2947 MHz, 14301 MHz, 99 %, 78.89 W, 66, 0x0000000000000400
2026/09/19 20:25:47.159, 2925 MHz, 14301 MHz, 93 %, 79.10 W, 65, 0x0000000000000400
2026/09/19 20:25:47.663, 2940 MHz, 14301 MHz, 93 %, 78.84 W, 65, 0x0000000000000400
2026/09/19 20:25:48.164, 2925 MHz, 14301 MHz, 98 %, 78.40 W, 65, 0x0000000000000400
2026/09/19 20:25:48.667, 2947 MHz, 14301 MHz, 99 %, 78.59 W, 66, 0x0000000000000400
2026/09/19 20:25:49.170, 2925 MHz, 14301 MHz, 98 %, 78.59 W, 65, 0x0000000000000400
2026/09/19 20:25:49.673, 2932 MHz, 14301 MHz, 93 %, 78.34 W, 66, 0x0000000000000400
2026/09/19 20:25:50.176, 2932 MHz, 14301 MHz, 94 %, 78.59 W, 66, 0x0000000000000400
2026/09/19 20:25:50.679, 2925 MHz, 14301 MHz, 93 %, 77.82 W, 65, 0x0000000000000400
2026/09/19 20:25:51.182, 2955 MHz, 14301 MHz, 98 %, 78.14 W, 65, 0x0000000000000400
2026/09/19 20:25:51.686, 2947 MHz, 14301 MHz, 98 %, 78.76 W, 65, 0x0000000000000400
2026/09/19 20:25:52.200, 2947 MHz, 14301 MHz, 98 %, 78.71 W, 66, 0x0000000000000400
2026/09/19 20:25:52.702, 2947 MHz, 14301 MHz, 98 %, 78.86 W, 66, 0x0000000000000400
2026/09/19 20:25:53.203, 2947 MHz, 14301 MHz, 98 %, 79.49 W, 65, 0x0000000000000400
2026/09/19 20:25:53.717, 2947 MHz, 14301 MHz, 99 %, 79.62 W, 66, 0x0000000000000400
2026/09/19 20:25:54.217, 2947 MHz, 14301 MHz, 99 %, 79.64 W, 66, 0x0000000000000400
2026/09/19 20:25:54.732, 2955 MHz, 14301 MHz, 99 %, 79.60 W, 66, 0x0000000000000400
2026/09/19 20:25:55.236, 2947 MHz, 14301 MHz, 99 %, 79.97 W, 66, 0x0000000000000400
2026/09/19 20:25:55.738, 2947 MHz, 14301 MHz, 99 %, 80.10 W, 66, 0x0000000000000400
2026/09/19 20:25:56.240, 2947 MHz, 14301 MHz, 99 %, 80.23 W, 66, 0x0000000000000400
2026/09/19 20:25:56.756, 2947 MHz, 14301 MHz, 99 %, 80.32 W, 66, 0x0000000000000400
2026/09/19 20:25:57.256, 2947 MHz, 14301 MHz, 99 %, 80.49 W, 66, 0x0000000000000400
2026/09/19 20:25:57.771, 2947 MHz, 14301 MHz, 99 %, 80.59 W, 66, 0x0000000000000400
2026/09/19 20:25:58.274, 2947 MHz, 14301 MHz, 99 %, 80.74 W, 66, 0x0000000000000400
2026/09/19 20:25:58.778, 2947 MHz, 14301 MHz, 99 %, 80.91 W, 66, 0x0000000000000400
2026/09/19 20:25:59.292, 2947 MHz, 14301 MHz, 99 %, 81.86 W, 66, 0x0000000000000400
2026/09/19 20:25:59.802, 2947 MHz, 14301 MHz, 99 %, 83.01 W, 66, 0x0000000000000400
2026/09/19 20:26:00.305, 2947 MHz, 14301 MHz, 98 %, 83.53 W, 66, 0x0000000000000400
2026/09/19 20:26:00.818, 2947 MHz, 14301 MHz, 99 %, 83.71 W, 67, 0x0000000000000400
2026/09/19 20:26:01.322, 2940 MHz, 14301 MHz, 99 %, 84.39 W, 66, 0x0000000000000400
2026/09/19 20:26:01.826, 2947 MHz, 14301 MHz, 99 %, 84.38 W, 66, 0x0000000000000400
2026/09/19 20:26:02.329, 2947 MHz, 14301 MHz, 99 %, 83.78 W, 66, 0x0000000000000400
2026/09/19 20:26:02.830, 2947 MHz, 14301 MHz, 99 %, 83.68 W, 66, 0x0000000000000400
2026/09/19 20:26:03.333, 2947 MHz, 14301 MHz, 99 %, 83.45 W, 66, 0x0000000000000400
2026/09/19 20:26:03.835, 2947 MHz, 14301 MHz, 99 %, 83.46 W, 66, 0x0000000000000400
2026/09/19 20:26:04.340, 2947 MHz, 14301 MHz, 99 %, 83.33 W, 66, 0x0000000000000400
2026/09/19 20:26:04.840, 2925 MHz, 14301 MHz, 82 %, 82.71 W, 66, 0x0000000000000400
2026/09/19 20:26:05.346, 2947 MHz, 14301 MHz, 99 %, 82.55 W, 66, 0x0000000000000400
2026/09/19 20:26:05.850, 2947 MHz, 14301 MHz, 99 %, 83.16 W, 66, 0x0000000000000400
2026/09/19 20:26:06.356, 2947 MHz, 14301 MHz, 98 %, 83.19 W, 66, 0x0000000000000400
2026/09/19 20:26:06.859, 2947 MHz, 14301 MHz, 99 %, 83.21 W, 66, 0x0000000000000400
2026/09/19 20:26:07.360, 2940 MHz, 14301 MHz, 99 %, 83.32 W, 66, 0x0000000000000400
2026/09/19 20:26:07.860, 2947 MHz, 14301 MHz, 99 %, 83.41 W, 66, 0x0000000000000400
2026/09/19 20:26:08.364, 2947 MHz, 14301 MHz, 99 %, 83.31 W, 66, 0x0000000000000400
2026/09/19 20:26:08.870, 2947 MHz, 14301 MHz, 99 %, 83.46 W, 66, 0x0000000000000400
2026/09/19 20:26:09.371, 2947 MHz, 14301 MHz, 99 %, 83.35 W, 67, 0x0000000000000400
2026/09/19 20:26:09.875, 2947 MHz, 14301 MHz, 98 %, 83.40 W, 66, 0x0000000000000400
2026/09/19 20:26:10.379, 2947 MHz, 14301 MHz, 99 %, 83.52 W, 66, 0x0000000000000400
2026/09/19 20:26:10.885, 2947 MHz, 14301 MHz, 99 %, 83.67 W, 67, 0x0000000000000400
2026/09/19 20:26:11.390, 2947 MHz, 14301 MHz, 99 %, 83.69 W, 66, 0x0000000000000400
2026/09/19 20:26:11.894, 2947 MHz, 14301 MHz, 98 %, 83.54 W, 66, 0x0000000000000400
2026/09/19 20:26:12.396, 2947 MHz, 14301 MHz, 99 %, 83.33 W, 66, 0x0000000000000400
2026/09/19 20:26:12.901, 2947 MHz, 14301 MHz, 99 %, 83.59 W, 66, 0x0000000000000400
2026/09/19 20:26:13.403, 2947 MHz, 14301 MHz, 99 %, 83.80 W, 66, 0x0000000000000400
2026/09/19 20:26:13.908, 2925 MHz, 14301 MHz, 99 %, 83.25 W, 66, 0x0000000000000400
2026/09/19 20:26:14.413, 2947 MHz, 14301 MHz, 99 %, 83.13 W, 66, 0x0000000000000400
2026/09/19 20:26:14.918, 2940 MHz, 14301 MHz, 99 %, 83.82 W, 66, 0x0000000000000400
2026/09/19 20:26:15.419, 2947 MHz, 14301 MHz, 99 %, 83.85 W, 67, 0x0000000000000400
2026/09/19 20:26:15.921, 2947 MHz, 14301 MHz, 98 %, 83.83 W, 66, 0x0000000000000400
2026/09/19 20:26:16.426, 2947 MHz, 14301 MHz, 99 %, 83.91 W, 67, 0x0000000000000400
2026/09/19 20:26:16.931, 2947 MHz, 14301 MHz, 98 %, 83.91 W, 67, 0x0000000000000400
2026/09/19 20:26:17.433, 2947 MHz, 14301 MHz, 98 %, 84.01 W, 66, 0x0000000000000400
2026/09/19 20:26:17.937, 2947 MHz, 14301 MHz, 99 %, 83.93 W, 67, 0x0000000000000400
2026/09/19 20:26:18.442, 2947 MHz, 14301 MHz, 99 %, 83.74 W, 67, 0x0000000000000400
2026/09/19 20:26:18.944, 2947 MHz, 14301 MHz, 98 %, 83.74 W, 66, 0x0000000000000400
2026/09/19 20:26:19.448, 2947 MHz, 14301 MHz, 98 %, 83.78 W, 66, 0x0000000000000400
2026/09/19 20:26:19.951, 2947 MHz, 14301 MHz, 99 %, 83.79 W, 66, 0x0000000000000400
2026/09/19 20:26:20.456, 2947 MHz, 14301 MHz, 98 %, 83.83 W, 67, 0x0000000000000400
2026/09/19 20:26:20.958, 2947 MHz, 14301 MHz, 98 %, 83.92 W, 67, 0x0000000000000400
2026/09/19 20:26:21.473, 2947 MHz, 14301 MHz, 98 %, 83.64 W, 67, 0x0000000000000400
2026/09/19 20:26:21.975, 2940 MHz, 14301 MHz, 99 %, 83.42 W, 67, 0x0000000000000400
2026/09/19 20:26:22.479, 2947 MHz, 14301 MHz, 98 %, 82.77 W, 67, 0x0000000000000400
2026/09/19 20:26:22.985, 2947 MHz, 14301 MHz, 98 %, 83.00 W, 66, 0x0000000000000400
2026/09/19 20:26:23.488, 2940 MHz, 14301 MHz, 99 %, 83.79 W, 67, 0x0000000000000400
2026/09/19 20:26:23.990, 2947 MHz, 14301 MHz, 98 %, 83.92 W, 67, 0x0000000000000400
2026/09/19 20:26:24.494, 2947 MHz, 14301 MHz, 98 %, 83.83 W, 67, 0x0000000000000400
2026/09/19 20:26:24.996, 2947 MHz, 14301 MHz, 99 %, 83.80 W, 67, 0x0000000000000400
2026/09/19 20:26:25.502, 2940 MHz, 14301 MHz, 99 %, 83.97 W, 67, 0x0000000000000400
2026/09/19 20:26:26.007, 2947 MHz, 14301 MHz, 99 %, 84.16 W, 67, 0x0000000000000400
2026/09/19 20:26:26.510, 2947 MHz, 14301 MHz, 99 %, 84.31 W, 67, 0x0000000000000400
2026/09/19 20:26:27.014, 2947 MHz, 14301 MHz, 99 %, 84.15 W, 67, 0x0000000000000400
2026/09/19 20:26:27.523, 2947 MHz, 14301 MHz, 98 %, 84.06 W, 67, 0x0000000000000400
2026/09/19 20:26:28.038, 2947 MHz, 14301 MHz, 99 %, 83.92 W, 67, 0x0000000000000400
2026/09/19 20:26:28.544, 2947 MHz, 14301 MHz, 99 %, 83.93 W, 67, 0x0000000000000400
2026/09/19 20:26:29.045, 2940 MHz, 14301 MHz, 99 %, 84.22 W, 67, 0x0000000000000400
2026/09/19 20:26:29.546, 2940 MHz, 14301 MHz, 99 %, 84.53 W, 67, 0x0000000000000400
2026/09/19 20:26:30.051, 2940 MHz, 14301 MHz, 99 %, 84.39 W, 67, 0x0000000000000400
2026/09/19 20:26:30.555, 2925 MHz, 14301 MHz, 99 %, 83.64 W, 67, 0x0000000000000400
2026/09/19 20:26:31.057, 2940 MHz, 14301 MHz, 99 %, 83.46 W, 67, 0x0000000000000400
2026/09/19 20:26:31.559, 2940 MHz, 14301 MHz, 99 %, 84.11 W, 67, 0x0000000000000400
2026/09/19 20:26:32.063, 2947 MHz, 14301 MHz, 99 %, 84.17 W, 67, 0x0000000000000400
2026/09/19 20:26:32.565, 2940 MHz, 14301 MHz, 98 %, 84.26 W, 67, 0x0000000000000400
2026/09/19 20:26:33.068, 2940 MHz, 14301 MHz, 98 %, 84.40 W, 67, 0x0000000000000400
2026/09/19 20:26:33.571, 2947 MHz, 14301 MHz, 98 %, 84.25 W, 67, 0x0000000000000400
2026/09/19 20:26:34.079, 2940 MHz, 14301 MHz, 98 %, 83.92 W, 67, 0x0000000000000400
2026/09/19 20:26:34.580, 2947 MHz, 14301 MHz, 99 %, 83.70 W, 67, 0x0000000000000400
2026/09/19 20:26:35.081, 2940 MHz, 14301 MHz, 98 %, 83.95 W, 67, 0x0000000000000400
2026/09/19 20:26:35.582, 2940 MHz, 14301 MHz, 99 %, 84.12 W, 67, 0x0000000000000400
2026/09/19 20:26:36.086, 2947 MHz, 14301 MHz, 98 %, 84.39 W, 67, 0x0000000000000400
2026/09/19 20:26:36.587, 2947 MHz, 14301 MHz, 99 %, 84.31 W, 67, 0x0000000000000400
2026/09/19 20:26:37.093, 2947 MHz, 14301 MHz, 99 %, 84.00 W, 67, 0x0000000000000400
2026/09/19 20:26:37.608, 2947 MHz, 14301 MHz, 99 %, 84.03 W, 67, 0x0000000000000400
2026/09/19 20:26:38.113, 2940 MHz, 14301 MHz, 98 %, 84.17 W, 67, 0x0000000000000400
2026/09/19 20:26:38.619, 2947 MHz, 14301 MHz, 98 %, 83.60 W, 67, 0x0000000000000400
2026/09/19 20:26:39.122, 2947 MHz, 14301 MHz, 99 %, 83.72 W, 67, 0x0000000000000400
2026/09/19 20:26:39.627, 2947 MHz, 14301 MHz, 98 %, 84.19 W, 67, 0x0000000000000400
2026/09/19 20:26:40.127, 2947 MHz, 14301 MHz, 98 %, 84.09 W, 67, 0x0000000000000400
2026/09/19 20:26:40.630, 2940 MHz, 14301 MHz, 99 %, 84.21 W, 67, 0x0000000000000400
2026/09/19 20:26:41.136, 2940 MHz, 14301 MHz, 98 %, 84.27 W, 67, 0x0000000000000400
2026/09/19 20:26:41.638, 2940 MHz, 14301 MHz, 99 %, 84.38 W, 67, 0x0000000000000400
2026/09/19 20:26:42.144, 2940 MHz, 14301 MHz, 98 %, 84.63 W, 67, 0x0000000000000400
2026/09/19 20:26:42.649, 2940 MHz, 14301 MHz, 99 %, 84.65 W, 67, 0x0000000000000400
2026/09/19 20:26:43.154, 2940 MHz, 14301 MHz, 99 %, 84.42 W, 67, 0x0000000000000400
2026/09/19 20:26:43.659, 2940 MHz, 14301 MHz, 99 %, 84.33 W, 67, 0x0000000000000400
2026/09/19 20:26:44.160, 2940 MHz, 14301 MHz, 98 %, 84.59 W, 67, 0x0000000000000400
2026/09/19 20:26:44.661, 2940 MHz, 14301 MHz, 98 %, 84.75 W, 67, 0x0000000000000400
2026/09/19 20:26:45.166, 2947 MHz, 14301 MHz, 98 %, 84.74 W, 67, 0x0000000000000400
2026/09/19 20:26:45.669, 2947 MHz, 14301 MHz, 99 %, 84.66 W, 67, 0x0000000000000400
2026/09/19 20:26:46.173, 2947 MHz, 14301 MHz, 92 %, 84.64 W, 68, 0x0000000000000400
2026/09/19 20:26:46.676, 2940 MHz, 14301 MHz, 98 %, 84.75 W, 67, 0x0000000000000400
2026/09/19 20:26:47.184, 2940 MHz, 14301 MHz, 99 %, 84.87 W, 67, 0x0000000000000400
2026/09/19 20:26:47.689, 2940 MHz, 14301 MHz, 98 %, 85.32 W, 67, 0x0000000000000400
2026/09/19 20:26:48.194, 2940 MHz, 14301 MHz, 98 %, 85.23 W, 68, 0x0000000000000400
2026/09/19 20:26:48.696, 2940 MHz, 14301 MHz, 99 %, 85.19 W, 68, 0x0000000000000400
2026/09/19 20:26:49.198, 2940 MHz, 14301 MHz, 98 %, 85.00 W, 67, 0x0000000000000400
2026/09/19 20:26:49.699, 2940 MHz, 14301 MHz, 83 %, 84.29 W, 67, 0x0000000000000400
2026/09/19 20:26:50.206, 2940 MHz, 14301 MHz, 98 %, 84.42 W, 67, 0x0000000000000400
2026/09/19 20:26:50.709, 2940 MHz, 14301 MHz, 99 %, 84.66 W, 67, 0x0000000000000400
2026/09/19 20:26:51.216, 2940 MHz, 14301 MHz, 98 %, 85.05 W, 68, 0x0000000000000400
2026/09/19 20:26:51.732, 2940 MHz, 14301 MHz, 99 %, 84.94 W, 67, 0x0000000000000400
2026/09/19 20:26:52.234, 2940 MHz, 14301 MHz, 98 %, 84.84 W, 67, 0x0000000000000400
2026/09/19 20:26:52.739, 2940 MHz, 14301 MHz, 99 %, 85.01 W, 68, 0x0000000000000400
2026/09/19 20:26:53.242, 2940 MHz, 14301 MHz, 98 %, 85.10 W, 67, 0x0000000000000400
2026/09/19 20:26:53.757, 2940 MHz, 14301 MHz, 99 %, 85.27 W, 67, 0x0000000000000400
2026/09/19 20:26:54.261, 2940 MHz, 14301 MHz, 98 %, 85.32 W, 67, 0x0000000000000400
2026/09/19 20:26:54.762, 2940 MHz, 14301 MHz, 98 %, 85.13 W, 67, 0x0000000000000400
2026/09/19 20:26:55.264, 2940 MHz, 14301 MHz, 98 %, 85.10 W, 67, 0x0000000000000400
2026/09/19 20:26:55.769, 2940 MHz, 14301 MHz, 98 %, 85.21 W, 68, 0x0000000000000400
2026/09/19 20:26:56.275, 2940 MHz, 14301 MHz, 99 %, 85.28 W, 67, 0x0000000000000400
2026/09/19 20:26:56.781, 2940 MHz, 14301 MHz, 98 %, 85.37 W, 67, 0x0000000000000400
2026/09/19 20:26:57.285, 2940 MHz, 14301 MHz, 98 %, 85.30 W, 67, 0x0000000000000400
2026/09/19 20:26:57.796, 2940 MHz, 14301 MHz, 99 %, 85.26 W, 67, 0x0000000000000400
2026/09/19 20:26:58.311, 2940 MHz, 14301 MHz, 98 %, 85.52 W, 67, 0x0000000000000400
2026/09/19 20:26:58.812, 2940 MHz, 14301 MHz, 99 %, 85.62 W, 68, 0x0000000000000400
2026/09/19 20:26:59.317, 2940 MHz, 14301 MHz, 98 %, 85.54 W, 68, 0x0000000000000400
2026/09/19 20:26:59.819, 2940 MHz, 14301 MHz, 98 %, 85.10 W, 67, 0x0000000000000400
2026/09/19 20:27:00.324, 2940 MHz, 14301 MHz, 98 %, 85.15 W, 68, 0x0000000000000400
2026/09/19 20:27:00.829, 2940 MHz, 14301 MHz, 99 %, 85.71 W, 68, 0x0000000000000400
2026/09/19 20:27:01.335, 2940 MHz, 14301 MHz, 98 %, 85.62 W, 67, 0x0000000000000400
2026/09/19 20:27:01.842, 2940 MHz, 14301 MHz, 99 %, 85.51 W, 67, 0x0000000000000400
2026/09/19 20:27:02.343, 2940 MHz, 14301 MHz, 98 %, 85.65 W, 67, 0x0000000000000400
2026/09/19 20:27:02.849, 2940 MHz, 14301 MHz, 98 %, 85.79 W, 68, 0x0000000000000400
2026/09/19 20:27:03.364, 2940 MHz, 14301 MHz, 98 %, 85.79 W, 67, 0x0000000000000400
2026/09/19 20:27:03.878, 2940 MHz, 14301 MHz, 98 %, 85.78 W, 68, 0x0000000000000400
2026/09/19 20:27:04.392, 2940 MHz, 14301 MHz, 98 %, 85.52 W, 68, 0x0000000000000400
2026/09/19 20:27:04.897, 2940 MHz, 14301 MHz, 98 %, 85.37 W, 67, 0x0000000000000400
2026/09/19 20:27:05.399, 2940 MHz, 14301 MHz, 98 %, 85.45 W, 68, 0x0000000000000400
2026/09/19 20:27:05.907, 2940 MHz, 14301 MHz, 98 %, 85.58 W, 67, 0x0000000000000400
2026/09/19 20:27:06.411, 2940 MHz, 14301 MHz, 99 %, 85.57 W, 67, 0x0000000000000400
2026/09/19 20:27:06.914, 2925 MHz, 14301 MHz, 98 %, 84.73 W, 67, 0x0000000000000400
2026/09/19 20:27:07.427, 2940 MHz, 14301 MHz, 99 %, 84.46 W, 67, 0x0000000000000400
2026/09/19 20:27:07.932, 2940 MHz, 14301 MHz, 99 %, 84.93 W, 68, 0x0000000000000400
2026/09/19 20:27:08.447, 2940 MHz, 14301 MHz, 99 %, 85.10 W, 68, 0x0000000000000400
2026/09/19 20:27:08.949, 2940 MHz, 14301 MHz, 99 %, 85.32 W, 68, 0x0000000000000400
2026/09/19 20:27:09.453, 2940 MHz, 14301 MHz, 99 %, 85.21 W, 67, 0x0000000000000400
2026/09/19 20:27:09.957, 2940 MHz, 14301 MHz, 99 %, 85.12 W, 68, 0x0000000000000400
2026/09/19 20:27:10.461, 2940 MHz, 14301 MHz, 99 %, 84.92 W, 68, 0x0000000000000400
2026/09/19 20:27:10.964, 2940 MHz, 14301 MHz, 98 %, 84.78 W, 67, 0x0000000000000400
2026/09/19 20:27:11.478, 2940 MHz, 14301 MHz, 98 %, 84.94 W, 68, 0x0000000000000400
2026/09/19 20:27:11.982, 2940 MHz, 14301 MHz, 99 %, 85.10 W, 67, 0x0000000000000400
2026/09/19 20:27:12.487, 2940 MHz, 14301 MHz, 99 %, 85.14 W, 67, 0x0000000000000400
2026/09/19 20:27:13.002, 2940 MHz, 14301 MHz, 99 %, 85.04 W, 68, 0x0000000000000400
2026/09/19 20:27:13.507, 2940 MHz, 14301 MHz, 98 %, 84.79 W, 68, 0x0000000000000400
2026/09/19 20:27:14.009, 2940 MHz, 14301 MHz, 99 %, 84.88 W, 68, 0x0000000000000400
2026/09/19 20:27:14.513, 2940 MHz, 14301 MHz, 96 %, 84.93 W, 67, 0x0000000000000400
2026/09/19 20:27:15.019, 2940 MHz, 14301 MHz, 99 %, 84.81 W, 68, 0x0000000000000400
2026/09/19 20:27:15.526, 2940 MHz, 14301 MHz, 98 %, 84.95 W, 67, 0x0000000000000400
2026/09/19 20:27:16.027, 2940 MHz, 14301 MHz, 99 %, 85.04 W, 68, 0x0000000000000400
2026/09/19 20:27:16.531, 2925 MHz, 14301 MHz, 98 %, 84.25 W, 67, 0x0000000000000400
2026/09/19 20:27:17.032, 2940 MHz, 14301 MHz, 99 %, 84.15 W, 68, 0x0000000000000400
2026/09/19 20:27:17.534, 2940 MHz, 14301 MHz, 99 %, 84.84 W, 67, 0x0000000000000400
2026/09/19 20:27:18.040, 2940 MHz, 14301 MHz, 98 %, 84.96 W, 68, 0x0000000000000400
2026/09/19 20:27:18.544, 2940 MHz, 14301 MHz, 99 %, 84.95 W, 68, 0x0000000000000400
2026/09/19 20:27:19.060, 2940 MHz, 14301 MHz, 99 %, 84.93 W, 68, 0x0000000000000400
2026/09/19 20:27:19.563, 2940 MHz, 14301 MHz, 98 %, 84.81 W, 67, 0x0000000000000400
2026/09/19 20:27:20.065, 2940 MHz, 14301 MHz, 99 %, 84.53 W, 67, 0x0000000000000400
2026/09/19 20:27:20.581, 2940 MHz, 14301 MHz, 99 %, 84.38 W, 68, 0x0000000000000400
2026/09/19 20:27:21.085, 2940 MHz, 14301 MHz, 99 %, 84.71 W, 67, 0x0000000000000400
2026/09/19 20:27:21.585, 2940 MHz, 14301 MHz, 99 %, 84.78 W, 68, 0x0000000000000400
2026/09/19 20:27:22.099, 2947 MHz, 14301 MHz, 99 %, 84.79 W, 68, 0x0000000000000400
2026/09/19 20:27:22.603, 2940 MHz, 14301 MHz, 99 %, 84.62 W, 68, 0x0000000000000400
2026/09/19 20:27:23.108, 2940 MHz, 14301 MHz, 99 %, 84.71 W, 68, 0x0000000000000400
2026/09/19 20:27:23.611, 2940 MHz, 14301 MHz, 99 %, 84.59 W, 68, 0x0000000000000400
2026/09/19 20:27:24.113, 2917 MHz, 14301 MHz, 98 %, 83.97 W, 68, 0x0000000000000400
2026/09/19 20:27:24.628, 2947 MHz, 14301 MHz, 99 %, 84.00 W, 68, 0x0000000000000400
2026/09/19 20:27:25.129, 2940 MHz, 14301 MHz, 99 %, 84.80 W, 68, 0x0000000000000400
2026/09/19 20:27:25.634, 2940 MHz, 14301 MHz, 99 %, 84.62 W, 68, 0x0000000000000400
2026/09/19 20:27:26.137, 2940 MHz, 14301 MHz, 98 %, 84.42 W, 68, 0x0000000000000400
2026/09/19 20:27:26.640, 2947 MHz, 14301 MHz, 99 %, 84.53 W, 68, 0x0000000000000400
2026/09/19 20:27:27.143, 2940 MHz, 14301 MHz, 99 %, 84.82 W, 68, 0x0000000000000400
2026/09/19 20:27:27.647, 2940 MHz, 14301 MHz, 99 %, 84.97 W, 68, 0x0000000000000400
2026/09/19 20:27:28.151, 2940 MHz, 14301 MHz, 98 %, 85.02 W, 68, 0x0000000000000400
2026/09/19 20:27:28.665, 2940 MHz, 14301 MHz, 99 %, 85.04 W, 68, 0x0000000000000400
2026/09/19 20:27:29.168, 2940 MHz, 14301 MHz, 99 %, 84.81 W, 68, 0x0000000000000400
2026/09/19 20:27:29.669, 2940 MHz, 14301 MHz, 98 %, 84.89 W, 68, 0x0000000000000400
2026/09/19 20:27:30.172, 2940 MHz, 14301 MHz, 98 %, 85.20 W, 68, 0x0000000000000400
2026/09/19 20:27:30.676, 2947 MHz, 14301 MHz, 98 %, 85.01 W, 68, 0x0000000000000400
2026/09/19 20:27:31.180, 2940 MHz, 14301 MHz, 99 %, 84.79 W, 68, 0x0000000000000400
2026/09/19 20:27:31.680, 2940 MHz, 14301 MHz, 99 %, 84.81 W, 68, 0x0000000000000400
2026/09/19 20:27:32.184, 2932 MHz, 14301 MHz, 99 %, 84.26 W, 68, 0x0000000000000400
2026/09/19 20:27:32.697, 2940 MHz, 14301 MHz, 98 %, 84.23 W, 68, 0x0000000000000400
2026/09/19 20:27:33.213, 2940 MHz, 14301 MHz, 99 %, 84.95 W, 68, 0x0000000000000400
2026/09/19 20:27:33.714, 2940 MHz, 14301 MHz, 99 %, 85.01 W, 68, 0x0000000000000400
2026/09/19 20:27:34.224, 2947 MHz, 14301 MHz, 99 %, 85.04 W, 68, 0x0000000000000400
2026/09/19 20:27:34.727, 2947 MHz, 14301 MHz, 99 %, 84.90 W, 68, 0x0000000000000400
2026/09/19 20:27:35.230, 2947 MHz, 14301 MHz, 99 %, 84.84 W, 68, 0x0000000000000400
2026/09/19 20:27:35.734, 2940 MHz, 14301 MHz, 99 %, 84.83 W, 68, 0x0000000000000400
2026/09/19 20:27:36.238, 2940 MHz, 14301 MHz, 99 %, 84.85 W, 68, 0x0000000000000400
2026/09/19 20:27:36.753, 2940 MHz, 14301 MHz, 98 %, 84.93 W, 68, 0x0000000000000400
2026/09/19 20:27:37.257, 2940 MHz, 14301 MHz, 98 %, 84.87 W, 68, 0x0000000000000400
2026/09/19 20:27:37.758, 2940 MHz, 14301 MHz, 99 %, 84.83 W, 68, 0x0000000000000400
2026/09/19 20:27:38.259, 2947 MHz, 14301 MHz, 99 %, 84.70 W, 68, 0x0000000000000400
2026/09/19 20:27:38.762, 2940 MHz, 14301 MHz, 99 %, 84.67 W, 68, 0x0000000000000400
2026/09/19 20:27:39.265, 2947 MHz, 14301 MHz, 99 %, 84.87 W, 68, 0x0000000000000400
2026/09/19 20:27:39.768, 2940 MHz, 14301 MHz, 99 %, 84.95 W, 68, 0x0000000000000400
2026/09/19 20:27:40.272, 2925 MHz, 14301 MHz, 99 %, 84.25 W, 68, 0x0000000000000400
2026/09/19 20:27:40.774, 2940 MHz, 14301 MHz, 98 %, 84.35 W, 68, 0x0000000000000400
2026/09/19 20:27:41.278, 2940 MHz, 14301 MHz, 99 %, 85.16 W, 68, 0x0000000000000400
2026/09/19 20:27:41.782, 2940 MHz, 14301 MHz, 98 %, 85.16 W, 68, 0x0000000000000400
2026/09/19 20:27:42.283, 2940 MHz, 14301 MHz, 98 %, 85.30 W, 68, 0x0000000000000400
2026/09/19 20:27:42.786, 2940 MHz, 14301 MHz, 99 %, 85.32 W, 68, 0x0000000000000400
2026/09/19 20:27:43.294, 2940 MHz, 14301 MHz, 99 %, 85.39 W, 68, 0x0000000000000400
2026/09/19 20:27:43.798, 2940 MHz, 14301 MHz, 99 %, 85.48 W, 68, 0x0000000000000400
2026/09/19 20:27:44.306, 2940 MHz, 14301 MHz, 99 %, 85.34 W, 68, 0x0000000000000400
2026/09/19 20:27:44.810, 2940 MHz, 14301 MHz, 99 %, 85.25 W, 68, 0x0000000000000400
2026/09/19 20:27:45.315, 2940 MHz, 14301 MHz, 98 %, 85.40 W, 68, 0x0000000000000400
2026/09/19 20:27:45.823, 2940 MHz, 14301 MHz, 99 %, 85.50 W, 68, 0x0000000000000400
2026/09/19 20:27:46.324, 2940 MHz, 14301 MHz, 98 %, 85.40 W, 68, 0x0000000000000400
2026/09/19 20:27:46.840, 2940 MHz, 14301 MHz, 99 %, 85.46 W, 68, 0x0000000000000400
2026/09/19 20:27:47.344, 2940 MHz, 14301 MHz, 98 %, 85.49 W, 68, 0x0000000000000400
2026/09/19 20:27:47.848, 2902 MHz, 14301 MHz, 98 %, 84.50 W, 68, 0x0000000000000400
2026/09/19 20:27:48.353, 2940 MHz, 14301 MHz, 98 %, 84.61 W, 68, 0x0000000000000400
2026/09/19 20:27:48.858, 2940 MHz, 14301 MHz, 98 %, 85.73 W, 68, 0x0000000000000400
2026/09/19 20:27:49.364, 2940 MHz, 14301 MHz, 98 %, 85.72 W, 68, 0x0000000000000400
2026/09/19 20:27:49.874, 2940 MHz, 14301 MHz, 99 %, 85.61 W, 68, 0x0000000000000400
2026/09/19 20:27:50.377, 2940 MHz, 14301 MHz, 99 %, 85.42 W, 68, 0x0000000000000400
2026/09/19 20:27:50.880, 2940 MHz, 14301 MHz, 98 %, 85.17 W, 68, 0x0000000000000400
2026/09/19 20:27:51.384, 2940 MHz, 14301 MHz, 98 %, 85.17 W, 68, 0x0000000000000400
2026/09/19 20:27:51.888, 2940 MHz, 14301 MHz, 98 %, 85.40 W, 68, 0x0000000000000400
2026/09/19 20:27:52.391, 2940 MHz, 14301 MHz, 98 %, 85.36 W, 68, 0x0000000000000400
2026/09/19 20:27:52.896, 2940 MHz, 14301 MHz, 99 %, 85.25 W, 68, 0x0000000000000400
2026/09/19 20:27:53.401, 2940 MHz, 14301 MHz, 98 %, 85.14 W, 68, 0x0000000000000400
2026/09/19 20:27:53.904, 2940 MHz, 14301 MHz, 98 %, 85.10 W, 68, 0x0000000000000400
2026/09/19 20:27:54.410, 2940 MHz, 14301 MHz, 98 %, 85.22 W, 68, 0x0000000000000400
2026/09/19 20:27:54.912, 2940 MHz, 14301 MHz, 98 %, 85.30 W, 68, 0x0000000000000400
2026/09/19 20:27:55.420, 2940 MHz, 14301 MHz, 98 %, 84.42 W, 68, 0x0000000000000400
2026/09/19 20:27:55.936, 2940 MHz, 14301 MHz, 98 %, 84.35 W, 68, 0x0000000000000400
2026/09/19 20:27:56.439, 2940 MHz, 14301 MHz, 98 %, 85.12 W, 68, 0x0000000000000400
2026/09/19 20:27:56.954, 2940 MHz, 14301 MHz, 98 %, 85.09 W, 68, 0x0000000000000400
2026/09/19 20:27:57.462, 2940 MHz, 14301 MHz, 99 %, 85.08 W, 68, 0x0000000000000400
2026/09/19 20:27:57.976, 2940 MHz, 14301 MHz, 98 %, 85.17 W, 68, 0x0000000000000400
2026/09/19 20:27:58.492, 2940 MHz, 14301 MHz, 98 %, 85.26 W, 68, 0x0000000000000400
2026/09/19 20:27:58.997, 2940 MHz, 14301 MHz, 99 %, 85.30 W, 68, 0x0000000000000400
2026/09/19 20:27:59.499, 2940 MHz, 14301 MHz, 99 %, 85.23 W, 68, 0x0000000000000400
2026/09/19 20:28:00.003, 2940 MHz, 14301 MHz, 99 %, 85.25 W, 68, 0x0000000000000400
2026/09/19 20:28:00.517, 2940 MHz, 14301 MHz, 98 %, 85.32 W, 68, 0x0000000000000400
2026/09/19 20:28:01.024, 2940 MHz, 14301 MHz, 98 %, 85.30 W, 68, 0x0000000000000400
2026/09/19 20:28:01.533, 2940 MHz, 14301 MHz, 98 %, 85.25 W, 68, 0x0000000000000400
2026/09/19 20:28:02.034, 2940 MHz, 14301 MHz, 99 %, 85.17 W, 68, 0x0000000000000400
2026/09/19 20:28:02.537, 2940 MHz, 14301 MHz, 99 %, 85.12 W, 68, 0x0000000000000400
2026/09/19 20:28:03.041, 2947 MHz, 14301 MHz, 98 %, 84.88 W, 68, 0x0000000000000400
2026/09/19 20:28:03.543, 2940 MHz, 14301 MHz, 98 %, 85.12 W, 68, 0x0000000000000400
2026/09/19 20:28:04.049, 2917 MHz, 14301 MHz, 78 %, 84.53 W, 68, 0x0000000000000400
2026/09/19 20:28:04.552, 2940 MHz, 14301 MHz, 98 %, 84.39 W, 68, 0x0000000000000400
2026/09/19 20:28:05.053, 2940 MHz, 14301 MHz, 99 %, 85.37 W, 68, 0x0000000000000400
2026/09/19 20:28:05.558, 2940 MHz, 14301 MHz, 99 %, 85.42 W, 68, 0x0000000000000400
2026/09/19 20:28:06.062, 2940 MHz, 14301 MHz, 99 %, 85.12 W, 68, 0x0000000000000400
2026/09/19 20:28:06.568, 2940 MHz, 14301 MHz, 98 %, 84.93 W, 68, 0x0000000000000400
2026/09/19 20:28:07.072, 2940 MHz, 14301 MHz, 99 %, 85.05 W, 68, 0x0000000000000400
2026/09/19 20:28:07.586, 2940 MHz, 14301 MHz, 99 %, 85.15 W, 68, 0x0000000000000400
2026/09/19 20:28:08.090, 2940 MHz, 14301 MHz, 98 %, 85.22 W, 68, 0x0000000000000400
2026/09/19 20:28:08.593, 2940 MHz, 14301 MHz, 99 %, 85.04 W, 68, 0x0000000000000400
2026/09/19 20:28:09.095, 2940 MHz, 14301 MHz, 98 %, 84.91 W, 68, 0x0000000000000400
2026/09/19 20:28:09.598, 2940 MHz, 14301 MHz, 99 %, 85.05 W, 68, 0x0000000000000400
2026/09/19 20:28:10.104, 2940 MHz, 14301 MHz, 99 %, 84.94 W, 68, 0x0000000000000400
2026/09/19 20:28:10.619, 2940 MHz, 14301 MHz, 98 %, 84.85 W, 69, 0x0000000000000400
2026/09/19 20:28:11.128, 2940 MHz, 14301 MHz, 99 %, 84.76 W, 68, 0x0000000000000400
2026/09/19 20:28:11.634, 2947 MHz, 14301 MHz, 98 %, 84.70 W, 68, 0x0000000000000400
2026/09/19 20:28:12.135, 2940 MHz, 14301 MHz, 98 %, 84.79 W, 68, 0x0000000000000400
2026/09/19 20:28:12.650, 2940 MHz, 14301 MHz, 99 %, 84.93 W, 68, 0x0000000000000400
2026/09/19 20:28:13.153, 2940 MHz, 14301 MHz, 98 %, 84.29 W, 68, 0x0000000000000400
2026/09/19 20:28:13.654, 2940 MHz, 14301 MHz, 98 %, 84.25 W, 68, 0x0000000000000400
2026/09/19 20:28:14.162, 2940 MHz, 14301 MHz, 99 %, 84.82 W, 68, 0x0000000000000400
2026/09/19 20:28:14.666, 2940 MHz, 14301 MHz, 99 %, 84.82 W, 68, 0x0000000000000400
2026/09/19 20:28:15.168, 2947 MHz, 14301 MHz, 98 %, 84.85 W, 68, 0x0000000000000400
2026/09/19 20:28:15.675, 2940 MHz, 14301 MHz, 99 %, 84.80 W, 68, 0x0000000000000400
2026/09/19 20:28:16.176, 2940 MHz, 14301 MHz, 98 %, 84.95 W, 68, 0x0000000000000400
2026/09/19 20:28:16.692, 2940 MHz, 14301 MHz, 98 %, 85.12 W, 68, 0x0000000000000400
2026/09/19 20:28:17.197, 2940 MHz, 14301 MHz, 99 %, 85.19 W, 68, 0x0000000000000400
2026/09/19 20:28:17.700, 2940 MHz, 14301 MHz, 98 %, 84.95 W, 68, 0x0000000000000400
2026/09/19 20:28:18.206, 2940 MHz, 14301 MHz, 99 %, 84.79 W, 68, 0x0000000000000400
2026/09/19 20:28:18.709, 2940 MHz, 14301 MHz, 99 %, 85.06 W, 68, 0x0000000000000400
2026/09/19 20:28:19.210, 2940 MHz, 14301 MHz, 99 %, 85.12 W, 68, 0x0000000000000400
2026/09/19 20:28:19.713, 2940 MHz, 14301 MHz, 99 %, 85.17 W, 68, 0x0000000000000400
2026/09/19 20:28:20.216, 2940 MHz, 14301 MHz, 99 %, 85.07 W, 68, 0x0000000000000400
2026/09/19 20:28:20.722, 2940 MHz, 14301 MHz, 99 %, 84.92 W, 68, 0x0000000000000400
2026/09/19 20:28:21.237, 2947 MHz, 14301 MHz, 98 %, 84.40 W, 68, 0x0000000000000400
2026/09/19 20:28:21.750, 2940 MHz, 14301 MHz, 99 %, 84.45 W, 68, 0x0000000000000400
2026/09/19 20:28:22.256, 2940 MHz, 14301 MHz, 99 %, 84.82 W, 68, 0x0000000000000400
2026/09/19 20:28:22.761, 2940 MHz, 14301 MHz, 98 %, 84.76 W, 68, 0x0000000000000400
2026/09/19 20:28:23.266, 2947 MHz, 14301 MHz, 99 %, 84.83 W, 68, 0x0000000000000400
2026/09/19 20:28:23.779, 2940 MHz, 14301 MHz, 98 %, 84.77 W, 68, 0x0000000000000400
2026/09/19 20:28:24.281, 2940 MHz, 14301 MHz, 98 %, 84.79 W, 68, 0x0000000000000400
2026/09/19 20:28:24.787, 2947 MHz, 14301 MHz, 98 %, 84.63 W, 68, 0x0000000000000400
2026/09/19 20:28:25.289, 2940 MHz, 14301 MHz, 98 %, 84.71 W, 67, 0x0000000000000400
2026/09/19 20:28:25.791, 2947 MHz, 14301 MHz, 98 %, 84.08 W, 68, 0x0000000000000400
2026/09/19 20:28:26.298, 2940 MHz, 14301 MHz, 98 %, 84.20 W, 68, 0x0000000000000400
2026/09/19 20:28:26.800, 2947 MHz, 14301 MHz, 99 %, 84.75 W, 68, 0x0000000000000400
2026/09/19 20:28:27.304, 2940 MHz, 14301 MHz, 99 %, 84.40 W, 68, 0x0000000000000400
2026/09/19 20:28:27.808, 2940 MHz, 14301 MHz, 98 %, 84.35 W, 68, 0x0000000000000400
2026/09/19 20:28:28.310, 2940 MHz, 14301 MHz, 99 %, 84.64 W, 68, 0x0000000000000400
2026/09/19 20:28:28.815, 2940 MHz, 14301 MHz, 98 %, 84.79 W, 68, 0x0000000000000400
2026/09/19 20:28:29.316, 2940 MHz, 14301 MHz, 99 %, 84.92 W, 68, 0x0000000000000400
2026/09/19 20:28:29.819, 2940 MHz, 14301 MHz, 99 %, 84.88 W, 68, 0x0000000000000400
2026/09/19 20:28:30.321, 2940 MHz, 14301 MHz, 99 %, 84.78 W, 68, 0x0000000000000400
2026/09/19 20:28:30.825, 2940 MHz, 14301 MHz, 99 %, 84.71 W, 68, 0x0000000000000400
2026/09/19 20:28:31.330, 2940 MHz, 14301 MHz, 99 %, 84.67 W, 68, 0x0000000000000400
2026/09/19 20:28:31.834, 2940 MHz, 14301 MHz, 99 %, 84.80 W, 68, 0x0000000000000400
2026/09/19 20:28:32.348, 2940 MHz, 14301 MHz, 99 %, 84.90 W, 68, 0x0000000000000400
2026/09/19 20:28:32.862, 2940 MHz, 14301 MHz, 98 %, 84.75 W, 68, 0x0000000000000400
2026/09/19 20:28:33.364, 2940 MHz, 14301 MHz, 99 %, 84.58 W, 68, 0x0000000000000400
2026/09/19 20:28:33.869, 2947 MHz, 14301 MHz, 98 %, 84.44 W, 67, 0x0000000000000400
2026/09/19 20:28:34.384, 2940 MHz, 14301 MHz, 99 %, 83.59 W, 68, 0x0000000000000400
2026/09/19 20:28:34.888, 2940 MHz, 14301 MHz, 99 %, 83.88 W, 68, 0x0000000000000400
2026/09/19 20:28:35.389, 2940 MHz, 14301 MHz, 99 %, 84.82 W, 68, 0x0000000000000400
2026/09/19 20:28:35.893, 2940 MHz, 14301 MHz, 98 %, 85.01 W, 68, 0x0000000000000400
2026/09/19 20:28:36.409, 2940 MHz, 14301 MHz, 99 %, 84.78 W, 68, 0x0000000000000400
2026/09/19 20:28:36.911, 2940 MHz, 14301 MHz, 99 %, 84.46 W, 68, 0x0000000000000400
2026/09/19 20:28:37.414, 2947 MHz, 14301 MHz, 99 %, 84.43 W, 68, 0x0000000000000400
2026/09/19 20:28:37.916, 2947 MHz, 14301 MHz, 99 %, 84.54 W, 68, 0x0000000000000400
2026/09/19 20:28:38.431, 2940 MHz, 14301 MHz, 99 %, 84.58 W, 68, 0x0000000000000400
2026/09/19 20:28:38.935, 2940 MHz, 14301 MHz, 99 %, 84.53 W, 68, 0x0000000000000400
2026/09/19 20:28:39.435, 2940 MHz, 14301 MHz, 99 %, 84.62 W, 68, 0x0000000000000400
2026/09/19 20:28:39.941, 2940 MHz, 14301 MHz, 99 %, 84.46 W, 68, 0x0000000000000400
2026/09/19 20:28:40.445, 2940 MHz, 14301 MHz, 98 %, 84.40 W, 68, 0x0000000000000400
2026/09/19 20:28:40.949, 2947 MHz, 14301 MHz, 98 %, 84.70 W, 68, 0x0000000000000400
2026/09/19 20:28:41.451, 2940 MHz, 14301 MHz, 98 %, 84.70 W, 68, 0x0000000000000400
2026/09/19 20:28:41.952, 2940 MHz, 14301 MHz, 98 %, 84.48 W, 68, 0x0000000000000400
2026/09/19 20:28:42.458, 2940 MHz, 14301 MHz, 98 %, 84.43 W, 67, 0x0000000000000400
2026/09/19 20:28:42.961, 2940 MHz, 14301 MHz, 99 %, 83.78 W, 68, 0x0000000000000400
2026/09/19 20:28:43.463, 2940 MHz, 14301 MHz, 98 %, 83.71 W, 68, 0x0000000000000400
2026/09/19 20:28:43.979, 2940 MHz, 14301 MHz, 99 %, 84.54 W, 68, 0x0000000000000400
2026/09/19 20:28:44.493, 2940 MHz, 14301 MHz, 99 %, 84.76 W, 68, 0x0000000000000400
2026/09/19 20:28:44.998, 2940 MHz, 14301 MHz, 99 %, 84.73 W, 68, 0x0000000000000400
2026/09/19 20:28:45.500, 2940 MHz, 14301 MHz, 98 %, 84.87 W, 68, 0x0000000000000400
2026/09/19 20:28:46.006, 2940 MHz, 14301 MHz, 99 %, 84.80 W, 68, 0x0000000000000400
2026/09/19 20:28:46.508, 2940 MHz, 14301 MHz, 99 %, 84.64 W, 68, 0x0000000000000400
2026/09/19 20:28:47.021, 2940 MHz, 14301 MHz, 99 %, 84.67 W, 68, 0x0000000000000400
2026/09/19 20:28:47.522, 2940 MHz, 14301 MHz, 98 %, 84.60 W, 68, 0x0000000000000400
2026/09/19 20:28:48.022, 2940 MHz, 14301 MHz, 98 %, 84.65 W, 68, 0x0000000000000400
2026/09/19 20:28:48.525, 2940 MHz, 14301 MHz, 99 %, 84.85 W, 68, 0x0000000000000400
2026/09/19 20:28:49.028, 2940 MHz, 14301 MHz, 99 %, 84.86 W, 68, 0x0000000000000400
2026/09/19 20:28:49.536, 2940 MHz, 14301 MHz, 99 %, 84.72 W, 68, 0x0000000000000400
2026/09/19 20:28:50.038, 2940 MHz, 14301 MHz, 98 %, 84.63 W, 68, 0x0000000000000400
2026/09/19 20:28:50.540, 2940 MHz, 14301 MHz, 99 %, 84.87 W, 68, 0x0000000000000400
2026/09/19 20:28:51.056, 2940 MHz, 14301 MHz, 99 %, 84.53 W, 68, 0x0000000000000400
2026/09/19 20:28:51.571, 2940 MHz, 14301 MHz, 99 %, 84.39 W, 68, 0x0000000000000400
2026/09/19 20:28:52.074, 2947 MHz, 14301 MHz, 99 %, 84.79 W, 68, 0x0000000000000400
2026/09/19 20:28:52.577, 2940 MHz, 14301 MHz, 99 %, 84.74 W, 68, 0x0000000000000400
2026/09/19 20:28:53.079, 2947 MHz, 14301 MHz, 98 %, 84.42 W, 68, 0x0000000000000400
2026/09/19 20:28:53.583, 2940 MHz, 14301 MHz, 99 %, 84.52 W, 68, 0x0000000000000400
2026/09/19 20:28:54.085, 2940 MHz, 14301 MHz, 99 %, 84.61 W, 68, 0x0000000000000400
2026/09/19 20:28:54.589, 2940 MHz, 14301 MHz, 98 %, 84.58 W, 68, 0x0000000000000400
2026/09/19 20:28:55.094, 2940 MHz, 14301 MHz, 99 %, 84.52 W, 68, 0x0000000000000400
2026/09/19 20:28:55.594, 2940 MHz, 14301 MHz, 99 %, 84.55 W, 68, 0x0000000000000400
2026/09/19 20:28:56.096, 2940 MHz, 14301 MHz, 99 %, 84.39 W, 68, 0x0000000000000400
2026/09/19 20:28:56.598, 2940 MHz, 14301 MHz, 98 %, 84.20 W, 68, 0x0000000000000400
2026/09/19 20:28:57.101, 2940 MHz, 14301 MHz, 98 %, 83.73 W, 68, 0x0000000000000400
2026/09/19 20:28:57.616, 2940 MHz, 14301 MHz, 99 %, 84.71 W, 68, 0x0000000000000400
2026/09/19 20:28:58.131, 2940 MHz, 14301 MHz, 99 %, 84.48 W, 68, 0x0000000000000400
2026/09/19 20:28:58.646, 2940 MHz, 14301 MHz, 99 %, 84.46 W, 68, 0x0000000000000400
2026/09/19 20:28:59.147, 2940 MHz, 14301 MHz, 98 %, 84.49 W, 68, 0x0000000000000400
2026/09/19 20:28:59.649, 2940 MHz, 14301 MHz, 98 %, 84.71 W, 68, 0x0000000000000400
2026/09/19 20:29:00.152, 2940 MHz, 14301 MHz, 99 %, 84.97 W, 68, 0x0000000000000400
2026/09/19 20:29:00.656, 2940 MHz, 14301 MHz, 98 %, 84.85 W, 68, 0x0000000000000400
2026/09/19 20:29:01.157, 2940 MHz, 14301 MHz, 99 %, 85.09 W, 68, 0x0000000000000400
2026/09/19 20:29:01.659, 2940 MHz, 14301 MHz, 99 %, 84.91 W, 68, 0x0000000000000400
2026/09/19 20:29:02.165, 2940 MHz, 14301 MHz, 98 %, 84.78 W, 68, 0x0000000000000400
2026/09/19 20:29:02.680, 2940 MHz, 14301 MHz, 99 %, 84.80 W, 68, 0x0000000000000400
2026/09/19 20:29:03.182, 2940 MHz, 14301 MHz, 99 %, 84.91 W, 68, 0x0000000000000400
2026/09/19 20:29:03.689, 2940 MHz, 14301 MHz, 98 %, 84.96 W, 68, 0x0000000000000400
2026/09/19 20:29:04.191, 2940 MHz, 14301 MHz, 99 %, 85.11 W, 68, 0x0000000000000400
2026/09/19 20:29:04.694, 2940 MHz, 14301 MHz, 99 %, 85.18 W, 68, 0x0000000000000400
2026/09/19 20:29:05.196, 2940 MHz, 14301 MHz, 98 %, 84.29 W, 68, 0x0000000000000400
2026/09/19 20:29:05.704, 2940 MHz, 14301 MHz, 98 %, 84.44 W, 68, 0x0000000000000400
2026/09/19 20:29:06.204, 2940 MHz, 14301 MHz, 99 %, 85.08 W, 68, 0x0000000000000400
2026/09/19 20:29:06.706, 2940 MHz, 14301 MHz, 99 %, 85.15 W, 68, 0x0000000000000400
2026/09/19 20:29:07.209, 2940 MHz, 14301 MHz, 98 %, 85.27 W, 68, 0x0000000000000400
2026/09/19 20:29:07.713, 2940 MHz, 14301 MHz, 99 %, 85.09 W, 68, 0x0000000000000400
2026/09/19 20:29:08.226, 2940 MHz, 14301 MHz, 99 %, 84.96 W, 68, 0x0000000000000400
2026/09/19 20:29:08.729, 2940 MHz, 14301 MHz, 99 %, 84.78 W, 68, 0x0000000000000400
2026/09/19 20:29:09.237, 2940 MHz, 14301 MHz, 99 %, 84.94 W, 68, 0x0000000000000400
2026/09/19 20:29:09.738, 2940 MHz, 14301 MHz, 99 %, 84.95 W, 68, 0x0000000000000400
2026/09/19 20:29:10.240, 2940 MHz, 14301 MHz, 99 %, 84.83 W, 68, 0x0000000000000400
2026/09/19 20:29:10.741, 2940 MHz, 14301 MHz, 98 %, 84.87 W, 68, 0x0000000000000400
2026/09/19 20:29:11.249, 2940 MHz, 14301 MHz, 99 %, 84.65 W, 68, 0x0000000000000400
2026/09/19 20:29:11.764, 2940 MHz, 14301 MHz, 98 %, 84.63 W, 68, 0x0000000000000400
2026/09/19 20:29:12.269, 2940 MHz, 14301 MHz, 99 %, 84.62 W, 68, 0x0000000000000400
2026/09/19 20:29:12.773, 2940 MHz, 14301 MHz, 99 %, 84.86 W, 68, 0x0000000000000400
2026/09/19 20:29:13.273, 2902 MHz, 14301 MHz, 98 %, 84.04 W, 68, 0x0000000000000400
2026/09/19 20:29:13.775, 2940 MHz, 14301 MHz, 98 %, 84.08 W, 68, 0x0000000000000400
2026/09/19 20:29:14.291, 2940 MHz, 14301 MHz, 99 %, 84.81 W, 68, 0x0000000000000400
2026/09/19 20:29:14.793, 2940 MHz, 14301 MHz, 99 %, 84.66 W, 68, 0x0000000000000400
2026/09/19 20:29:15.297, 2940 MHz, 14301 MHz, 98 %, 84.84 W, 68, 0x0000000000000400
2026/09/19 20:29:15.799, 2940 MHz, 14301 MHz, 99 %, 85.15 W, 68, 0x0000000000000400
2026/09/19 20:29:16.301, 2940 MHz, 14301 MHz, 98 %, 84.96 W, 68, 0x0000000000000400
2026/09/19 20:29:16.803, 2940 MHz, 14301 MHz, 99 %, 84.86 W, 68, 0x0000000000000400
2026/09/19 20:29:17.310, 2947 MHz, 14301 MHz, 98 %, 84.97 W, 68, 0x0000000000000400
2026/09/19 20:29:17.815, 2940 MHz, 14301 MHz, 99 %, 84.98 W, 68, 0x0000000000000400
2026/09/19 20:29:18.318, 2940 MHz, 14301 MHz, 99 %, 85.01 W, 68, 0x0000000000000400
2026/09/19 20:29:18.818, 2940 MHz, 14301 MHz, 99 %, 85.11 W, 68, 0x0000000000000400
2026/09/19 20:29:19.333, 2940 MHz, 14301 MHz, 98 %, 85.23 W, 68, 0x0000000000000400
2026/09/19 20:29:19.849, 2940 MHz, 14301 MHz, 99 %, 85.31 W, 68, 0x0000000000000400
2026/09/19 20:29:20.350, 2940 MHz, 14301 MHz, 99 %, 85.33 W, 68, 0x0000000000000400
2026/09/19 20:29:20.852, 2940 MHz, 14301 MHz, 99 %, 85.19 W, 68, 0x0000000000000400
2026/09/19 20:29:21.354, 2917 MHz, 14301 MHz, 98 %, 84.59 W, 68, 0x0000000000000400
2026/09/19 20:29:21.868, 2940 MHz, 14301 MHz, 98 %, 84.73 W, 68, 0x0000000000000400
2026/09/19 20:29:22.369, 2940 MHz, 14301 MHz, 98 %, 85.46 W, 68, 0x0000000000000400
2026/09/19 20:29:22.875, 2940 MHz, 14301 MHz, 99 %, 85.39 W, 68, 0x0000000000000400
2026/09/19 20:29:23.376, 2940 MHz, 14301 MHz, 98 %, 85.18 W, 69, 0x0000000000000400
2026/09/19 20:29:23.881, 2940 MHz, 14301 MHz, 98 %, 85.08 W, 68, 0x0000000000000400
2026/09/19 20:29:24.395, 2940 MHz, 14301 MHz, 98 %, 85.33 W, 68, 0x0000000000000400
2026/09/19 20:29:24.910, 2940 MHz, 14301 MHz, 98 %, 85.27 W, 68, 0x0000000000000400
2026/09/19 20:29:25.411, 2940 MHz, 14301 MHz, 98 %, 85.29 W, 68, 0x0000000000000400
2026/09/19 20:29:25.916, 2940 MHz, 14301 MHz, 98 %, 85.50 W, 68, 0x0000000000000400
2026/09/19 20:29:26.417, 2947 MHz, 14301 MHz, 99 %, 85.24 W, 68, 0x0000000000000400
2026/09/19 20:29:26.931, 2940 MHz, 14301 MHz, 98 %, 85.07 W, 68, 0x0000000000000400
2026/09/19 20:29:27.432, 2940 MHz, 14301 MHz, 99 %, 85.06 W, 68, 0x0000000000000400
2026/09/19 20:29:27.939, 2940 MHz, 14301 MHz, 98 %, 85.41 W, 68, 0x0000000000000400
2026/09/19 20:29:28.441, 2940 MHz, 14301 MHz, 98 %, 85.64 W, 68, 0x0000000000000400
2026/09/19 20:29:28.944, 2940 MHz, 14301 MHz, 98 %, 85.65 W, 68, 0x0000000000000400
2026/09/19 20:29:29.449, 2940 MHz, 14301 MHz, 99 %, 85.45 W, 68, 0x0000000000000400
2026/09/19 20:29:29.962, 2940 MHz, 14301 MHz, 98 %, 85.32 W, 68, 0x0000000000000400
2026/09/19 20:29:30.475, 2940 MHz, 14301 MHz, 98 %, 85.29 W, 68, 0x0000000000000400
2026/09/19 20:29:30.979, 2940 MHz, 14301 MHz, 98 %, 85.36 W, 68, 0x0000000000000400
2026/09/19 20:29:31.482, 2940 MHz, 14301 MHz, 98 %, 85.56 W, 68, 0x0000000000000400
2026/09/19 20:29:31.982, 2940 MHz, 14301 MHz, 98 %, 85.64 W, 68, 0x0000000000000400
2026/09/19 20:29:32.483, 2940 MHz, 14301 MHz, 99 %, 85.57 W, 68, 0x0000000000000400
2026/09/19 20:29:32.986, 2940 MHz, 14301 MHz, 99 %, 85.41 W, 68, 0x0000000000000400
2026/09/19 20:29:33.500, 2940 MHz, 14301 MHz, 99 %, 85.35 W, 68, 0x0000000000000400
2026/09/19 20:29:34.002, 2940 MHz, 14301 MHz, 99 %, 85.47 W, 68, 0x0000000000000400
2026/09/19 20:29:34.506, 2940 MHz, 14301 MHz, 98 %, 85.49 W, 68, 0x0000000000000400
2026/09/19 20:29:35.010, 2940 MHz, 14301 MHz, 98 %, 85.54 W, 69, 0x0000000000000400
2026/09/19 20:29:35.525, 2932 MHz, 14301 MHz, 99 %, 84.66 W, 68, 0x0000000000000400
2026/09/19 20:29:36.026, 2940 MHz, 14301 MHz, 98 %, 84.46 W, 69, 0x0000000000000400
2026/09/19 20:29:36.529, 2940 MHz, 14301 MHz, 98 %, 85.32 W, 68, 0x0000000000000400
2026/09/19 20:29:37.043, 2940 MHz, 14301 MHz, 98 %, 85.62 W, 68, 0x0000000000000400
2026/09/19 20:29:37.546, 2940 MHz, 14301 MHz, 99 %, 85.70 W, 69, 0x0000000000000400
2026/09/19 20:29:38.049, 2940 MHz, 14301 MHz, 98 %, 85.65 W, 68, 0x0000000000000400
2026/09/19 20:29:38.552, 2940 MHz, 14301 MHz, 98 %, 85.55 W, 68, 0x0000000000000400
2026/09/19 20:29:39.064, 2940 MHz, 14301 MHz, 98 %, 85.50 W, 68, 0x0000000000000400
2026/09/19 20:29:39.569, 2940 MHz, 14301 MHz, 99 %, 85.28 W, 68, 0x0000000000000400
2026/09/19 20:29:40.070, 2940 MHz, 14301 MHz, 98 %, 85.36 W, 69, 0x0000000000000400
2026/09/19 20:29:40.572, 2940 MHz, 14301 MHz, 99 %, 85.42 W, 68, 0x0000000000000400
2026/09/19 20:29:41.087, 2940 MHz, 14301 MHz, 99 %, 85.39 W, 68, 0x0000000000000400
2026/09/19 20:29:41.593, 2940 MHz, 14301 MHz, 99 %, 85.42 W, 68, 0x0000000000000400
2026/09/19 20:29:42.096, 2940 MHz, 14301 MHz, 99 %, 85.21 W, 68, 0x0000000000000400
2026/09/19 20:29:42.598, 2940 MHz, 14301 MHz, 98 %, 85.23 W, 68, 0x0000000000000400
2026/09/19 20:29:43.105, 2940 MHz, 14301 MHz, 98 %, 84.66 W, 68, 0x0000000000000400
2026/09/19 20:29:43.607, 2940 MHz, 14301 MHz, 99 %, 85.48 W, 68, 0x0000000000000400
2026/09/19 20:29:44.110, 2940 MHz, 14301 MHz, 99 %, 85.53 W, 68, 0x0000000000000400
2026/09/19 20:29:44.613, 2940 MHz, 14301 MHz, 98 %, 85.55 W, 68, 0x0000000000000400
2026/09/19 20:29:45.117, 2940 MHz, 14301 MHz, 98 %, 85.35 W, 68, 0x0000000000000400
2026/09/19 20:29:45.620, 2940 MHz, 14301 MHz, 99 %, 85.48 W, 68, 0x0000000000000400
2026/09/19 20:29:46.124, 2940 MHz, 14301 MHz, 98 %, 85.73 W, 68, 0x0000000000000400
2026/09/19 20:29:46.625, 2940 MHz, 14301 MHz, 99 %, 85.71 W, 68, 0x0000000000000400
2026/09/19 20:29:47.130, 2940 MHz, 14301 MHz, 98 %, 85.71 W, 68, 0x0000000000000400
2026/09/19 20:29:47.632, 2940 MHz, 14301 MHz, 98 %, 85.67 W, 68, 0x0000000000000400
2026/09/19 20:29:48.133, 2940 MHz, 14301 MHz, 98 %, 85.54 W, 68, 0x0000000000000400
2026/09/19 20:29:48.636, 2940 MHz, 14301 MHz, 99 %, 85.67 W, 68, 0x0000000000000400
2026/09/19 20:29:49.140, 2940 MHz, 14301 MHz, 98 %, 85.66 W, 68, 0x0000000000000400
2026/09/19 20:29:49.646, 2940 MHz, 14301 MHz, 98 %, 85.67 W, 68, 0x0000000000000400
2026/09/19 20:29:50.162, 2940 MHz, 14301 MHz, 87 %, 85.08 W, 68, 0x0000000000000400
2026/09/19 20:29:50.675, 2940 MHz, 14301 MHz, 98 %, 85.04 W, 68, 0x0000000000000400
2026/09/19 20:29:51.176, 2940 MHz, 14301 MHz, 98 %, 85.24 W, 68, 0x0000000000000400
2026/09/19 20:29:51.688, 2940 MHz, 14301 MHz, 98 %, 85.66 W, 68, 0x0000000000000400
2026/09/19 20:29:52.191, 2940 MHz, 14301 MHz, 98 %, 85.80 W, 68, 0x0000000000000400
2026/09/19 20:29:52.692, 2940 MHz, 14301 MHz, 98 %, 85.97 W, 68, 0x0000000000000400
2026/09/19 20:29:53.199, 2940 MHz, 14301 MHz, 98 %, 85.89 W, 68, 0x0000000000000400
2026/09/19 20:29:53.700, 2940 MHz, 14301 MHz, 99 %, 85.52 W, 68, 0x0000000000000400
2026/09/19 20:29:54.216, 2940 MHz, 14301 MHz, 98 %, 85.23 W, 68, 0x0000000000000400
2026/09/19 20:29:54.730, 2940 MHz, 14301 MHz, 98 %, 85.17 W, 68, 0x0000000000000400
2026/09/19 20:29:55.236, 2940 MHz, 14301 MHz, 98 %, 85.35 W, 68, 0x0000000000000400
2026/09/19 20:29:55.744, 2940 MHz, 14301 MHz, 98 %, 85.46 W, 68, 0x0000000000000400
2026/09/19 20:29:56.248, 2940 MHz, 14301 MHz, 99 %, 85.50 W, 68, 0x0000000000000400
2026/09/19 20:29:56.750, 2940 MHz, 14301 MHz, 98 %, 85.37 W, 68, 0x0000000000000400
2026/09/19 20:29:57.263, 2940 MHz, 14301 MHz, 98 %, 85.12 W, 68, 0x0000000000000400
2026/09/19 20:29:57.768, 2940 MHz, 14301 MHz, 99 %, 85.39 W, 68, 0x0000000000000400
2026/09/19 20:29:58.273, 2940 MHz, 14301 MHz, 98 %, 84.59 W, 68, 0x0000000000000400
2026/09/19 20:29:58.788, 2940 MHz, 14301 MHz, 99 %, 84.63 W, 68, 0x0000000000000400
2026/09/19 20:29:59.302, 2940 MHz, 14301 MHz, 99 %, 85.56 W, 68, 0x0000000000000400
2026/09/19 20:29:59.803, 2940 MHz, 14301 MHz, 98 %, 85.34 W, 68, 0x0000000000000400
2026/09/19 20:30:00.305, 2940 MHz, 14301 MHz, 99 %, 85.10 W, 68, 0x0000000000000400
2026/09/19 20:30:00.809, 2940 MHz, 14301 MHz, 99 %, 85.03 W, 68, 0x0000000000000400
2026/09/19 20:30:01.324, 2940 MHz, 14301 MHz, 98 %, 85.15 W, 68, 0x0000000000000400
2026/09/19 20:30:01.826, 2940 MHz, 14301 MHz, 99 %, 85.41 W, 68, 0x0000000000000400
2026/09/19 20:30:02.328, 2940 MHz, 14301 MHz, 98 %, 85.40 W, 68, 0x0000000000000400
2026/09/19 20:30:02.832, 2940 MHz, 14301 MHz, 99 %, 85.38 W, 68, 0x0000000000000400
2026/09/19 20:30:03.336, 2940 MHz, 14301 MHz, 99 %, 85.36 W, 68, 0x0000000000000400
2026/09/19 20:30:03.852, 2947 MHz, 14301 MHz, 99 %, 85.40 W, 68, 0x0000000000000400
2026/09/19 20:30:04.353, 2940 MHz, 14301 MHz, 99 %, 85.45 W, 68, 0x0000000000000400
2026/09/19 20:30:04.857, 2940 MHz, 14301 MHz, 99 %, 85.68 W, 68, 0x0000000000000400
2026/09/19 20:30:05.360, 2940 MHz, 14301 MHz, 99 %, 85.67 W, 68, 0x0000000000000400
2026/09/19 20:30:05.861, 2940 MHz, 14301 MHz, 98 %, 84.92 W, 68, 0x0000000000000400
2026/09/19 20:30:06.362, 2940 MHz, 14301 MHz, 99 %, 84.64 W, 68, 0x0000000000000400
2026/09/19 20:30:06.876, 2940 MHz, 14301 MHz, 98 %, 85.32 W, 68, 0x0000000000000400
2026/09/19 20:30:07.383, 2940 MHz, 14301 MHz, 99 %, 85.54 W, 68, 0x0000000000000400
2026/09/19 20:30:07.889, 2940 MHz, 14301 MHz, 98 %, 85.62 W, 68, 0x0000000000000400
2026/09/19 20:30:08.389, 2940 MHz, 14301 MHz, 99 %, 85.54 W, 68, 0x0000000000000400
2026/09/19 20:30:08.904, 2940 MHz, 14301 MHz, 99 %, 85.49 W, 68, 0x0000000000000400
2026/09/19 20:30:09.405, 2940 MHz, 14301 MHz, 99 %, 85.30 W, 68, 0x0000000000000400
2026/09/19 20:30:09.908, 2940 MHz, 14301 MHz, 99 %, 85.18 W, 68, 0x0000000000000400
2026/09/19 20:30:10.410, 2940 MHz, 14301 MHz, 99 %, 85.41 W, 68, 0x0000000000000400
2026/09/19 20:30:10.911, 2940 MHz, 14301 MHz, 98 %, 85.47 W, 68, 0x0000000000000400
2026/09/19 20:30:11.427, 2940 MHz, 14301 MHz, 98 %, 85.57 W, 68, 0x0000000000000400
2026/09/19 20:30:11.930, 2940 MHz, 14301 MHz, 98 %, 85.60 W, 68, 0x0000000000000400
2026/09/19 20:30:12.436, 2940 MHz, 14301 MHz, 98 %, 85.43 W, 68, 0x0000000000000400
2026/09/19 20:30:12.938, 2940 MHz, 14301 MHz, 98 %, 85.47 W, 68, 0x0000000000000400
2026/09/19 20:30:13.440, 2940 MHz, 14301 MHz, 80 %, 84.93 W, 68, 0x0000000000000400
2026/09/19 20:30:13.954, 2940 MHz, 14301 MHz, 98 %, 85.10 W, 68, 0x0000000000000400
2026/09/19 20:30:14.458, 2940 MHz, 14301 MHz, 98 %, 85.16 W, 69, 0x0000000000000400
2026/09/19 20:30:14.959, 2940 MHz, 14301 MHz, 99 %, 85.57 W, 68, 0x0000000000000400
2026/09/19 20:30:15.461, 2940 MHz, 14301 MHz, 99 %, 85.42 W, 68, 0x0000000000000400
2026/09/19 20:30:15.976, 2940 MHz, 14301 MHz, 98 %, 85.39 W, 68, 0x0000000000000400
2026/09/19 20:30:16.479, 2940 MHz, 14301 MHz, 98 %, 85.32 W, 68, 0x0000000000000400
2026/09/19 20:30:16.980, 2940 MHz, 14301 MHz, 99 %, 85.48 W, 68, 0x0000000000000400
2026/09/19 20:30:17.484, 2940 MHz, 14301 MHz, 98 %, 85.63 W, 68, 0x0000000000000400
2026/09/19 20:30:17.986, 2940 MHz, 14301 MHz, 99 %, 85.56 W, 68, 0x0000000000000400
2026/09/19 20:30:18.488, 2940 MHz, 14301 MHz, 98 %, 85.41 W, 68, 0x0000000000000400
2026/09/19 20:30:18.993, 2940 MHz, 14301 MHz, 99 %, 85.40 W, 68, 0x0000000000000400
2026/09/19 20:30:19.494, 2940 MHz, 14301 MHz, 99 %, 85.49 W, 68, 0x0000000000000400
2026/09/19 20:30:20.000, 2940 MHz, 14301 MHz, 99 %, 85.58 W, 68, 0x0000000000000400
2026/09/19 20:30:20.505, 2940 MHz, 14301 MHz, 98 %, 85.61 W, 69, 0x0000000000000400
2026/09/19 20:30:21.011, 2940 MHz, 14301 MHz, 98 %, 85.62 W, 69, 0x0000000000000400
2026/09/19 20:30:21.517, 2895 MHz, 14301 MHz, 98 %, 84.18 W, 68, 0x0000000000000400
2026/09/19 20:30:22.033, 2940 MHz, 14301 MHz, 98 %, 84.10 W, 68, 0x0000000000000400
2026/09/19 20:30:22.537, 2940 MHz, 14301 MHz, 99 %, 85.51 W, 68, 0x0000000000000400
2026/09/19 20:30:23.050, 2940 MHz, 14301 MHz, 98 %, 85.67 W, 68, 0x0000000000000400
2026/09/19 20:30:23.564, 2940 MHz, 14301 MHz, 98 %, 85.69 W, 68, 0x0000000000000400
2026/09/19 20:30:24.069, 2940 MHz, 14301 MHz, 98 %, 85.70 W, 68, 0x0000000000000400
2026/09/19 20:30:24.576, 2940 MHz, 14301 MHz, 99 %, 85.40 W, 68, 0x0000000000000400
2026/09/19 20:30:25.077, 2940 MHz, 14301 MHz, 98 %, 85.19 W, 68, 0x0000000000000400
2026/09/19 20:30:25.583, 2940 MHz, 14301 MHz, 99 %, 85.33 W, 68, 0x0000000000000400
2026/09/19 20:30:26.102, 2940 MHz, 14301 MHz, 98 %, 85.43 W, 68, 0x0000000000000400
2026/09/19 20:30:26.604, 2940 MHz, 14301 MHz, 99 %, 85.47 W, 68, 0x0000000000000400
2026/09/19 20:30:27.106, 2940 MHz, 14301 MHz, 98 %, 85.50 W, 68, 0x0000000000000400
2026/09/19 20:30:27.612, 2940 MHz, 14301 MHz, 99 %, 85.20 W, 68, 0x0000000000000400
2026/09/19 20:30:28.120, 2940 MHz, 14301 MHz, 98 %, 85.11 W, 68, 0x0000000000000400
2026/09/19 20:30:28.626, 2940 MHz, 14301 MHz, 95 %, 85.27 W, 68, 0x0000000000000400
2026/09/19 20:30:29.128, 2940 MHz, 14301 MHz, 99 %, 84.38 W, 68, 0x0000000000000400
2026/09/19 20:30:29.629, 2940 MHz, 14301 MHz, 99 %, 84.51 W, 68, 0x0000000000000400
2026/09/19 20:30:30.144, 2940 MHz, 14301 MHz, 99 %, 85.20 W, 68, 0x0000000000000400
2026/09/19 20:30:30.646, 2940 MHz, 14301 MHz, 98 %, 84.95 W, 68, 0x0000000000000400
2026/09/19 20:30:31.159, 2940 MHz, 14301 MHz, 99 %, 85.10 W, 68, 0x0000000000000400
2026/09/19 20:30:31.662, 2940 MHz, 14301 MHz, 98 %, 85.26 W, 68, 0x0000000000000400
2026/09/19 20:30:32.167, 2940 MHz, 14301 MHz, 99 %, 85.27 W, 68, 0x0000000000000400
2026/09/19 20:30:32.669, 2940 MHz, 14301 MHz, 99 %, 85.23 W, 68, 0x0000000000000400
2026/09/19 20:30:33.171, 2940 MHz, 14301 MHz, 99 %, 85.20 W, 68, 0x0000000000000400
2026/09/19 20:30:33.687, 2940 MHz, 14301 MHz, 99 %, 85.21 W, 68, 0x0000000000000400
2026/09/19 20:30:34.187, 2940 MHz, 14301 MHz, 98 %, 85.19 W, 68, 0x0000000000000400
2026/09/19 20:30:34.688, 2940 MHz, 14301 MHz, 98 %, 85.21 W, 68, 0x0000000000000400
2026/09/19 20:30:35.189, 2940 MHz, 14301 MHz, 98 %, 85.34 W, 68, 0x0000000000000400
2026/09/19 20:30:35.694, 2940 MHz, 14301 MHz, 98 %, 85.51 W, 68, 0x0000000000000400
2026/09/19 20:30:36.208, 2940 MHz, 14301 MHz, 98 %, 85.38 W, 68, 0x0000000000000400
2026/09/19 20:30:36.711, 2940 MHz, 14301 MHz, 98 %, 84.95 W, 68, 0x0000000000000400
2026/09/19 20:30:37.216, 2940 MHz, 14301 MHz, 99 %, 84.80 W, 68, 0x0000000000000400
2026/09/19 20:30:37.718, 2940 MHz, 14301 MHz, 98 %, 85.26 W, 68, 0x0000000000000400
2026/09/19 20:30:38.220, 2940 MHz, 14301 MHz, 99 %, 85.57 W, 68, 0x0000000000000400
2026/09/19 20:30:38.724, 2940 MHz, 14301 MHz, 99 %, 85.62 W, 68, 0x0000000000000400
2026/09/19 20:30:39.231, 2940 MHz, 14301 MHz, 98 %, 85.56 W, 68, 0x0000000000000400
2026/09/19 20:30:39.733, 2940 MHz, 14301 MHz, 98 %, 85.25 W, 68, 0x0000000000000400
2026/09/19 20:30:40.248, 2940 MHz, 14301 MHz, 98 %, 85.24 W, 68, 0x0000000000000400
2026/09/19 20:30:40.762, 2925 MHz, 14301 MHz, 97 %, 84.58 W, 68, 0x0000000000000400
2026/09/19 20:30:41.263, 2940 MHz, 14301 MHz, 98 %, 84.61 W, 68, 0x0000000000000400
2026/09/19 20:30:41.779, 2940 MHz, 14301 MHz, 98 %, 85.45 W, 68, 0x0000000000000400
2026/09/19 20:30:42.292, 2940 MHz, 14301 MHz, 99 %, 85.39 W, 68, 0x0000000000000400
2026/09/19 20:30:42.794, 2940 MHz, 14301 MHz, 99 %, 85.27 W, 68, 0x0000000000000400
2026/09/19 20:30:43.296, 2940 MHz, 14301 MHz, 98 %, 85.09 W, 68, 0x0000000000000400
2026/09/19 20:30:43.813, 2940 MHz, 14301 MHz, 99 %, 85.30 W, 68, 0x0000000000000400
2026/09/19 20:30:44.328, 2940 MHz, 14301 MHz, 98 %, 85.32 W, 68, 0x0000000000000400
2026/09/19 20:30:44.832, 2940 MHz, 14301 MHz, 99 %, 85.19 W, 68, 0x0000000000000400
2026/09/19 20:30:45.343, 2940 MHz, 14301 MHz, 99 %, 85.08 W, 68, 0x0000000000000400
2026/09/19 20:30:45.856, 2940 MHz, 14301 MHz, 99 %, 84.95 W, 68, 0x0000000000000400
2026/09/19 20:30:46.362, 2940 MHz, 14301 MHz, 99 %, 85.12 W, 68, 0x0000000000000400
2026/09/19 20:30:46.865, 2940 MHz, 14301 MHz, 99 %, 85.05 W, 69, 0x0000000000000400
2026/09/19 20:30:47.367, 2940 MHz, 14301 MHz, 98 %, 85.24 W, 68, 0x0000000000000400
2026/09/19 20:30:47.871, 2940 MHz, 14301 MHz, 98 %, 85.26 W, 68, 0x0000000000000400
2026/09/19 20:30:48.372, 2940 MHz, 14301 MHz, 99 %, 85.19 W, 68, 0x0000000000000400
2026/09/19 20:30:48.887, 2940 MHz, 14301 MHz, 99 %, 84.52 W, 68, 0x0000000000000400
2026/09/19 20:30:49.392, 2940 MHz, 14301 MHz, 99 %, 84.49 W, 68, 0x0000000000000400
2026/09/19 20:30:49.907, 2940 MHz, 14301 MHz, 98 %, 85.23 W, 68, 0x0000000000000400
2026/09/19 20:30:50.422, 2940 MHz, 14301 MHz, 98 %, 85.35 W, 68, 0x0000000000000400
2026/09/19 20:30:50.926, 2940 MHz, 14301 MHz, 99 %, 85.32 W, 68, 0x0000000000000400
2026/09/19 20:30:51.429, 2940 MHz, 14301 MHz, 98 %, 85.24 W, 68, 0x0000000000000400
2026/09/19 20:30:51.930, 2940 MHz, 14301 MHz, 98 %, 85.29 W, 68, 0x0000000000000400
2026/09/19 20:30:52.432, 2940 MHz, 14301 MHz, 99 %, 85.09 W, 68, 0x0000000000000400
2026/09/19 20:30:52.933, 2940 MHz, 14301 MHz, 98 %, 85.16 W, 68, 0x0000000000000400
2026/09/19 20:30:53.437, 2940 MHz, 14301 MHz, 99 %, 85.23 W, 68, 0x0000000000000400
2026/09/19 20:30:53.937, 2940 MHz, 14301 MHz, 98 %, 85.44 W, 68, 0x0000000000000400
2026/09/19 20:30:54.446, 2940 MHz, 14301 MHz, 98 %, 85.46 W, 68, 0x0000000000000400
2026/09/19 20:30:54.949, 2940 MHz, 14301 MHz, 98 %, 85.23 W, 68, 0x0000000000000400
2026/09/19 20:30:55.452, 2940 MHz, 14301 MHz, 99 %, 85.19 W, 68, 0x0000000000000400
2026/09/19 20:30:55.968, 2940 MHz, 14301 MHz, 99 %, 85.14 W, 68, 0x0000000000000400
2026/09/19 20:30:56.469, 2910 MHz, 14301 MHz, 98 %, 84.23 W, 68, 0x0000000000000400
2026/09/19 20:30:56.973, 2940 MHz, 14301 MHz, 98 %, 84.46 W, 68, 0x0000000000000400
2026/09/19 20:30:57.475, 2940 MHz, 14301 MHz, 99 %, 85.27 W, 68, 0x0000000000000400
2026/09/19 20:30:57.977, 2940 MHz, 14301 MHz, 99 %, 85.24 W, 68, 0x0000000000000400
2026/09/19 20:30:58.481, 2940 MHz, 14301 MHz, 98 %, 85.00 W, 68, 0x0000000000000400
2026/09/19 20:30:58.985, 2940 MHz, 14301 MHz, 99 %, 84.98 W, 68, 0x0000000000000400
2026/09/19 20:30:59.500, 2940 MHz, 14301 MHz, 98 %, 85.21 W, 69, 0x0000000000000400
2026/09/19 20:31:00.015, 2940 MHz, 14301 MHz, 98 %, 85.39 W, 68, 0x0000000000000400
2026/09/19 20:31:00.519, 2940 MHz, 14301 MHz, 98 %, 85.49 W, 68, 0x0000000000000400
2026/09/19 20:31:01.021, 2940 MHz, 14301 MHz, 99 %, 85.25 W, 68, 0x0000000000000400
2026/09/19 20:31:01.524, 2947 MHz, 14301 MHz, 98 %, 85.02 W, 68, 0x0000000000000400
2026/09/19 20:31:02.025, 2940 MHz, 14301 MHz, 99 %, 85.10 W, 68, 0x0000000000000400
2026/09/19 20:31:02.527, 2940 MHz, 14301 MHz, 99 %, 85.18 W, 68, 0x0000000000000400
2026/09/19 20:31:03.042, 2940 MHz, 14301 MHz, 99 %, 85.38 W, 68, 0x0000000000000400
2026/09/19 20:31:03.556, 2940 MHz, 14301 MHz, 98 %, 85.47 W, 68, 0x0000000000000400
2026/09/19 20:31:04.057, 2940 MHz, 14301 MHz, 99 %, 85.33 W, 68, 0x0000000000000400
2026/09/19 20:31:04.571, 2940 MHz, 14301 MHz, 98 %, 84.43 W, 68, 0x0000000000000400
2026/09/19 20:31:05.076, 2940 MHz, 14301 MHz, 99 %, 84.24 W, 68, 0x0000000000000400
2026/09/19 20:31:05.579, 2940 MHz, 14301 MHz, 98 %, 85.01 W, 68, 0x0000000000000400
2026/09/19 20:31:06.084, 2940 MHz, 14301 MHz, 99 %, 85.03 W, 68, 0x0000000000000400
2026/09/19 20:31:06.587, 2940 MHz, 14301 MHz, 98 %, 85.18 W, 68, 0x0000000000000400
2026/09/19 20:31:07.090, 2940 MHz, 14301 MHz, 98 %, 85.23 W, 68, 0x0000000000000400
2026/09/19 20:31:07.605, 2940 MHz, 14301 MHz, 99 %, 85.09 W, 68, 0x0000000000000400
2026/09/19 20:31:08.106, 2940 MHz, 14301 MHz, 99 %, 84.97 W, 68, 0x0000000000000400
2026/09/19 20:31:08.618, 2940 MHz, 14301 MHz, 99 %, 85.00 W, 68, 0x0000000000000400
2026/09/19 20:31:09.120, 2940 MHz, 14301 MHz, 98 %, 85.16 W, 68, 0x0000000000000400
2026/09/19 20:31:09.624, 2940 MHz, 14301 MHz, 98 %, 84.96 W, 68, 0x0000000000000400
2026/09/19 20:31:10.129, 2940 MHz, 14301 MHz, 98 %, 84.63 W, 68, 0x0000000000000400
2026/09/19 20:31:10.632, 2947 MHz, 14301 MHz, 99 %, 84.47 W, 68, 0x0000000000000400
2026/09/19 20:31:11.147, 2940 MHz, 14301 MHz, 98 %, 84.60 W, 68, 0x0000000000000400
2026/09/19 20:31:11.653, 2940 MHz, 14301 MHz, 99 %, 84.67 W, 68, 0x0000000000000400
2026/09/19 20:31:12.154, 2932 MHz, 14301 MHz, 99 %, 83.65 W, 68, 0x0000000000000400
2026/09/19 20:31:12.656, 2940 MHz, 14301 MHz, 99 %, 83.81 W, 68, 0x0000000000000400
2026/09/19 20:31:13.171, 2940 MHz, 14301 MHz, 98 %, 84.47 W, 68, 0x0000000000000400
2026/09/19 20:31:13.673, 2940 MHz, 14301 MHz, 99 %, 84.27 W, 68, 0x0000000000000400
2026/09/19 20:31:14.175, 2947 MHz, 14301 MHz, 99 %, 84.15 W, 68, 0x0000000000000400
2026/09/19 20:31:14.677, 2940 MHz, 14301 MHz, 99 %, 84.15 W, 68, 0x0000000000000400
2026/09/19 20:31:15.183, 2940 MHz, 14301 MHz, 99 %, 84.46 W, 68, 0x0000000000000400
2026/09/19 20:31:15.688, 2940 MHz, 14301 MHz, 99 %, 84.38 W, 68, 0x0000000000000400
2026/09/19 20:31:16.191, 2940 MHz, 14301 MHz, 98 %, 84.61 W, 68, 0x0000000000000400
2026/09/19 20:31:16.700, 2947 MHz, 14301 MHz, 99 %, 84.43 W, 68, 0x0000000000000400
2026/09/19 20:31:17.206, 2940 MHz, 14301 MHz, 98 %, 84.24 W, 68, 0x0000000000000400
2026/09/19 20:31:17.709, 2947 MHz, 14301 MHz, 99 %, 84.49 W, 68, 0x0000000000000400
2026/09/19 20:31:18.212, 2947 MHz, 14301 MHz, 99 %, 84.73 W, 68, 0x0000000000000400
2026/09/19 20:31:18.717, 2947 MHz, 14301 MHz, 99 %, 84.69 W, 68, 0x0000000000000400
2026/09/19 20:31:19.232, 2940 MHz, 14301 MHz, 98 %, 84.69 W, 68, 0x0000000000000400
2026/09/19 20:31:19.736, 2940 MHz, 14301 MHz, 99 %, 84.62 W, 68, 0x0000000000000400
2026/09/19 20:31:20.240, 2947 MHz, 14301 MHz, 98 %, 84.53 W, 68, 0x0000000000000400
2026/09/19 20:31:20.743, 2940 MHz, 14301 MHz, 97 %, 84.58 W, 68, 0x0000000000000400
2026/09/19 20:31:21.245, 2940 MHz, 14301 MHz, 98 %, 84.01 W, 68, 0x0000000000000400
2026/09/19 20:31:21.747, 2940 MHz, 14301 MHz, 99 %, 83.88 W, 68, 0x0000000000000400
2026/09/19 20:31:22.255, 2940 MHz, 14301 MHz, 98 %, 84.74 W, 69, 0x0000000000000400
2026/09/19 20:31:22.760, 2940 MHz, 14301 MHz, 99 %, 84.90 W, 68, 0x0000000000000400
2026/09/19 20:31:23.263, 2947 MHz, 14301 MHz, 99 %, 84.83 W, 68, 0x0000000000000400
2026/09/19 20:31:23.766, 2940 MHz, 14301 MHz, 98 %, 84.79 W, 68, 0x0000000000000400
2026/09/19 20:31:24.273, 2940 MHz, 14301 MHz, 98 %, 84.94 W, 68, 0x0000000000000400
2026/09/19 20:31:24.776, 2940 MHz, 14301 MHz, 98 %, 85.11 W, 68, 0x0000000000000400
2026/09/19 20:31:25.281, 2940 MHz, 14301 MHz, 99 %, 85.17 W, 68, 0x0000000000000400
2026/09/19 20:31:25.781, 2940 MHz, 14301 MHz, 99 %, 85.07 W, 68, 0x0000000000000400
2026/09/19 20:31:26.297, 2940 MHz, 14301 MHz, 99 %, 84.74 W, 68, 0x0000000000000400
2026/09/19 20:31:26.802, 2940 MHz, 14301 MHz, 99 %, 84.62 W, 68, 0x0000000000000400
2026/09/19 20:31:27.307, 2940 MHz, 14301 MHz, 98 %, 84.72 W, 68, 0x0000000000000400
2026/09/19 20:31:27.810, 2947 MHz, 14301 MHz, 99 %, 84.90 W, 68, 0x0000000000000400
2026/09/19 20:31:28.314, 2940 MHz, 14301 MHz, 98 %, 84.77 W, 68, 0x0000000000000400
2026/09/19 20:31:28.831, 2947 MHz, 14301 MHz, 99 %, 84.73 W, 68, 0x0000000000000400
2026/09/19 20:31:29.332, 2932 MHz, 14301 MHz, 99 %, 83.68 W, 68, 0x0000000000000400
2026/09/19 20:31:29.839, 2940 MHz, 14301 MHz, 98 %, 83.51 W, 68, 0x0000000000000400
2026/09/19 20:31:30.340, 2940 MHz, 14301 MHz, 99 %, 84.62 W, 68, 0x0000000000000400
2026/09/19 20:31:30.855, 2940 MHz, 14301 MHz, 99 %, 84.57 W, 68, 0x0000000000000400
2026/09/19 20:31:31.368, 2940 MHz, 14301 MHz, 99 %, 84.67 W, 68, 0x0000000000000400
2026/09/19 20:31:31.869, 2940 MHz, 14301 MHz, 99 %, 84.60 W, 68, 0x0000000000000400
2026/09/19 20:31:32.373, 2947 MHz, 14301 MHz, 99 %, 84.40 W, 68, 0x0000000000000400
2026/09/19 20:31:32.888, 2947 MHz, 14301 MHz, 99 %, 84.28 W, 68, 0x0000000000000400
2026/09/19 20:31:33.389, 2940 MHz, 14301 MHz, 99 %, 84.31 W, 68, 0x0000000000000400
2026/09/19 20:31:33.891, 2947 MHz, 14301 MHz, 98 %, 84.51 W, 68, 0x0000000000000400
2026/09/19 20:31:34.407, 2940 MHz, 14301 MHz, 98 %, 84.69 W, 68, 0x0000000000000400
2026/09/19 20:31:34.909, 2947 MHz, 14301 MHz, 99 %, 84.65 W, 68, 0x0000000000000400
2026/09/19 20:31:35.411, 2947 MHz, 14301 MHz, 98 %, 84.62 W, 68, 0x0000000000000400
2026/09/19 20:31:35.911, 2940 MHz, 14301 MHz, 98 %, 84.58 W, 68, 0x0000000000000400
2026/09/19 20:31:36.416, 2940 MHz, 14301 MHz, 99 %, 84.60 W, 68, 0x0000000000000400
2026/09/19 20:31:36.919, 2940 MHz, 14301 MHz, 99 %, 84.62 W, 68, 0x0000000000000400
2026/09/19 20:31:37.420, 2940 MHz, 14301 MHz, 98 %, 84.54 W, 68, 0x0000000000000400
2026/09/19 20:31:37.921, 2947 MHz, 14301 MHz, 98 %, 84.42 W, 68, 0x0000000000000400
2026/09/19 20:31:38.427, 2940 MHz, 14301 MHz, 98 %, 84.53 W, 68, 0x0000000000000400
2026/09/19 20:31:38.941, 2940 MHz, 14301 MHz, 99 %, 84.73 W, 68, 0x0000000000000400
2026/09/19 20:31:39.445, 2940 MHz, 14301 MHz, 98 %, 84.66 W, 68, 0x0000000000000400
2026/09/19 20:31:39.951, 2940 MHz, 14301 MHz, 99 %, 84.81 W, 68, 0x0000000000000400
2026/09/19 20:31:40.455, 2947 MHz, 14301 MHz, 99 %, 84.36 W, 68, 0x0000000000000400
2026/09/19 20:31:40.959, 2940 MHz, 14301 MHz, 99 %, 84.32 W, 68, 0x0000000000000400
2026/09/19 20:31:41.465, 2940 MHz, 14301 MHz, 98 %, 84.93 W, 68, 0x0000000000000400
2026/09/19 20:31:41.980, 2940 MHz, 14301 MHz, 98 %, 84.64 W, 68, 0x0000000000000400
2026/09/19 20:31:42.482, 2940 MHz, 14301 MHz, 99 %, 84.51 W, 68, 0x0000000000000400
2026/09/19 20:31:42.986, 2947 MHz, 14301 MHz, 99 %, 84.54 W, 68, 0x0000000000000400
2026/09/19 20:31:43.501, 2940 MHz, 14301 MHz, 98 %, 84.75 W, 68, 0x0000000000000400
2026/09/19 20:31:44.006, 2940 MHz, 14301 MHz, 99 %, 84.78 W, 68, 0x0000000000000400
2026/09/19 20:31:44.522, 2940 MHz, 14301 MHz, 99 %, 84.73 W, 68, 0x0000000000000400
2026/09/19 20:31:45.022, 2940 MHz, 14301 MHz, 98 %, 84.85 W, 68, 0x0000000000000400
2026/09/19 20:31:45.538, 2940 MHz, 14301 MHz, 99 %, 84.57 W, 68, 0x0000000000000400
2026/09/19 20:31:46.052, 2940 MHz, 14301 MHz, 99 %, 84.65 W, 68, 0x0000000000000400
2026/09/19 20:31:46.554, 2940 MHz, 14301 MHz, 99 %, 85.02 W, 68, 0x0000000000000400
2026/09/19 20:31:47.070, 2940 MHz, 14301 MHz, 98 %, 85.07 W, 68, 0x0000000000000400
2026/09/19 20:31:47.571, 2940 MHz, 14301 MHz, 98 %, 84.29 W, 68, 0x0000000000000400
2026/09/19 20:31:48.074, 2940 MHz, 14301 MHz, 99 %, 84.25 W, 68, 0x0000000000000400
2026/09/19 20:31:48.589, 2940 MHz, 14301 MHz, 99 %, 84.89 W, 68, 0x0000000000000400
2026/09/19 20:31:49.103, 2940 MHz, 14301 MHz, 98 %, 85.10 W, 68, 0x0000000000000400
2026/09/19 20:31:49.607, 2947 MHz, 14301 MHz, 98 %, 85.02 W, 68, 0x0000000000000400
2026/09/19 20:31:50.108, 2940 MHz, 14301 MHz, 99 %, 85.22 W, 68, 0x0000000000000400
2026/09/19 20:31:50.623, 2940 MHz, 14301 MHz, 98 %, 85.30 W, 68, 0x0000000000000400
2026/09/19 20:31:51.124, 2940 MHz, 14301 MHz, 98 %, 85.29 W, 68, 0x0000000000000400
2026/09/19 20:31:51.639, 2940 MHz, 14301 MHz, 99 %, 85.15 W, 68, 0x0000000000000400
2026/09/19 20:31:52.144, 2940 MHz, 14301 MHz, 98 %, 85.17 W, 68, 0x0000000000000400
2026/09/19 20:31:52.650, 2940 MHz, 14301 MHz, 99 %, 85.37 W, 68, 0x0000000000000400
2026/09/19 20:31:53.153, 2940 MHz, 14301 MHz, 99 %, 85.37 W, 68, 0x0000000000000400
2026/09/19 20:31:53.653, 2940 MHz, 14301 MHz, 99 %, 85.31 W, 68, 0x0000000000000400
2026/09/19 20:31:54.157, 2940 MHz, 14301 MHz, 98 %, 85.46 W, 68, 0x0000000000000400
2026/09/19 20:31:54.664, 2940 MHz, 14301 MHz, 82 %, 84.81 W, 68, 0x0000000000000400
2026/09/19 20:31:55.169, 2940 MHz, 14301 MHz, 99 %, 84.78 W, 68, 0x0000000000000400
2026/09/19 20:31:55.685, 2940 MHz, 14301 MHz, 99 %, 85.52 W, 68, 0x0000000000000400
2026/09/19 20:31:56.190, 2940 MHz, 14301 MHz, 98 %, 85.58 W, 68, 0x0000000000000400
2026/09/19 20:31:56.695, 2940 MHz, 14301 MHz, 98 %, 85.54 W, 68, 0x0000000000000400
2026/09/19 20:31:57.197, 2940 MHz, 14301 MHz, 98 %, 85.33 W, 68, 0x0000000000000400
2026/09/19 20:31:57.703, 2940 MHz, 14301 MHz, 99 %, 85.16 W, 68, 0x0000000000000400
2026/09/19 20:31:58.216, 2940 MHz, 14301 MHz, 98 %, 85.22 W, 68, 0x0000000000000400
2026/09/19 20:31:58.720, 2940 MHz, 14301 MHz, 98 %, 85.28 W, 68, 0x0000000000000400
2026/09/19 20:31:59.222, 2940 MHz, 14301 MHz, 98 %, 85.24 W, 68, 0x0000000000000400
2026/09/19 20:31:59.726, 2940 MHz, 14301 MHz, 98 %, 85.14 W, 68, 0x0000000000000400
2026/09/19 20:32:00.232, 2940 MHz, 14301 MHz, 98 %, 85.05 W, 68, 0x0000000000000400
2026/09/19 20:32:00.735, 2940 MHz, 14301 MHz, 99 %, 84.98 W, 68, 0x0000000000000400
2026/09/19 20:32:01.237, 2940 MHz, 14301 MHz, 99 %, 85.06 W, 68, 0x0000000000000400
2026/09/19 20:32:01.740, 2940 MHz, 14301 MHz, 99 %, 85.09 W, 68, 0x0000000000000400
2026/09/19 20:32:02.254, 2940 MHz, 14301 MHz, 99 %, 85.05 W, 68, 0x0000000000000400
2026/09/19 20:32:02.758, 2940 MHz, 14301 MHz, 98 %, 84.52 W, 68, 0x0000000000000400
2026/09/19 20:32:03.260, 2940 MHz, 14301 MHz, 98 %, 84.37 W, 68, 0x0000000000000400
2026/09/19 20:32:03.764, 2940 MHz, 14301 MHz, 99 %, 84.71 W, 68, 0x0000000000000400
2026/09/19 20:32:04.269, 2940 MHz, 14301 MHz, 99 %, 85.03 W, 68, 0x0000000000000400
2026/09/19 20:32:04.772, 2940 MHz, 14301 MHz, 98 %, 85.25 W, 68, 0x0000000000000400
2026/09/19 20:32:05.274, 2947 MHz, 14301 MHz, 98 %, 85.10 W, 68, 0x0000000000000400
2026/09/19 20:32:05.775, 2940 MHz, 14301 MHz, 99 %, 85.18 W, 68, 0x0000000000000400
2026/09/19 20:32:06.280, 2940 MHz, 14301 MHz, 98 %, 85.20 W, 68, 0x0000000000000400
2026/09/19 20:32:06.784, 2940 MHz, 14301 MHz, 99 %, 85.06 W, 68, 0x0000000000000400
2026/09/19 20:32:07.287, 2940 MHz, 14301 MHz, 99 %, 85.12 W, 68, 0x0000000000000400
2026/09/19 20:32:07.800, 2940 MHz, 14301 MHz, 98 %, 85.23 W, 68, 0x0000000000000400
2026/09/19 20:32:08.302, 2940 MHz, 14301 MHz, 99 %, 85.26 W, 68, 0x0000000000000400
2026/09/19 20:32:08.805, 2940 MHz, 14301 MHz, 99 %, 85.06 W, 68, 0x0000000000000400
2026/09/19 20:32:09.308, 2940 MHz, 14301 MHz, 98 %, 85.14 W, 68, 0x0000000000000400
2026/09/19 20:32:09.810, 2940 MHz, 14301 MHz, 99 %, 85.21 W, 68, 0x0000000000000400
2026/09/19 20:32:10.324, 2940 MHz, 14301 MHz, 98 %, 85.11 W, 68, 0x0000000000000400
2026/09/19 20:32:10.837, 2940 MHz, 14301 MHz, 98 %, 84.66 W, 68, 0x0000000000000400
2026/09/19 20:32:11.337, 2940 MHz, 14301 MHz, 99 %, 84.65 W, 68, 0x0000000000000400
2026/09/19 20:32:11.843, 2940 MHz, 14301 MHz, 98 %, 85.32 W, 68, 0x0000000000000400
2026/09/19 20:32:12.359, 2940 MHz, 14301 MHz, 98 %, 85.38 W, 68, 0x0000000000000400
2026/09/19 20:32:12.862, 2940 MHz, 14301 MHz, 99 %, 85.24 W, 68, 0x0000000000000400
2026/09/19 20:32:13.365, 2940 MHz, 14301 MHz, 98 %, 85.11 W, 68, 0x0000000000000400
2026/09/19 20:32:13.879, 2940 MHz, 14301 MHz, 98 %, 85.25 W, 68, 0x0000000000000400
2026/09/19 20:32:14.384, 2940 MHz, 14301 MHz, 99 %, 85.36 W, 68, 0x0000000000000400
2026/09/19 20:32:14.886, 2940 MHz, 14301 MHz, 98 %, 85.34 W, 68, 0x0000000000000400
2026/09/19 20:32:15.391, 2940 MHz, 14301 MHz, 99 %, 85.35 W, 68, 0x0000000000000400
2026/09/19 20:32:15.894, 2940 MHz, 14301 MHz, 99 %, 85.23 W, 68, 0x0000000000000400
2026/09/19 20:32:16.398, 2940 MHz, 14301 MHz, 99 %, 85.11 W, 68, 0x0000000000000400
2026/09/19 20:32:16.912, 2940 MHz, 14301 MHz, 98 %, 85.14 W, 68, 0x0000000000000400
2026/09/19 20:32:17.420, 2940 MHz, 14301 MHz, 99 %, 85.25 W, 68, 0x0000000000000400
2026/09/19 20:32:17.921, 2940 MHz, 14301 MHz, 99 %, 85.30 W, 68, 0x0000000000000400
2026/09/19 20:32:18.435, 2932 MHz, 14301 MHz, 98 %, 84.35 W, 68, 0x0000000000000400
2026/09/19 20:32:18.936, 2940 MHz, 14301 MHz, 98 %, 84.27 W, 68, 0x0000000000000400
2026/09/19 20:32:19.437, 2940 MHz, 14301 MHz, 98 %, 84.97 W, 68, 0x0000000000000400
2026/09/19 20:32:19.951, 2940 MHz, 14301 MHz, 98 %, 84.96 W, 68, 0x0000000000000400
2026/09/19 20:32:20.452, 2940 MHz, 14301 MHz, 98 %, 85.04 W, 68, 0x0000000000000400
2026/09/19 20:32:20.958, 2940 MHz, 14301 MHz, 98 %, 85.24 W, 69, 0x0000000000000400
2026/09/19 20:32:21.473, 2940 MHz, 14301 MHz, 99 %, 85.31 W, 68, 0x0000000000000400
2026/09/19 20:32:21.975, 2940 MHz, 14301 MHz, 98 %, 85.15 W, 68, 0x0000000000000400
2026/09/19 20:32:22.479, 2940 MHz, 14301 MHz, 99 %, 84.98 W, 68, 0x0000000000000400
2026/09/19 20:32:22.994, 2940 MHz, 14301 MHz, 99 %, 85.04 W, 68, 0x0000000000000400
2026/09/19 20:32:23.497, 2940 MHz, 14301 MHz, 98 %, 85.26 W, 68, 0x0000000000000400
2026/09/19 20:32:24.012, 2940 MHz, 14301 MHz, 99 %, 85.28 W, 68, 0x0000000000000400
2026/09/19 20:32:24.512, 2940 MHz, 14301 MHz, 98 %, 85.08 W, 68, 0x0000000000000400
2026/09/19 20:32:25.018, 2940 MHz, 14301 MHz, 98 %, 85.02 W, 68, 0x0000000000000400
2026/09/19 20:32:25.533, 2940 MHz, 14301 MHz, 98 %, 85.08 W, 68, 0x0000000000000400
2026/09/19 20:32:26.048, 2940 MHz, 14301 MHz, 99 %, 85.21 W, 68, 0x0000000000000400
2026/09/19 20:32:26.548, 2910 MHz, 14301 MHz, 98 %, 84.18 W, 68, 0x0000000000000400
2026/09/19 20:32:27.055, 2940 MHz, 14301 MHz, 98 %, 84.18 W, 68, 0x0000000000000400
2026/09/19 20:32:27.558, 2940 MHz, 14301 MHz, 99 %, 85.01 W, 68, 0x0000000000000400
2026/09/19 20:32:28.058, 2940 MHz, 14301 MHz, 99 %, 84.85 W, 68, 0x0000000000000400
2026/09/19 20:32:28.564, 2940 MHz, 14301 MHz, 99 %, 84.69 W, 68, 0x0000000000000400
2026/09/19 20:32:29.065, 2940 MHz, 14301 MHz, 98 %, 84.62 W, 68, 0x0000000000000400
2026/09/19 20:32:29.573, 2940 MHz, 14301 MHz, 99 %, 84.84 W, 68, 0x0000000000000400
2026/09/19 20:32:30.088, 2940 MHz, 14301 MHz, 98 %, 84.88 W, 68, 0x0000000000000400
2026/09/19 20:32:30.589, 2940 MHz, 14301 MHz, 98 %, 84.92 W, 68, 0x0000000000000400
2026/09/19 20:32:31.106, 2940 MHz, 14301 MHz, 99 %, 84.80 W, 68, 0x0000000000000400
2026/09/19 20:32:31.608, 2940 MHz, 14301 MHz, 98 %, 84.67 W, 68, 0x0000000000000400
2026/09/19 20:32:32.121, 2940 MHz, 14301 MHz, 98 %, 84.65 W, 68, 0x0000000000000400
2026/09/19 20:32:32.636, 2940 MHz, 14301 MHz, 98 %, 84.90 W, 68, 0x0000000000000400
2026/09/19 20:32:33.138, 2940 MHz, 14301 MHz, 99 %, 84.82 W, 68, 0x0000000000000400
2026/09/19 20:32:33.639, 2940 MHz, 14301 MHz, 99 %, 84.81 W, 68, 0x0000000000000400
2026/09/19 20:32:34.155, 2940 MHz, 14301 MHz, 98 %, 84.78 W, 68, 0x0000000000000400
2026/09/19 20:32:34.670, 2940 MHz, 14301 MHz, 99 %, 84.02 W, 68, 0x0000000000000400
2026/09/19 20:32:35.184, 2940 MHz, 14301 MHz, 99 %, 85.02 W, 68, 0x0000000000000400
2026/09/19 20:32:35.684, 2940 MHz, 14301 MHz, 99 %, 85.24 W, 68, 0x0000000000000400
2026/09/19 20:32:36.200, 2940 MHz, 14301 MHz, 99 %, 85.23 W, 68, 0x0000000000000400
2026/09/19 20:32:36.715, 2940 MHz, 14301 MHz, 99 %, 85.33 W, 68, 0x0000000000000400
2026/09/19 20:32:37.216, 2940 MHz, 14301 MHz, 98 %, 85.38 W, 68, 0x0000000000000400
2026/09/19 20:32:37.718, 2940 MHz, 14301 MHz, 99 %, 85.25 W, 68, 0x0000000000000400
2026/09/19 20:32:38.234, 2940 MHz, 14301 MHz, 98 %, 85.40 W, 68, 0x0000000000000400
2026/09/19 20:32:38.739, 2940 MHz, 14301 MHz, 99 %, 85.56 W, 68, 0x0000000000000400
2026/09/19 20:32:39.251, 2940 MHz, 14301 MHz, 98 %, 85.59 W, 68, 0x0000000000000400
2026/09/19 20:32:39.755, 2940 MHz, 14301 MHz, 99 %, 85.58 W, 68, 0x0000000000000400
2026/09/19 20:32:40.267, 2940 MHz, 14301 MHz, 98 %, 85.42 W, 68, 0x0000000000000400
2026/09/19 20:32:40.771, 2940 MHz, 14301 MHz, 98 %, 85.41 W, 68, 0x0000000000000400
2026/09/19 20:32:41.284, 2940 MHz, 14301 MHz, 99 %, 85.53 W, 68, 0x0000000000000400
2026/09/19 20:32:41.787, 2917 MHz, 14301 MHz, 98 %, 84.85 W, 68, 0x0000000000000400
2026/09/19 20:32:42.291, 2940 MHz, 14301 MHz, 99 %, 84.77 W, 68, 0x0000000000000400
2026/09/19 20:32:42.806, 2940 MHz, 14301 MHz, 99 %, 85.61 W, 68, 0x0000000000000400
2026/09/19 20:32:43.319, 2947 MHz, 14301 MHz, 99 %, 85.37 W, 68, 0x0000000000000400
2026/09/19 20:32:43.823, 2940 MHz, 14301 MHz, 98 %, 85.30 W, 68, 0x0000000000000400
2026/09/19 20:32:44.327, 2940 MHz, 14301 MHz, 99 %, 85.40 W, 68, 0x0000000000000400
2026/09/19 20:32:44.830, 2940 MHz, 14301 MHz, 98 %, 85.32 W, 68, 0x0000000000000400
2026/09/19 20:32:45.335, 2940 MHz, 14301 MHz, 99 %, 85.45 W, 68, 0x0000000000000400
2026/09/19 20:32:45.840, 2940 MHz, 14301 MHz, 98 %, 85.44 W, 68, 0x0000000000000400
2026/09/19 20:32:46.342, 2940 MHz, 14301 MHz, 99 %, 85.30 W, 68, 0x0000000000000400
2026/09/19 20:32:46.847, 2940 MHz, 14301 MHz, 98 %, 85.14 W, 68, 0x0000000000000400
2026/09/19 20:32:47.361, 2940 MHz, 14301 MHz, 99 %, 85.18 W, 68, 0x0000000000000400
2026/09/19 20:32:47.863, 2940 MHz, 14301 MHz, 98 %, 85.26 W, 68, 0x0000000000000400
2026/09/19 20:32:48.364, 2940 MHz, 14301 MHz, 98 %, 85.31 W, 68, 0x0000000000000400
2026/09/19 20:32:48.878, 2940 MHz, 14301 MHz, 98 %, 85.47 W, 68, 0x0000000000000400
2026/09/19 20:32:49.379, 2940 MHz, 14301 MHz, 99 %, 85.23 W, 68, 0x0000000000000400
2026/09/19 20:32:49.883, 2940 MHz, 14301 MHz, 99 %, 84.37 W, 68, 0x0000000000000400
2026/09/19 20:32:50.388, 2940 MHz, 14301 MHz, 99 %, 84.25 W, 68, 0x0000000000000400
2026/09/19 20:32:50.892, 2940 MHz, 14301 MHz, 99 %, 84.97 W, 68, 0x0000000000000400
2026/09/19 20:32:51.393, 2940 MHz, 14301 MHz, 98 %, 85.14 W, 68, 0x0000000000000400
2026/09/19 20:32:51.897, 2940 MHz, 14301 MHz, 99 %, 85.20 W, 68, 0x0000000000000400
2026/09/19 20:32:52.413, 2940 MHz, 14301 MHz, 98 %, 85.19 W, 68, 0x0000000000000400
2026/09/19 20:32:52.929, 2940 MHz, 14301 MHz, 99 %, 85.15 W, 68, 0x0000000000000400
2026/09/19 20:32:53.443, 2940 MHz, 14301 MHz, 98 %, 85.15 W, 68, 0x0000000000000400
2026/09/19 20:32:53.949, 2940 MHz, 14301 MHz, 99 %, 85.15 W, 68, 0x0000000000000400
2026/09/19 20:32:54.451, 2940 MHz, 14301 MHz, 99 %, 85.35 W, 68, 0x0000000000000400
2026/09/19 20:32:54.955, 2940 MHz, 14301 MHz, 98 %, 85.43 W, 68, 0x0000000000000400
2026/09/19 20:32:55.456, 2940 MHz, 14301 MHz, 99 %, 85.38 W, 68, 0x0000000000000400
2026/09/19 20:32:55.957, 2940 MHz, 14301 MHz, 99 %, 85.40 W, 68, 0x0000000000000400
2026/09/19 20:32:56.461, 2940 MHz, 14301 MHz, 99 %, 85.29 W, 68, 0x0000000000000400
2026/09/19 20:32:56.963, 2940 MHz, 14301 MHz, 98 %, 85.37 W, 68, 0x0000000000000400
2026/09/19 20:32:57.475, 2940 MHz, 14301 MHz, 99 %, 85.48 W, 68, 0x0000000000000400
2026/09/19 20:32:57.981, 2925 MHz, 14301 MHz, 99 %, 84.79 W, 68, 0x0000000000000400
2026/09/19 20:32:58.483, 2940 MHz, 14301 MHz, 99 %, 84.71 W, 68, 0x0000000000000400
2026/09/19 20:32:58.985, 2940 MHz, 14301 MHz, 98 %, 85.16 W, 68, 0x0000000000000400
2026/09/19 20:32:59.488, 2940 MHz, 14301 MHz, 99 %, 84.95 W, 68, 0x0000000000000400
2026/09/19 20:32:59.991, 2940 MHz, 14301 MHz, 99 %, 85.04 W, 68, 0x0000000000000400
2026/09/19 20:33:00.493, 2940 MHz, 14301 MHz, 98 %, 85.22 W, 69, 0x0000000000000400
2026/09/19 20:33:01.009, 2940 MHz, 14301 MHz, 98 %, 85.30 W, 68, 0x0000000000000400
2026/09/19 20:33:01.514, 2940 MHz, 14301 MHz, 99 %, 85.19 W, 68, 0x0000000000000400
2026/09/19 20:33:02.030, 2940 MHz, 14301 MHz, 99 %, 85.02 W, 68, 0x0000000000000400
2026/09/19 20:33:02.533, 2940 MHz, 14301 MHz, 98 %, 85.01 W, 68, 0x0000000000000400
2026/09/19 20:33:03.046, 2940 MHz, 14301 MHz, 99 %, 85.16 W, 68, 0x0000000000000400
2026/09/19 20:33:03.550, 2940 MHz, 14301 MHz, 98 %, 85.35 W, 68, 0x0000000000000400
2026/09/19 20:33:04.052, 2940 MHz, 14301 MHz, 99 %, 85.23 W, 68, 0x0000000000000400
2026/09/19 20:33:04.555, 2940 MHz, 14301 MHz, 99 %, 85.13 W, 68, 0x0000000000000400
2026/09/19 20:33:05.060, 2940 MHz, 14301 MHz, 98 %, 85.06 W, 68, 0x0000000000000400
2026/09/19 20:33:05.577, 2940 MHz, 14301 MHz, 98 %, 85.01 W, 68, 0x0000000000000400
2026/09/19 20:33:06.081, 2940 MHz, 14301 MHz, 98 %, 84.64 W, 68, 0x0000000000000400
2026/09/19 20:33:06.594, 2940 MHz, 14301 MHz, 98 %, 84.88 W, 68, 0x0000000000000400
2026/09/19 20:33:07.100, 2940 MHz, 14301 MHz, 98 %, 85.45 W, 68, 0x0000000000000400
2026/09/19 20:33:07.606, 2940 MHz, 14301 MHz, 98 %, 85.38 W, 68, 0x0000000000000400
2026/09/19 20:33:08.121, 2940 MHz, 14301 MHz, 98 %, 85.33 W, 68, 0x0000000000000400
2026/09/19 20:33:08.637, 2940 MHz, 14301 MHz, 98 %, 85.22 W, 68, 0x0000000000000400
2026/09/19 20:33:09.139, 2940 MHz, 14301 MHz, 99 %, 85.34 W, 68, 0x0000000000000400
2026/09/19 20:33:09.642, 2940 MHz, 14301 MHz, 99 %, 85.36 W, 68, 0x0000000000000400
2026/09/19 20:33:10.146, 2940 MHz, 14301 MHz, 99 %, 85.28 W, 68, 0x0000000000000400
2026/09/19 20:33:10.660, 2940 MHz, 14301 MHz, 99 %, 85.39 W, 68, 0x0000000000000400
2026/09/19 20:33:11.175, 2940 MHz, 14301 MHz, 99 %, 85.35 W, 68, 0x0000000000000400
2026/09/19 20:33:11.680, 2940 MHz, 14301 MHz, 99 %, 85.22 W, 68, 0x0000000000000400
2026/09/19 20:33:12.180, 2940 MHz, 14301 MHz, 98 %, 85.29 W, 68, 0x0000000000000400
2026/09/19 20:33:12.685, 2940 MHz, 14301 MHz, 98 %, 85.29 W, 68, 0x0000000000000400
2026/09/19 20:33:13.201, 2925 MHz, 14301 MHz, 98 %, 84.56 W, 68, 0x0000000000000400
2026/09/19 20:33:13.702, 2940 MHz, 14301 MHz, 99 %, 84.31 W, 68, 0x0000000000000400
2026/09/19 20:33:14.219, 2940 MHz, 14301 MHz, 99 %, 84.81 W, 68, 0x0000000000000400
2026/09/19 20:33:14.724, 2940 MHz, 14301 MHz, 99 %, 84.81 W, 68, 0x0000000000000400
2026/09/19 20:33:15.226, 2940 MHz, 14301 MHz, 99 %, 85.14 W, 68, 0x0000000000000400
2026/09/19 20:33:15.738, 2940 MHz, 14301 MHz, 99 %, 85.16 W, 68, 0x0000000000000400
2026/09/19 20:33:16.253, 2940 MHz, 14301 MHz, 98 %, 84.99 W, 68, 0x0000000000000400
2026/09/19 20:33:16.762, 2940 MHz, 14301 MHz, 99 %, 84.83 W, 68, 0x0000000000000400
2026/09/19 20:33:17.266, 2940 MHz, 14301 MHz, 99 %, 84.84 W, 68, 0x0000000000000400
2026/09/19 20:33:17.770, 2940 MHz, 14301 MHz, 98 %, 84.93 W, 68, 0x0000000000000400
2026/09/19 20:33:18.274, 2940 MHz, 14301 MHz, 98 %, 85.04 W, 68, 0x0000000000000400
2026/09/19 20:33:18.781, 2940 MHz, 14301 MHz, 99 %, 85.08 W, 68, 0x0000000000000400
2026/09/19 20:33:19.283, 2940 MHz, 14301 MHz, 98 %, 84.93 W, 68, 0x0000000000000400
2026/09/19 20:33:19.797, 2940 MHz, 14301 MHz, 99 %, 84.80 W, 68, 0x0000000000000400
2026/09/19 20:33:20.302, 2940 MHz, 14301 MHz, 98 %, 84.94 W, 68, 0x0000000000000400
2026/09/19 20:33:20.806, 2940 MHz, 14301 MHz, 99 %, 85.13 W, 68, 0x0000000000000400
2026/09/19 20:33:21.311, 2917 MHz, 14301 MHz, 99 %, 84.42 W, 68, 0x0000000000000400
2026/09/19 20:33:21.815, 2940 MHz, 14301 MHz, 98 %, 84.58 W, 68, 0x0000000000000400
2026/09/19 20:33:22.317, 2940 MHz, 14301 MHz, 98 %, 85.32 W, 68, 0x0000000000000400
2026/09/19 20:33:22.832, 2940 MHz, 14301 MHz, 99 %, 85.33 W, 68, 0x0000000000000400
2026/09/19 20:33:23.333, 2940 MHz, 14301 MHz, 98 %, 85.30 W, 68, 0x0000000000000400
2026/09/19 20:33:23.837, 2940 MHz, 14301 MHz, 99 %, 85.20 W, 68, 0x0000000000000400
2026/09/19 20:33:24.344, 2940 MHz, 14301 MHz, 98 %, 85.25 W, 68, 0x0000000000000400
2026/09/19 20:33:24.849, 2940 MHz, 14301 MHz, 98 %, 85.39 W, 68, 0x0000000000000400
2026/09/19 20:33:25.351, 2940 MHz, 14301 MHz, 98 %, 85.50 W, 68, 0x0000000000000400
2026/09/19 20:33:25.856, 2940 MHz, 14301 MHz, 99 %, 85.52 W, 68, 0x0000000000000400
2026/09/19 20:33:26.362, 2940 MHz, 14301 MHz, 98 %, 85.46 W, 68, 0x0000000000000400
2026/09/19 20:33:26.864, 2940 MHz, 14301 MHz, 98 %, 85.46 W, 68, 0x0000000000000400
2026/09/19 20:33:27.368, 2940 MHz, 14301 MHz, 98 %, 85.58 W, 68, 0x0000000000000400
2026/09/19 20:33:27.869, 2940 MHz, 14301 MHz, 99 %, 85.65 W, 68, 0x0000000000000400
2026/09/19 20:33:28.373, 2940 MHz, 14301 MHz, 98 %, 85.59 W, 68, 0x0000000000000400
2026/09/19 20:33:28.876, 2940 MHz, 14301 MHz, 98 %, 85.35 W, 68, 0x0000000000000400
2026/09/19 20:33:29.376, 2940 MHz, 14301 MHz, 99 %, 85.16 W, 68, 0x0000000000000400
2026/09/19 20:33:29.880, 2940 MHz, 14301 MHz, 99 %, 85.17 W, 68, 0x0000000000000400
2026/09/19 20:33:30.396, 2940 MHz, 14301 MHz, 98 %, 85.33 W, 68, 0x0000000000000400
2026/09/19 20:33:30.899, 2940 MHz, 14301 MHz, 99 %, 85.49 W, 68, 0x0000000000000400
2026/09/19 20:33:31.403, 2940 MHz, 14301 MHz, 99 %, 85.43 W, 68, 0x0000000000000400
2026/09/19 20:33:31.918, 2940 MHz, 14301 MHz, 98 %, 85.44 W, 68, 0x0000000000000400
2026/09/19 20:33:32.420, 2940 MHz, 14301 MHz, 98 %, 85.34 W, 68, 0x0000000000000400
2026/09/19 20:33:32.924, 2940 MHz, 14301 MHz, 99 %, 85.22 W, 68, 0x0000000000000400
2026/09/19 20:33:33.427, 2940 MHz, 14301 MHz, 99 %, 85.31 W, 69, 0x0000000000000400
2026/09/19 20:33:33.932, 2940 MHz, 14301 MHz, 99 %, 85.49 W, 68, 0x0000000000000400
2026/09/19 20:33:34.436, 2917 MHz, 14301 MHz, 99 %, 84.75 W, 68, 0x0000000000000400
2026/09/19 20:33:34.939, 2940 MHz, 14301 MHz, 98 %, 84.58 W, 68, 0x0000000000000400
2026/09/19 20:33:35.442, 2940 MHz, 14301 MHz, 98 %, 85.32 W, 68, 0x0000000000000400
2026/09/19 20:33:35.955, 2940 MHz, 14301 MHz, 98 %, 85.18 W, 68, 0x0000000000000400
2026/09/19 20:33:36.469, 2940 MHz, 14301 MHz, 98 %, 85.10 W, 68, 0x0000000000000400
2026/09/19 20:33:36.974, 2940 MHz, 14301 MHz, 98 %, 85.30 W, 68, 0x0000000000000400
2026/09/19 20:33:37.478, 2940 MHz, 14301 MHz, 99 %, 85.18 W, 68, 0x0000000000000400
2026/09/19 20:33:37.984, 2940 MHz, 14301 MHz, 98 %, 85.21 W, 68, 0x0000000000000400
2026/09/19 20:33:38.500, 2940 MHz, 14301 MHz, 99 %, 85.08 W, 68, 0x0000000000000400
2026/09/19 20:33:39.002, 2940 MHz, 14301 MHz, 98 %, 84.89 W, 68, 0x0000000000000400
2026/09/19 20:33:39.517, 2940 MHz, 14301 MHz, 98 %, 85.04 W, 68, 0x0000000000000400
2026/09/19 20:33:40.020, 2940 MHz, 14301 MHz, 99 %, 85.36 W, 68, 0x0000000000000400
2026/09/19 20:33:40.534, 2940 MHz, 14301 MHz, 98 %, 85.24 W, 68, 0x0000000000000400
2026/09/19 20:33:41.035, 2940 MHz, 14301 MHz, 99 %, 85.19 W, 68, 0x0000000000000400
2026/09/19 20:33:41.538, 2940 MHz, 14301 MHz, 99 %, 85.23 W, 69, 0x0000000000000400
2026/09/19 20:33:42.053, 2940 MHz, 14301 MHz, 98 %, 85.27 W, 67, 0x0000000000000400
2026/09/19 20:33:42.568, 2940 MHz, 14301 MHz, 99 %, 84.96 W, 68, 0x0000000000000400
2026/09/19 20:33:43.069, 2940 MHz, 14301 MHz, 98 %, 84.96 W, 69, 0x0000000000000400
2026/09/19 20:33:43.570, 2940 MHz, 14301 MHz, 99 %, 85.34 W, 68, 0x0000000000000400
2026/09/19 20:33:44.079, 2940 MHz, 14301 MHz, 99 %, 85.36 W, 68, 0x0000000000000400
2026/09/19 20:33:44.594, 2947 MHz, 14301 MHz, 99 %, 85.21 W, 68, 0x0000000000000400
2026/09/19 20:33:45.114, 2940 MHz, 14301 MHz, 99 %, 84.96 W, 68, 0x0000000000000400
2026/09/19 20:33:45.627, 2940 MHz, 14301 MHz, 99 %, 84.89 W, 68, 0x0000000000000400
2026/09/19 20:33:46.142, 2947 MHz, 14301 MHz, 99 %, 85.05 W, 68, 0x0000000000000400
2026/09/19 20:33:46.647, 2940 MHz, 14301 MHz, 98 %, 85.04 W, 68, 0x0000000000000400
2026/09/19 20:33:47.150, 2940 MHz, 14301 MHz, 80 %, 84.44 W, 68, 0x0000000000000400
2026/09/19 20:33:47.666, 2940 MHz, 14301 MHz, 98 %, 84.48 W, 68, 0x0000000000000400
2026/09/19 20:33:48.169, 2940 MHz, 14301 MHz, 99 %, 84.44 W, 68, 0x0000000000000400
2026/09/19 20:33:48.674, 2940 MHz, 14301 MHz, 99 %, 84.98 W, 68, 0x0000000000000400
2026/09/19 20:33:49.176, 2940 MHz, 14301 MHz, 99 %, 85.12 W, 68, 0x0000000000000400
2026/09/19 20:33:49.676, 2940 MHz, 14301 MHz, 98 %, 85.24 W, 68, 0x0000000000000400
2026/09/19 20:33:50.177, 2940 MHz, 14301 MHz, 99 %, 85.11 W, 68, 0x0000000000000400
2026/09/19 20:33:50.683, 2940 MHz, 14301 MHz, 99 %, 85.09 W, 68, 0x0000000000000400
2026/09/19 20:33:51.185, 2940 MHz, 14301 MHz, 99 %, 85.06 W, 68, 0x0000000000000400
2026/09/19 20:33:51.699, 2940 MHz, 14301 MHz, 98 %, 85.30 W, 68, 0x0000000000000400
2026/09/19 20:33:52.200, 2940 MHz, 14301 MHz, 98 %, 85.39 W, 68, 0x0000000000000400
2026/09/19 20:33:52.702, 2940 MHz, 14301 MHz, 98 %, 85.30 W, 68, 0x0000000000000400
2026/09/19 20:33:53.203, 2940 MHz, 14301 MHz, 99 %, 85.27 W, 68, 0x0000000000000400
2026/09/19 20:33:53.709, 2940 MHz, 14301 MHz, 98 %, 85.26 W, 68, 0x0000000000000400
2026/09/19 20:33:54.213, 2940 MHz, 14301 MHz, 99 %, 85.09 W, 68, 0x0000000000000400
2026/09/19 20:33:54.714, 2940 MHz, 14301 MHz, 99 %, 84.24 W, 68, 0x0000000000000400
2026/09/19 20:33:55.226, 2940 MHz, 14301 MHz, 98 %, 84.48 W, 68, 0x0000000000000400
2026/09/19 20:33:55.730, 2940 MHz, 14301 MHz, 99 %, 85.21 W, 68, 0x0000000000000400
2026/09/19 20:33:56.232, 2940 MHz, 14301 MHz, 98 %, 85.22 W, 68, 0x0000000000000400
2026/09/19 20:33:56.739, 2940 MHz, 14301 MHz, 99 %, 85.33 W, 68, 0x0000000000000400
2026/09/19 20:33:57.254, 2940 MHz, 14301 MHz, 98 %, 85.29 W, 68, 0x0000000000000400
2026/09/19 20:33:57.759, 2940 MHz, 14301 MHz, 99 %, 85.40 W, 68, 0x0000000000000400
2026/09/19 20:33:58.261, 2940 MHz, 14301 MHz, 99 %, 85.38 W, 68, 0x0000000000000400
2026/09/19 20:33:58.777, 2940 MHz, 14301 MHz, 98 %, 85.28 W, 68, 0x0000000000000400
2026/09/19 20:33:59.293, 2940 MHz, 14301 MHz, 98 %, 85.35 W, 68, 0x0000000000000400
2026/09/19 20:33:59.808, 2947 MHz, 14301 MHz, 99 %, 85.18 W, 68, 0x0000000000000400
2026/09/19 20:34:00.314, 2940 MHz, 14301 MHz, 99 %, 84.68 W, 68, 0x0000000000000400
2026/09/19 20:34:00.816, 2940 MHz, 14301 MHz, 99 %, 84.72 W, 68, 0x0000000000000400
2026/09/19 20:34:01.320, 2940 MHz, 14301 MHz, 99 %, 84.88 W, 68, 0x0000000000000400
2026/09/19 20:34:01.825, 2947 MHz, 14301 MHz, 99 %, 84.92 W, 68, 0x0000000000000400
2026/09/19 20:34:02.330, 2940 MHz, 14301 MHz, 98 %, 84.86 W, 68, 0x0000000000000400
2026/09/19 20:34:02.843, 2940 MHz, 14301 MHz, 79 %, 83.92 W, 68, 0x0000000000000400
2026/09/19 20:34:03.349, 2947 MHz, 14301 MHz, 99 %, 83.85 W, 68, 0x0000000000000400
2026/09/19 20:34:03.854, 2947 MHz, 14301 MHz, 99 %, 83.87 W, 68, 0x0000000000000400
2026/09/19 20:34:04.368, 2940 MHz, 14301 MHz, 98 %, 84.50 W, 68, 0x0000000000000400
2026/09/19 20:34:04.870, 2940 MHz, 14301 MHz, 98 %, 84.72 W, 68, 0x0000000000000400
2026/09/19 20:34:05.374, 2947 MHz, 14301 MHz, 99 %, 84.72 W, 68, 0x0000000000000400
2026/09/19 20:34:05.876, 2947 MHz, 14301 MHz, 99 %, 84.62 W, 68, 0x0000000000000400
2026/09/19 20:34:06.377, 2947 MHz, 14301 MHz, 99 %, 84.59 W, 68, 0x0000000000000400
2026/09/19 20:34:06.892, 2947 MHz, 14301 MHz, 98 %, 84.54 W, 68, 0x0000000000000400
2026/09/19 20:34:07.393, 2940 MHz, 14301 MHz, 98 %, 84.58 W, 68, 0x0000000000000400
2026/09/19 20:34:07.906, 2940 MHz, 14301 MHz, 99 %, 84.70 W, 68, 0x0000000000000400
2026/09/19 20:34:08.411, 2940 MHz, 14301 MHz, 99 %, 84.68 W, 68, 0x0000000000000400
2026/09/19 20:34:08.920, 2940 MHz, 14301 MHz, 98 %, 84.76 W, 68, 0x0000000000000400
2026/09/19 20:34:09.421, 2940 MHz, 14301 MHz, 99 %, 84.65 W, 68, 0x0000000000000400
2026/09/19 20:34:09.937, 2940 MHz, 14301 MHz, 99 %, 84.56 W, 68, 0x0000000000000400
2026/09/19 20:34:10.438, 2940 MHz, 14301 MHz, 98 %, 84.54 W, 68, 0x0000000000000400
2026/09/19 20:34:10.942, 2940 MHz, 14301 MHz, 99 %, 84.63 W, 68, 0x0000000000000400
2026/09/19 20:34:11.442, 2947 MHz, 14301 MHz, 98 %, 84.56 W, 68, 0x0000000000000400
2026/09/19 20:34:11.956, 2940 MHz, 14301 MHz, 99 %, 84.64 W, 68, 0x0000000000000400
2026/09/19 20:34:12.457, 2940 MHz, 14301 MHz, 99 %, 84.49 W, 68, 0x0000000000000400
2026/09/19 20:34:12.972, 2940 MHz, 14301 MHz, 98 %, 84.36 W, 68, 0x0000000000000400
2026/09/19 20:34:13.486, 2947 MHz, 14301 MHz, 99 %, 84.34 W, 68, 0x0000000000000400
2026/09/19 20:34:13.989, 2940 MHz, 14301 MHz, 99 %, 84.55 W, 68, 0x0000000000000400
2026/09/19 20:34:14.504, 2940 MHz, 14301 MHz, 99 %, 84.73 W, 68, 0x0000000000000400
2026/09/19 20:34:15.019, 2947 MHz, 14301 MHz, 99 %, 84.71 W, 68, 0x0000000000000400
2026/09/19 20:34:15.535, 2940 MHz, 14301 MHz, 98 %, 84.67 W, 68, 0x0000000000000400
2026/09/19 20:34:16.049, 2940 MHz, 14301 MHz, 98 %, 84.01 W, 68, 0x0000000000000400
2026/09/19 20:34:16.552, 2940 MHz, 14301 MHz, 98 %, 83.86 W, 68, 0x0000000000000400
2026/09/19 20:34:17.054, 2947 MHz, 14301 MHz, 98 %, 84.53 W, 68, 0x0000000000000400
2026/09/19 20:34:17.568, 2940 MHz, 14301 MHz, 99 %, 84.52 W, 68, 0x0000000000000400
2026/09/19 20:34:18.081, 2940 MHz, 14301 MHz, 99 %, 84.47 W, 68, 0x0000000000000400
2026/09/19 20:34:18.596, 2940 MHz, 14301 MHz, 98 %, 84.66 W, 68, 0x0000000000000400
2026/09/19 20:34:19.111, 2940 MHz, 14301 MHz, 99 %, 84.55 W, 68, 0x0000000000000400
2026/09/19 20:34:19.614, 2940 MHz, 14301 MHz, 98 %, 84.40 W, 68, 0x0000000000000400
2026/09/19 20:34:20.116, 2940 MHz, 14301 MHz, 98 %, 84.64 W, 68, 0x0000000000000400
2026/09/19 20:34:20.624, 2947 MHz, 14301 MHz, 98 %, 84.82 W, 68, 0x0000000000000400
2026/09/19 20:34:21.126, 2940 MHz, 14301 MHz, 99 %, 84.92 W, 68, 0x0000000000000400
2026/09/19 20:34:21.627, 2940 MHz, 14301 MHz, 99 %, 84.85 W, 68, 0x0000000000000400
2026/09/19 20:34:22.143, 2947 MHz, 14301 MHz, 99 %, 84.92 W, 68, 0x0000000000000400
2026/09/19 20:34:22.659, 2940 MHz, 14301 MHz, 98 %, 84.89 W, 68, 0x0000000000000400
2026/09/19 20:34:23.173, 2940 MHz, 14301 MHz, 98 %, 84.97 W, 68, 0x0000000000000400
2026/09/19 20:34:23.688, 2940 MHz, 14301 MHz, 98 %, 84.97 W, 68, 0x0000000000000400
2026/09/19 20:34:24.203, 2940 MHz, 14301 MHz, 98 %, 84.29 W, 68, 0x0000000000000400
2026/09/19 20:34:24.705, 2940 MHz, 14301 MHz, 98 %, 84.29 W, 68, 0x0000000000000400
2026/09/19 20:34:25.220, 2940 MHz, 14301 MHz, 98 %, 84.82 W, 68, 0x0000000000000400
2026/09/19 20:34:25.734, 2940 MHz, 14301 MHz, 98 %, 85.07 W, 68, 0x0000000000000400
2026/09/19 20:34:26.247, 2940 MHz, 14301 MHz, 99 %, 85.16 W, 68, 0x0000000000000400
2026/09/19 20:34:26.750, 2940 MHz, 14301 MHz, 98 %, 85.13 W, 68, 0x0000000000000400
2026/09/19 20:34:27.266, 2940 MHz, 14301 MHz, 98 %, 85.32 W, 68, 0x0000000000000400
2026/09/19 20:34:27.783, 2940 MHz, 14301 MHz, 99 %, 85.31 W, 68, 0x0000000000000400
2026/09/19 20:34:28.284, 2940 MHz, 14301 MHz, 98 %, 85.18 W, 68, 0x0000000000000400
2026/09/19 20:34:28.788, 2940 MHz, 14301 MHz, 99 %, 85.13 W, 68, 0x0000000000000400
2026/09/19 20:34:29.291, 2940 MHz, 14301 MHz, 99 %, 85.22 W, 68, 0x0000000000000400
2026/09/19 20:34:29.791, 2940 MHz, 14301 MHz, 99 %, 85.32 W, 68, 0x0000000000000400
2026/09/19 20:34:30.294, 2940 MHz, 14301 MHz, 98 %, 85.25 W, 68, 0x0000000000000400
2026/09/19 20:34:30.799, 2940 MHz, 14301 MHz, 98 %, 85.12 W, 68, 0x0000000000000400
2026/09/19 20:34:31.300, 2940 MHz, 14301 MHz, 99 %, 84.85 W, 68, 0x0000000000000400
2026/09/19 20:34:31.800, 2947 MHz, 14301 MHz, 98 %, 84.44 W, 68, 0x0000000000000400
2026/09/19 20:34:32.302, 2940 MHz, 14301 MHz, 98 %, 84.55 W, 68, 0x0000000000000400
2026/09/19 20:34:32.818, 2940 MHz, 14301 MHz, 98 %, 84.89 W, 68, 0x0000000000000400
2026/09/19 20:34:33.334, 2940 MHz, 14301 MHz, 98 %, 84.88 W, 68, 0x0000000000000400
2026/09/19 20:34:33.843, 2940 MHz, 14301 MHz, 98 %, 84.85 W, 69, 0x0000000000000400
2026/09/19 20:34:34.343, 2940 MHz, 14301 MHz, 99 %, 84.91 W, 68, 0x0000000000000400
2026/09/19 20:34:34.860, 2940 MHz, 14301 MHz, 98 %, 84.82 W, 68, 0x0000000000000400
2026/09/19 20:34:35.362, 2940 MHz, 14301 MHz, 99 %, 85.06 W, 68, 0x0000000000000400
2026/09/19 20:34:35.867, 2940 MHz, 14301 MHz, 99 %, 85.11 W, 68, 0x0000000000000400
2026/09/19 20:34:36.383, 2940 MHz, 14301 MHz, 98 %, 84.68 W, 68, 0x0000000000000400
2026/09/19 20:34:36.887, 2940 MHz, 14301 MHz, 99 %, 84.72 W, 68, 0x0000000000000400
2026/09/19 20:34:37.389, 2940 MHz, 14301 MHz, 99 %, 84.99 W, 68, 0x0000000000000400
2026/09/19 20:34:37.891, 2940 MHz, 14301 MHz, 98 %, 85.11 W, 68, 0x0000000000000400
2026/09/19 20:34:38.407, 2940 MHz, 14301 MHz, 99 %, 85.25 W, 68, 0x0000000000000400
2026/09/19 20:34:38.911, 2940 MHz, 14301 MHz, 98 %, 85.25 W, 68, 0x0000000000000400
2026/09/19 20:34:39.424, 2940 MHz, 14301 MHz, 98 %, 85.21 W, 68, 0x0000000000000400
2026/09/19 20:34:39.925, 2940 MHz, 14301 MHz, 98 %, 85.24 W, 68, 0x0000000000000400
2026/09/19 20:34:40.427, 2940 MHz, 14301 MHz, 99 %, 85.26 W, 68, 0x0000000000000400
2026/09/19 20:34:40.936, 2940 MHz, 14301 MHz, 99 %, 85.18 W, 68, 0x0000000000000400
2026/09/19 20:34:41.439, 2940 MHz, 14301 MHz, 99 %, 85.20 W, 68, 0x0000000000000400
2026/09/19 20:34:41.951, 2940 MHz, 14301 MHz, 98 %, 85.50 W, 68, 0x0000000000000400
2026/09/19 20:34:42.453, 2940 MHz, 14301 MHz, 99 %, 85.50 W, 68, 0x0000000000000400
2026/09/19 20:34:42.961, 2940 MHz, 14301 MHz, 98 %, 85.44 W, 68, 0x0000000000000400
2026/09/19 20:34:43.462, 2940 MHz, 14301 MHz, 99 %, 85.37 W, 68, 0x0000000000000400
2026/09/19 20:34:43.977, 2940 MHz, 14301 MHz, 97 %, 85.25 W, 68, 0x0000000000000400
2026/09/19 20:34:44.492, 2940 MHz, 14301 MHz, 99 %, 85.34 W, 68, 0x0000000000000400
2026/09/19 20:34:44.992, 2917 MHz, 14301 MHz, 98 %, 84.73 W, 68, 0x0000000000000400
2026/09/19 20:34:45.497, 2940 MHz, 14301 MHz, 98 %, 84.68 W, 68, 0x0000000000000400
2026/09/19 20:34:45.997, 2940 MHz, 14301 MHz, 99 %, 85.30 W, 68, 0x0000000000000400
2026/09/19 20:34:46.513, 2940 MHz, 14301 MHz, 99 %, 85.22 W, 68, 0x0000000000000400
2026/09/19 20:34:47.022, 2940 MHz, 14301 MHz, 98 %, 85.10 W, 68, 0x0000000000000400
2026/09/19 20:34:47.535, 2940 MHz, 14301 MHz, 99 %, 85.07 W, 68, 0x0000000000000400
2026/09/19 20:34:48.049, 2940 MHz, 14301 MHz, 99 %, 85.14 W, 68, 0x0000000000000400
2026/09/19 20:34:48.554, 2940 MHz, 14301 MHz, 99 %, 85.21 W, 68, 0x0000000000000400
2026/09/19 20:34:49.058, 2940 MHz, 14301 MHz, 99 %, 85.25 W, 68, 0x0000000000000400
2026/09/19 20:34:49.563, 2940 MHz, 14301 MHz, 99 %, 85.32 W, 68, 0x0000000000000400
2026/09/19 20:34:50.078, 2940 MHz, 14301 MHz, 99 %, 85.08 W, 68, 0x0000000000000400
2026/09/19 20:34:50.593, 2947 MHz, 14301 MHz, 99 %, 84.94 W, 68, 0x0000000000000400
2026/09/19 20:34:51.098, 2940 MHz, 14301 MHz, 99 %, 85.16 W, 68, 0x0000000000000400
2026/09/19 20:34:51.613, 2940 MHz, 14301 MHz, 99 %, 85.35 W, 68, 0x0000000000000400
2026/09/19 20:34:52.125, 2940 MHz, 14301 MHz, 99 %, 85.21 W, 68, 0x0000000000000400
2026/09/19 20:34:52.627, 2940 MHz, 14301 MHz, 98 %, 85.01 W, 68, 0x0000000000000400
2026/09/19 20:34:53.134, 2940 MHz, 14301 MHz, 99 %, 84.86 W, 68, 0x0000000000000400
2026/09/19 20:34:53.636, 2940 MHz, 14301 MHz, 98 %, 84.84 W, 68, 0x0000000000000400
2026/09/19 20:34:54.136, 2940 MHz, 14301 MHz, 99 %, 84.98 W, 68, 0x0000000000000400
2026/09/19 20:34:54.639, 2940 MHz, 14301 MHz, 99 %, 85.04 W, 68, 0x0000000000000400
2026/09/19 20:34:55.141, 2940 MHz, 14301 MHz, 99 %, 85.17 W, 68, 0x0000000000000400
2026/09/19 20:34:55.642, 2940 MHz, 14301 MHz, 99 %, 85.15 W, 68, 0x0000000000000400
2026/09/19 20:34:56.143, 2940 MHz, 14301 MHz, 99 %, 84.95 W, 68, 0x0000000000000400
2026/09/19 20:34:56.644, 2940 MHz, 14301 MHz, 98 %, 84.91 W, 68, 0x0000000000000400
2026/09/19 20:34:57.145, 2902 MHz, 14301 MHz, 98 %, 84.18 W, 68, 0x0000000000000400
2026/09/19 20:34:57.647, 2940 MHz, 14301 MHz, 98 %, 84.18 W, 68, 0x0000000000000400
2026/09/19 20:34:58.163, 2940 MHz, 14301 MHz, 98 %, 85.20 W, 68, 0x0000000000000400
2026/09/19 20:34:58.663, 2940 MHz, 14301 MHz, 99 %, 85.16 W, 68, 0x0000000000000400
2026/09/19 20:34:59.166, 2940 MHz, 14301 MHz, 99 %, 85.04 W, 68, 0x0000000000000400
2026/09/19 20:34:59.682, 2940 MHz, 14301 MHz, 99 %, 84.98 W, 68, 0x0000000000000400
2026/09/19 20:35:00.184, 2940 MHz, 14301 MHz, 98 %, 85.24 W, 68, 0x0000000000000400
2026/09/19 20:35:00.689, 2940 MHz, 14301 MHz, 99 %, 85.26 W, 68, 0x0000000000000400
2026/09/19 20:35:01.191, 2940 MHz, 14301 MHz, 99 %, 85.09 W, 68, 0x0000000000000400
2026/09/19 20:35:01.691, 2940 MHz, 14301 MHz, 98 %, 85.04 W, 68, 0x0000000000000400
2026/09/19 20:35:02.206, 2947 MHz, 14301 MHz, 99 %, 84.82 W, 68, 0x0000000000000400
2026/09/19 20:35:02.714, 2940 MHz, 14301 MHz, 99 %, 84.82 W, 68, 0x0000000000000400
2026/09/19 20:35:03.230, 2940 MHz, 14301 MHz, 99 %, 84.78 W, 68, 0x0000000000000400
2026/09/19 20:35:03.738, 2940 MHz, 14301 MHz, 98 %, 84.80 W, 68, 0x0000000000000400
2026/09/19 20:35:04.240, 2940 MHz, 14301 MHz, 99 %, 84.75 W, 68, 0x0000000000000400
2026/09/19 20:35:04.741, 2910 MHz, 14301 MHz, 99 %, 84.01 W, 68, 0x0000000000000400
2026/09/19 20:35:05.248, 2940 MHz, 14301 MHz, 98 %, 83.72 W, 68, 0x0000000000000400
2026/09/19 20:35:05.751, 2940 MHz, 14301 MHz, 98 %, 84.65 W, 68, 0x0000000000000400
2026/09/19 20:35:06.256, 2940 MHz, 14301 MHz, 99 %, 84.69 W, 68, 0x0000000000000400
2026/09/19 20:35:06.758, 2940 MHz, 14301 MHz, 98 %, 84.73 W, 68, 0x0000000000000400
2026/09/19 20:35:07.260, 2947 MHz, 14301 MHz, 99 %, 84.89 W, 68, 0x0000000000000400
2026/09/19 20:35:07.761, 2940 MHz, 14301 MHz, 99 %, 84.80 W, 68, 0x0000000000000400
2026/09/19 20:35:08.265, 2940 MHz, 14301 MHz, 99 %, 84.43 W, 68, 0x0000000000000400
2026/09/19 20:35:08.766, 2947 MHz, 14301 MHz, 99 %, 84.41 W, 68, 0x0000000000000400
2026/09/19 20:35:09.273, 2947 MHz, 14301 MHz, 98 %, 84.78 W, 68, 0x0000000000000400
2026/09/19 20:35:09.779, 2940 MHz, 14301 MHz, 98 %, 84.95 W, 68, 0x0000000000000400
2026/09/19 20:35:10.295, 2940 MHz, 14301 MHz, 98 %, 84.78 W, 68, 0x0000000000000400
2026/09/19 20:35:10.796, 2940 MHz, 14301 MHz, 99 %, 84.67 W, 68, 0x0000000000000400
2026/09/19 20:35:11.300, 2940 MHz, 14301 MHz, 99 %, 84.77 W, 68, 0x0000000000000400
2026/09/19 20:35:11.803, 2947 MHz, 14301 MHz, 99 %, 84.61 W, 68, 0x0000000000000400
2026/09/19 20:35:12.317, 2940 MHz, 14301 MHz, 98 %, 84.71 W, 68, 0x0000000000000400
2026/09/19 20:35:12.822, 2940 MHz, 14301 MHz, 77 %, 84.19 W, 68, 0x0000000000000400
2026/09/19 20:35:13.328, 2940 MHz, 14301 MHz, 99 %, 84.08 W, 68, 0x0000000000000400
2026/09/19 20:35:13.842, 2940 MHz, 14301 MHz, 99 %, 84.26 W, 68, 0x0000000000000400
2026/09/19 20:35:14.347, 2940 MHz, 14301 MHz, 98 %, 84.91 W, 68, 0x0000000000000400
2026/09/19 20:35:14.861, 2940 MHz, 14301 MHz, 99 %, 84.95 W, 68, 0x0000000000000400
2026/09/19 20:35:15.367, 2940 MHz, 14301 MHz, 98 %, 84.76 W, 68, 0x0000000000000400
2026/09/19 20:35:15.869, 2940 MHz, 14301 MHz, 99 %, 84.88 W, 68, 0x0000000000000400
2026/09/19 20:35:16.373, 2940 MHz, 14301 MHz, 99 %, 85.19 W, 69, 0x0000000000000400
2026/09/19 20:35:16.876, 2940 MHz, 14301 MHz, 98 %, 85.25 W, 68, 0x0000000000000400
2026/09/19 20:35:17.377, 2940 MHz, 14301 MHz, 99 %, 85.01 W, 68, 0x0000000000000400
2026/09/19 20:35:17.880, 2947 MHz, 14301 MHz, 98 %, 84.72 W, 68, 0x0000000000000400
2026/09/19 20:35:18.383, 2940 MHz, 14301 MHz, 99 %, 84.79 W, 68, 0x0000000000000400
2026/09/19 20:35:18.887, 2940 MHz, 14301 MHz, 98 %, 85.10 W, 68, 0x0000000000000400
2026/09/19 20:35:19.394, 2940 MHz, 14301 MHz, 99 %, 85.11 W, 68, 0x0000000000000400
2026/09/19 20:35:19.902, 2940 MHz, 14301 MHz, 98 %, 85.05 W, 68, 0x0000000000000400
2026/09/19 20:35:20.403, 2940 MHz, 14301 MHz, 99 %, 84.98 W, 68, 0x0000000000000400
2026/09/19 20:35:20.907, 2940 MHz, 14301 MHz, 98 %, 84.95 W, 68, 0x0000000000000400
2026/09/19 20:35:21.408, 2940 MHz, 14301 MHz, 98 %, 84.34 W, 68, 0x0000000000000400
2026/09/19 20:35:21.922, 2940 MHz, 14301 MHz, 99 %, 84.39 W, 68, 0x0000000000000400
2026/09/19 20:35:22.437, 2940 MHz, 14301 MHz, 99 %, 85.05 W, 68, 0x0000000000000400
2026/09/19 20:35:22.951, 2940 MHz, 14301 MHz, 98 %, 85.21 W, 68, 0x0000000000000400
2026/09/19 20:35:23.452, 2940 MHz, 14301 MHz, 99 %, 85.27 W, 68, 0x0000000000000400
2026/09/19 20:35:23.966, 2940 MHz, 14301 MHz, 99 %, 85.16 W, 68, 0x0000000000000400
2026/09/19 20:35:24.468, 2940 MHz, 14301 MHz, 99 %, 85.19 W, 68, 0x0000000000000400
2026/09/19 20:35:24.982, 2940 MHz, 14301 MHz, 98 %, 85.22 W, 68, 0x0000000000000400
2026/09/19 20:35:25.497, 2940 MHz, 14301 MHz, 99 %, 85.18 W, 68, 0x0000000000000400
2026/09/19 20:35:26.001, 2940 MHz, 14301 MHz, 98 %, 85.26 W, 68, 0x0000000000000400
2026/09/19 20:35:26.502, 2940 MHz, 14301 MHz, 98 %, 85.50 W, 68, 0x0000000000000400
2026/09/19 20:35:27.016, 2940 MHz, 14301 MHz, 98 %, 85.26 W, 68, 0x0000000000000400
2026/09/19 20:35:27.520, 2940 MHz, 14301 MHz, 98 %, 85.08 W, 68, 0x0000000000000400
2026/09/19 20:35:28.033, 2940 MHz, 14301 MHz, 98 %, 85.37 W, 68, 0x0000000000000400
2026/09/19 20:35:28.538, 2940 MHz, 14301 MHz, 99 %, 85.58 W, 68, 0x0000000000000400
2026/09/19 20:35:29.044, 2902 MHz, 14301 MHz, 98 %, 84.54 W, 68, 0x0000000000000400
2026/09/19 20:35:29.548, 2940 MHz, 14301 MHz, 99 %, 84.31 W, 68, 0x0000000000000400
2026/09/19 20:35:30.050, 2940 MHz, 14301 MHz, 99 %, 85.29 W, 68, 0x0000000000000400
2026/09/19 20:35:30.555, 2940 MHz, 14301 MHz, 99 %, 85.30 W, 68, 0x0000000000000400
2026/09/19 20:35:31.059, 2940 MHz, 14301 MHz, 98 %, 85.26 W, 68, 0x0000000000000400
2026/09/19 20:35:31.560, 2940 MHz, 14301 MHz, 98 %, 85.27 W, 68, 0x0000000000000400
2026/09/19 20:35:32.063, 2940 MHz, 14301 MHz, 99 %, 85.31 W, 68, 0x0000000000000400
2026/09/19 20:35:32.564, 2940 MHz, 14301 MHz, 98 %, 85.36 W, 68, 0x0000000000000400
2026/09/19 20:35:33.066, 2940 MHz, 14301 MHz, 99 %, 85.19 W, 68, 0x0000000000000400
2026/09/19 20:35:33.581, 2940 MHz, 14301 MHz, 99 %, 85.10 W, 68, 0x0000000000000400
2026/09/19 20:35:34.084, 2940 MHz, 14301 MHz, 99 %, 85.07 W, 68, 0x0000000000000400
2026/09/19 20:35:34.587, 2940 MHz, 14301 MHz, 98 %, 85.07 W, 68, 0x0000000000000400
2026/09/19 20:35:35.100, 2940 MHz, 14301 MHz, 98 %, 85.23 W, 68, 0x0000000000000400
2026/09/19 20:35:35.604, 2940 MHz, 14301 MHz, 98 %, 85.28 W, 68, 0x0000000000000400
2026/09/19 20:35:36.108, 2940 MHz, 14301 MHz, 98 %, 84.71 W, 68, 0x0000000000000400
2026/09/19 20:35:36.612, 2940 MHz, 14301 MHz, 98 %, 84.54 W, 68, 0x0000000000000400
2026/09/19 20:35:37.114, 2940 MHz, 14301 MHz, 98 %, 85.21 W, 68, 0x0000000000000400
2026/09/19 20:35:37.616, 2940 MHz, 14301 MHz, 99 %, 85.33 W, 68, 0x0000000000000400
2026/09/19 20:35:38.120, 2940 MHz, 14301 MHz, 99 %, 85.34 W, 68, 0x0000000000000400
2026/09/19 20:35:38.623, 2940 MHz, 14301 MHz, 99 %, 85.36 W, 69, 0x0000000000000400
2026/09/19 20:35:39.137, 2940 MHz, 14301 MHz, 98 %, 85.31 W, 68, 0x0000000000000400
2026/09/19 20:35:39.639, 2940 MHz, 14301 MHz, 98 %, 85.12 W, 68, 0x0000000000000400
2026/09/19 20:35:40.140, 2940 MHz, 14301 MHz, 98 %, 85.04 W, 68, 0x0000000000000400
2026/09/19 20:35:40.646, 2940 MHz, 14301 MHz, 99 %, 85.28 W, 68, 0x0000000000000400
2026/09/19 20:35:41.147, 2940 MHz, 14301 MHz, 98 %, 85.35 W, 68, 0x0000000000000400
2026/09/19 20:35:41.648, 2940 MHz, 14301 MHz, 99 %, 85.43 W, 68, 0x0000000000000400
2026/09/19 20:35:42.149, 2940 MHz, 14301 MHz, 98 %, 85.46 W, 68, 0x0000000000000400
2026/09/19 20:35:42.663, 2940 MHz, 14301 MHz, 99 %, 85.27 W, 68, 0x0000000000000400
2026/09/19 20:35:43.164, 2940 MHz, 14301 MHz, 98 %, 85.35 W, 68, 0x0000000000000400
2026/09/19 20:35:43.665, 2940 MHz, 14301 MHz, 97 %, 84.70 W, 68, 0x0000000000000400
2026/09/19 20:35:44.170, 2940 MHz, 14301 MHz, 98 %, 84.66 W, 68, 0x0000000000000400
2026/09/19 20:35:44.673, 2940 MHz, 14301 MHz, 98 %, 85.44 W, 68, 0x0000000000000400
2026/09/19 20:35:45.179, 2940 MHz, 14301 MHz, 99 %, 85.48 W, 68, 0x0000000000000400
2026/09/19 20:35:45.682, 2940 MHz, 14301 MHz, 99 %, 85.37 W, 68, 0x0000000000000400
2026/09/19 20:35:46.188, 2940 MHz, 14301 MHz, 99 %, 85.28 W, 68, 0x0000000000000400
2026/09/19 20:35:46.704, 2940 MHz, 14301 MHz, 99 %, 85.38 W, 68, 0x0000000000000400
2026/09/19 20:35:47.219, 2940 MHz, 14301 MHz, 98 %, 85.36 W, 68, 0x0000000000000400
2026/09/19 20:35:47.721, 2940 MHz, 14301 MHz, 98 %, 85.29 W, 68, 0x0000000000000400
2026/09/19 20:35:48.236, 2940 MHz, 14301 MHz, 98 %, 85.22 W, 68, 0x0000000000000400
2026/09/19 20:35:48.737, 2940 MHz, 14301 MHz, 98 %, 85.03 W, 68, 0x0000000000000400
2026/09/19 20:35:49.239, 2940 MHz, 14301 MHz, 99 %, 85.18 W, 68, 0x0000000000000400
2026/09/19 20:35:49.743, 2940 MHz, 14301 MHz, 98 %, 85.28 W, 68, 0x0000000000000400
2026/09/19 20:35:50.248, 2940 MHz, 14301 MHz, 99 %, 85.21 W, 68, 0x0000000000000400
2026/09/19 20:35:50.749, 2940 MHz, 14301 MHz, 98 %, 85.31 W, 68, 0x0000000000000400
2026/09/19 20:35:51.252, 2917 MHz, 14301 MHz, 98 %, 84.35 W, 68, 0x0000000000000400
2026/09/19 20:35:51.757, 2940 MHz, 14301 MHz, 99 %, 84.15 W, 68, 0x0000000000000400
2026/09/19 20:35:52.258, 2940 MHz, 14301 MHz, 98 %, 84.90 W, 68, 0x0000000000000400
2026/09/19 20:35:52.758, 2940 MHz, 14301 MHz, 98 %, 85.03 W, 68, 0x0000000000000400
2026/09/19 20:35:53.273, 2940 MHz, 14301 MHz, 98 %, 85.15 W, 68, 0x0000000000000400
2026/09/19 20:35:53.780, 2940 MHz, 14301 MHz, 98 %, 85.13 W, 68, 0x0000000000000400
2026/09/19 20:35:54.281, 2947 MHz, 14301 MHz, 98 %, 84.93 W, 68, 0x0000000000000400
2026/09/19 20:35:54.784, 2940 MHz, 14301 MHz, 98 %, 84.83 W, 68, 0x0000000000000400
2026/09/19 20:35:55.299, 2940 MHz, 14301 MHz, 99 %, 85.02 W, 69, 0x0000000000000400
2026/09/19 20:35:55.814, 2940 MHz, 14301 MHz, 99 %, 85.35 W, 68, 0x0000000000000400
2026/09/19 20:35:56.325, 2940 MHz, 14301 MHz, 99 %, 85.35 W, 68, 0x0000000000000400
2026/09/19 20:35:56.828, 2940 MHz, 14301 MHz, 98 %, 85.14 W, 68, 0x0000000000000400
2026/09/19 20:35:57.341, 2947 MHz, 14301 MHz, 99 %, 84.99 W, 68, 0x0000000000000400
2026/09/19 20:35:57.846, 2940 MHz, 14301 MHz, 99 %, 84.94 W, 68, 0x0000000000000400
2026/09/19 20:35:58.348, 2940 MHz, 14301 MHz, 99 %, 85.11 W, 68, 0x0000000000000400
2026/09/19 20:35:58.852, 2940 MHz, 14301 MHz, 76 %, 84.63 W, 67, 0x0000000000000400
2026/09/19 20:35:59.358, 2940 MHz, 14301 MHz, 98 %, 84.58 W, 68, 0x0000000000000400
2026/09/19 20:35:59.860, 2940 MHz, 14301 MHz, 98 %, 84.68 W, 68, 0x0000000000000400
2026/09/19 20:36:00.365, 2940 MHz, 14301 MHz, 98 %, 85.30 W, 68, 0x0000000000000400
2026/09/19 20:36:00.867, 2940 MHz, 14301 MHz, 99 %, 85.35 W, 68, 0x0000000000000400
2026/09/19 20:36:01.371, 2940 MHz, 14301 MHz, 98 %, 85.47 W, 68, 0x0000000000000400
2026/09/19 20:36:01.876, 2940 MHz, 14301 MHz, 98 %, 85.58 W, 68, 0x0000000000000400
2026/09/19 20:36:02.391, 2940 MHz, 14301 MHz, 98 %, 85.63 W, 68, 0x0000000000000400
2026/09/19 20:36:02.906, 2940 MHz, 14301 MHz, 99 %, 85.64 W, 68, 0x0000000000000400
2026/09/19 20:36:03.410, 2940 MHz, 14301 MHz, 98 %, 85.29 W, 68, 0x0000000000000400
2026/09/19 20:36:03.912, 2940 MHz, 14301 MHz, 98 %, 85.06 W, 68, 0x0000000000000400
2026/09/19 20:36:04.415, 2940 MHz, 14301 MHz, 98 %, 85.15 W, 68, 0x0000000000000400
2026/09/19 20:36:04.919, 2940 MHz, 14301 MHz, 98 %, 85.35 W, 68, 0x0000000000000400
2026/09/19 20:36:05.422, 2940 MHz, 14301 MHz, 99 %, 85.38 W, 68, 0x0000000000000400
2026/09/19 20:36:05.926, 2940 MHz, 14301 MHz, 99 %, 85.32 W, 68, 0x0000000000000400
2026/09/19 20:36:06.429, 2940 MHz, 14301 MHz, 97 %, 85.34 W, 69, 0x0000000000000400
2026/09/19 20:36:06.931, 2940 MHz, 14301 MHz, 98 %, 85.29 W, 68, 0x0000000000000400
2026/09/19 20:36:07.437, 2940 MHz, 14301 MHz, 99 %, 84.69 W, 68, 0x0000000000000400
2026/09/19 20:36:07.952, 2940 MHz, 14301 MHz, 99 %, 84.82 W, 68, 0x0000000000000400
2026/09/19 20:36:08.452, 2940 MHz, 14301 MHz, 98 %, 85.38 W, 68, 0x0000000000000400
2026/09/19 20:36:08.955, 2940 MHz, 14301 MHz, 99 %, 85.46 W, 68, 0x0000000000000400
2026/09/19 20:36:09.460, 2940 MHz, 14301 MHz, 99 %, 85.33 W, 68, 0x0000000000000400
2026/09/19 20:36:09.975, 2940 MHz, 14301 MHz, 98 %, 85.12 W, 68, 0x0000000000000400
2026/09/19 20:36:10.479, 2940 MHz, 14301 MHz, 98 %, 85.09 W, 68, 0x0000000000000400
2026/09/19 20:36:10.979, 2940 MHz, 14301 MHz, 98 %, 85.35 W, 69, 0x0000000000000400
2026/09/19 20:36:11.482, 2940 MHz, 14301 MHz, 98 %, 85.53 W, 68, 0x0000000000000400
2026/09/19 20:36:11.985, 2940 MHz, 14301 MHz, 98 %, 85.36 W, 68, 0x0000000000000400
2026/09/19 20:36:12.500, 2940 MHz, 14301 MHz, 98 %, 85.41 W, 68, 0x0000000000000400
2026/09/19 20:36:13.003, 2940 MHz, 14301 MHz, 99 %, 85.30 W, 68, 0x0000000000000400
2026/09/19 20:36:13.504, 2940 MHz, 14301 MHz, 98 %, 85.22 W, 68, 0x0000000000000400
2026/09/19 20:36:14.005, 2940 MHz, 14301 MHz, 98 %, 85.42 W, 68, 0x0000000000000400
2026/09/19 20:36:14.508, 2940 MHz, 14301 MHz, 99 %, 85.62 W, 68, 0x0000000000000400
2026/09/19 20:36:15.013, 2940 MHz, 14301 MHz, 98 %, 85.60 W, 68, 0x0000000000000400
2026/09/19 20:36:15.517, 2947 MHz, 14301 MHz, 98 %, 84.94 W, 68, 0x0000000000000400
2026/09/19 20:36:16.018, 2940 MHz, 14301 MHz, 99 %, 84.83 W, 68, 0x0000000000000400
2026/09/19 20:36:16.525, 2940 MHz, 14301 MHz, 98 %, 85.50 W, 68, 0x0000000000000400
2026/09/19 20:36:17.039, 2940 MHz, 14301 MHz, 98 %, 85.65 W, 68, 0x0000000000000400
2026/09/19 20:36:17.542, 2940 MHz, 14301 MHz, 98 %, 85.68 W, 68, 0x0000000000000400
2026/09/19 20:36:18.048, 2940 MHz, 14301 MHz, 98 %, 85.63 W, 68, 0x0000000000000400
2026/09/19 20:36:18.552, 2940 MHz, 14301 MHz, 99 %, 85.53 W, 68, 0x0000000000000400
2026/09/19 20:36:19.058, 2940 MHz, 14301 MHz, 98 %, 85.20 W, 68, 0x0000000000000400
2026/09/19 20:36:19.565, 2940 MHz, 14301 MHz, 98 %, 84.90 W, 68, 0x0000000000000400
2026/09/19 20:36:20.069, 2940 MHz, 14301 MHz, 99 %, 85.08 W, 68, 0x0000000000000400
2026/09/19 20:36:20.571, 2940 MHz, 14301 MHz, 98 %, 85.34 W, 68, 0x0000000000000400
2026/09/19 20:36:21.075, 2940 MHz, 14301 MHz, 99 %, 85.28 W, 68, 0x0000000000000400
2026/09/19 20:36:21.582, 2947 MHz, 14301 MHz, 99 %, 85.16 W, 68, 0x0000000000000400
2026/09/19 20:36:22.086, 2940 MHz, 14301 MHz, 99 %, 85.04 W, 68, 0x0000000000000400
2026/09/19 20:36:22.591, 2940 MHz, 14301 MHz, 98 %, 85.04 W, 68, 0x0000000000000400
2026/09/19 20:36:23.092, 2940 MHz, 14301 MHz, 77 %, 84.56 W, 68, 0x0000000000000400
2026/09/19 20:36:23.595, 2940 MHz, 14301 MHz, 98 %, 84.51 W, 68, 0x0000000000000400
2026/09/19 20:36:24.100, 2940 MHz, 14301 MHz, 99 %, 85.25 W, 68, 0x0000000000000400
2026/09/19 20:36:24.601, 2940 MHz, 14301 MHz, 99 %, 85.14 W, 68, 0x0000000000000400
2026/09/19 20:36:25.106, 2940 MHz, 14301 MHz, 99 %, 85.02 W, 68, 0x0000000000000400
2026/09/19 20:36:25.608, 2940 MHz, 14301 MHz, 99 %, 85.10 W, 68, 0x0000000000000400
2026/09/19 20:36:26.109, 2940 MHz, 14301 MHz, 98 %, 85.23 W, 68, 0x0000000000000400
2026/09/19 20:36:26.614, 2940 MHz, 14301 MHz, 98 %, 85.18 W, 68, 0x0000000000000400
2026/09/19 20:36:27.117, 2940 MHz, 14301 MHz, 99 %, 85.13 W, 68, 0x0000000000000400
2026/09/19 20:36:27.619, 2940 MHz, 14301 MHz, 98 %, 85.25 W, 69, 0x0000000000000400
2026/09/19 20:36:28.122, 2940 MHz, 14301 MHz, 98 %, 85.21 W, 68, 0x0000000000000400
2026/09/19 20:36:28.624, 2940 MHz, 14301 MHz, 99 %, 85.08 W, 68, 0x0000000000000400
2026/09/19 20:36:29.129, 2940 MHz, 14301 MHz, 99 %, 85.09 W, 68, 0x0000000000000400
2026/09/19 20:36:29.633, 2940 MHz, 14301 MHz, 98 %, 85.33 W, 68, 0x0000000000000400
2026/09/19 20:36:30.134, 2940 MHz, 14301 MHz, 99 %, 85.37 W, 68, 0x0000000000000400
2026/09/19 20:36:30.640, 2940 MHz, 14301 MHz, 99 %, 85.42 W, 68, 0x0000000000000400
2026/09/19 20:36:31.145, 2925 MHz, 14301 MHz, 98 %, 84.48 W, 68, 0x0000000000000400
2026/09/19 20:36:31.647, 2940 MHz, 14301 MHz, 98 %, 84.47 W, 68, 0x0000000000000400
2026/09/19 20:36:32.163, 2940 MHz, 14301 MHz, 98 %, 85.36 W, 68, 0x0000000000000400
2026/09/19 20:36:32.665, 2940 MHz, 14301 MHz, 99 %, 85.38 W, 68, 0x0000000000000400
2026/09/19 20:36:33.170, 2940 MHz, 14301 MHz, 98 %, 85.50 W, 68, 0x0000000000000400
2026/09/19 20:36:33.672, 2940 MHz, 14301 MHz, 99 %, 85.50 W, 68, 0x0000000000000400
2026/09/19 20:36:34.175, 2940 MHz, 14301 MHz, 99 %, 85.33 W, 68, 0x0000000000000400
2026/09/19 20:36:34.678, 2940 MHz, 14301 MHz, 99 %, 85.03 W, 68, 0x0000000000000400
2026/09/19 20:36:35.194, 2940 MHz, 14301 MHz, 98 %, 85.01 W, 69, 0x0000000000000400
2026/09/19 20:36:35.708, 2940 MHz, 14301 MHz, 98 %, 85.04 W, 68, 0x0000000000000400
2026/09/19 20:36:36.214, 2940 MHz, 14301 MHz, 99 %, 85.13 W, 68, 0x0000000000000400
2026/09/19 20:36:36.718, 2940 MHz, 14301 MHz, 99 %, 85.11 W, 68, 0x0000000000000400
2026/09/19 20:36:37.234, 2940 MHz, 14301 MHz, 99 %, 85.12 W, 68, 0x0000000000000400
2026/09/19 20:36:37.739, 2940 MHz, 14301 MHz, 99 %, 85.02 W, 68, 0x0000000000000400
2026/09/19 20:36:38.240, 2940 MHz, 14301 MHz, 99 %, 85.03 W, 68, 0x0000000000000400
2026/09/19 20:36:38.742, 2925 MHz, 14301 MHz, 98 %, 84.37 W, 68, 0x0000000000000400
2026/09/19 20:36:39.245, 2940 MHz, 14301 MHz, 99 %, 84.54 W, 68, 0x0000000000000400
2026/09/19 20:36:39.747, 2940 MHz, 14301 MHz, 99 %, 85.23 W, 68, 0x0000000000000400
2026/09/19 20:36:40.248, 2940 MHz, 14301 MHz, 98 %, 85.18 W, 68, 0x0000000000000400
2026/09/19 20:36:40.752, 2940 MHz, 14301 MHz, 98 %, 84.98 W, 68, 0x0000000000000400
2026/09/19 20:36:41.253, 2940 MHz, 14301 MHz, 98 %, 85.05 W, 68, 0x0000000000000400
2026/09/19 20:36:41.767, 2940 MHz, 14301 MHz, 99 %, 85.21 W, 68, 0x0000000000000400
2026/09/19 20:36:42.283, 2940 MHz, 14301 MHz, 98 %, 85.39 W, 69, 0x0000000000000400
2026/09/19 20:36:42.797, 2940 MHz, 14301 MHz, 98 %, 85.37 W, 68, 0x0000000000000400
2026/09/19 20:36:43.312, 2940 MHz, 14301 MHz, 99 %, 85.07 W, 68, 0x0000000000000400
2026/09/19 20:36:43.817, 2940 MHz, 14301 MHz, 98 %, 84.92 W, 68, 0x0000000000000400
2026/09/19 20:36:44.321, 2940 MHz, 14301 MHz, 98 %, 85.10 W, 68, 0x0000000000000400
2026/09/19 20:36:44.822, 2940 MHz, 14301 MHz, 99 %, 85.09 W, 68, 0x0000000000000400
2026/09/19 20:36:45.337, 2940 MHz, 14301 MHz, 98 %, 84.94 W, 68, 0x0000000000000400
2026/09/19 20:36:45.837, 2940 MHz, 14301 MHz, 99 %, 85.10 W, 68, 0x0000000000000400
2026/09/19 20:36:46.353, 2947 MHz, 14301 MHz, 92 %, 85.04 W, 68, 0x0000000000000400
2026/09/19 20:36:46.855, 2940 MHz, 14301 MHz, 98 %, 84.29 W, 68, 0x0000000000000400
2026/09/19 20:36:47.361, 2940 MHz, 14301 MHz, 99 %, 84.41 W, 68, 0x0000000000000400
2026/09/19 20:36:47.876, 2940 MHz, 14301 MHz, 99 %, 85.07 W, 68, 0x0000000000000400
2026/09/19 20:36:48.377, 2940 MHz, 14301 MHz, 99 %, 85.21 W, 68, 0x0000000000000400
2026/09/19 20:36:48.881, 2940 MHz, 14301 MHz, 99 %, 85.18 W, 68, 0x0000000000000400
2026/09/19 20:36:49.383, 2940 MHz, 14301 MHz, 99 %, 85.02 W, 68, 0x0000000000000400
2026/09/19 20:36:49.883, 2940 MHz, 14301 MHz, 98 %, 84.79 W, 68, 0x0000000000000400
2026/09/19 20:36:50.386, 2940 MHz, 14301 MHz, 99 %, 84.72 W, 68, 0x0000000000000400
2026/09/19 20:36:50.888, 2940 MHz, 14301 MHz, 99 %, 84.82 W, 68, 0x0000000000000400
2026/09/19 20:36:51.392, 2940 MHz, 14301 MHz, 98 %, 84.96 W, 68, 0x0000000000000400
2026/09/19 20:36:51.894, 2940 MHz, 14301 MHz, 98 %, 85.06 W, 68, 0x0000000000000400
2026/09/19 20:36:52.407, 2940 MHz, 14301 MHz, 99 %, 84.94 W, 68, 0x0000000000000400
2026/09/19 20:36:52.909, 2940 MHz, 14301 MHz, 99 %, 84.75 W, 68, 0x0000000000000400
2026/09/19 20:36:53.413, 2940 MHz, 14301 MHz, 99 %, 84.79 W, 68, 0x0000000000000400
2026/09/19 20:36:53.913, 2947 MHz, 14301 MHz, 98 %, 84.83 W, 68, 0x0000000000000400
2026/09/19 20:36:54.414, 2940 MHz, 14301 MHz, 98 %, 84.98 W, 68, 0x0000000000000400
2026/09/19 20:36:54.917, 2902 MHz, 14301 MHz, 98 %, 84.07 W, 68, 0x0000000000000400
2026/09/19 20:36:55.430, 2940 MHz, 14301 MHz, 99 %, 83.92 W, 68, 0x0000000000000400
2026/09/19 20:36:55.950, 2947 MHz, 14301 MHz, 99 %, 84.82 W, 68, 0x0000000000000400
2026/09/19 20:36:56.451, 2940 MHz, 14301 MHz, 99 %, 84.74 W, 68, 0x0000000000000400
2026/09/19 20:36:56.951, 2940 MHz, 14301 MHz, 99 %, 84.83 W, 68, 0x0000000000000400
2026/09/19 20:36:57.465, 2940 MHz, 14301 MHz, 99 %, 85.02 W, 68, 0x0000000000000400
2026/09/19 20:36:57.967, 2940 MHz, 14301 MHz, 98 %, 85.14 W, 68, 0x0000000000000400
2026/09/19 20:36:58.472, 2940 MHz, 14301 MHz, 99 %, 85.10 W, 68, 0x0000000000000400
2026/09/19 20:36:58.976, 2940 MHz, 14301 MHz, 98 %, 85.06 W, 68, 0x0000000000000400
2026/09/19 20:36:59.477, 2940 MHz, 14301 MHz, 99 %, 84.94 W, 68, 0x0000000000000400
2026/09/19 20:36:59.979, 2947 MHz, 14301 MHz, 99 %, 84.87 W, 68, 0x0000000000000400
2026/09/19 20:37:00.480, 2940 MHz, 14301 MHz, 98 %, 85.14 W, 69, 0x0000000000000400
2026/09/19 20:37:00.994, 2940 MHz, 14301 MHz, 98 %, 85.41 W, 68, 0x0000000000000400
2026/09/19 20:37:01.496, 2940 MHz, 14301 MHz, 99 %, 85.36 W, 68, 0x0000000000000400
2026/09/19 20:37:01.998, 2940 MHz, 14301 MHz, 98 %, 85.11 W, 68, 0x0000000000000400
2026/09/19 20:37:02.513, 2940 MHz, 14301 MHz, 98 %, 85.13 W, 68, 0x0000000000000400
2026/09/19 20:37:03.017, 2932 MHz, 14301 MHz, 99 %, 84.34 W, 68, 0x0000000000000400
2026/09/19 20:37:03.520, 2940 MHz, 14301 MHz, 99 %, 84.36 W, 68, 0x0000000000000400
2026/09/19 20:37:04.035, 2940 MHz, 14301 MHz, 99 %, 85.47 W, 68, 0x0000000000000400
2026/09/19 20:37:04.537, 2940 MHz, 14301 MHz, 99 %, 85.39 W, 68, 0x0000000000000400
2026/09/19 20:37:05.052, 2940 MHz, 14301 MHz, 98 %, 85.18 W, 68, 0x0000000000000400
2026/09/19 20:37:05.557, 2940 MHz, 14301 MHz, 99 %, 85.01 W, 68, 0x0000000000000400
2026/09/19 20:37:06.061, 2947 MHz, 14301 MHz, 99 %, 84.88 W, 68, 0x0000000000000400
2026/09/19 20:37:06.571, 2940 MHz, 14301 MHz, 99 %, 85.00 W, 68, 0x0000000000000400
2026/09/19 20:37:07.076, 2940 MHz, 14301 MHz, 99 %, 85.10 W, 68, 0x0000000000000400
2026/09/19 20:37:07.580, 2940 MHz, 14301 MHz, 98 %, 85.21 W, 68, 0x0000000000000400
2026/09/19 20:37:08.083, 2940 MHz, 14301 MHz, 98 %, 85.02 W, 68, 0x0000000000000400
2026/09/19 20:37:08.585, 2940 MHz, 14301 MHz, 99 %, 84.82 W, 68, 0x0000000000000400
2026/09/19 20:37:09.089, 2940 MHz, 14301 MHz, 99 %, 84.92 W, 68, 0x0000000000000400
2026/09/19 20:37:09.595, 2940 MHz, 14301 MHz, 99 %, 85.06 W, 68, 0x0000000000000400
2026/09/19 20:37:10.097, 2940 MHz, 14301 MHz, 98 %, 84.94 W, 68, 0x0000000000000400
2026/09/19 20:37:10.601, 2940 MHz, 14301 MHz, 90 %, 84.88 W, 68, 0x0000000000000400
2026/09/19 20:37:11.104, 2940 MHz, 14301 MHz, 98 %, 84.42 W, 68, 0x0000000000000400
2026/09/19 20:37:11.605, 2940 MHz, 14301 MHz, 99 %, 84.30 W, 68, 0x0000000000000400
2026/09/19 20:37:12.108, 2947 MHz, 14301 MHz, 99 %, 84.86 W, 68, 0x0000000000000400
2026/09/19 20:37:12.610, 2940 MHz, 14301 MHz, 99 %, 84.92 W, 68, 0x0000000000000400
2026/09/19 20:37:13.117, 2940 MHz, 14301 MHz, 98 %, 85.19 W, 68, 0x0000000000000400
2026/09/19 20:37:13.619, 2940 MHz, 14301 MHz, 98 %, 85.34 W, 68, 0x0000000000000400
2026/09/19 20:37:14.124, 2940 MHz, 14301 MHz, 98 %, 85.25 W, 68, 0x0000000000000400
2026/09/19 20:37:14.629, 2940 MHz, 14301 MHz, 99 %, 85.14 W, 68, 0x0000000000000400
2026/09/19 20:37:15.130, 2940 MHz, 14301 MHz, 98 %, 84.89 W, 68, 0x0000000000000400
2026/09/19 20:37:15.631, 2940 MHz, 14301 MHz, 99 %, 85.02 W, 68, 0x0000000000000400
2026/09/19 20:37:16.133, 2940 MHz, 14301 MHz, 99 %, 85.15 W, 68, 0x0000000000000400
2026/09/19 20:37:16.638, 2940 MHz, 14301 MHz, 99 %, 85.00 W, 68, 0x0000000000000400
2026/09/19 20:37:17.141, 2940 MHz, 14301 MHz, 98 %, 85.25 W, 68, 0x0000000000000400
2026/09/19 20:37:17.644, 2940 MHz, 14301 MHz, 98 %, 85.19 W, 68, 0x0000000000000400
2026/09/19 20:37:18.152, 2940 MHz, 14301 MHz, 98 %, 85.08 W, 68, 0x0000000000000400
2026/09/19 20:37:18.658, 2940 MHz, 14301 MHz, 99 %, 85.35 W, 68, 0x0000000000000400
2026/09/19 20:37:19.172, 2932 MHz, 14301 MHz, 98 %, 84.70 W, 68, 0x0000000000000400
2026/09/19 20:37:19.686, 2940 MHz, 14301 MHz, 99 %, 84.76 W, 68, 0x0000000000000400
2026/09/19 20:37:20.188, 2940 MHz, 14301 MHz, 98 %, 85.51 W, 68, 0x0000000000000400
2026/09/19 20:37:20.703, 2940 MHz, 14301 MHz, 99 %, 85.33 W, 68, 0x0000000000000400
2026/09/19 20:37:21.204, 2940 MHz, 14301 MHz, 99 %, 85.12 W, 68, 0x0000000000000400
2026/09/19 20:37:21.706, 2940 MHz, 14301 MHz, 98 %, 85.26 W, 68, 0x0000000000000400
2026/09/19 20:37:22.209, 2940 MHz, 14301 MHz, 99 %, 85.27 W, 68, 0x0000000000000400
2026/09/19 20:37:22.711, 2940 MHz, 14301 MHz, 98 %, 85.36 W, 68, 0x0000000000000400
2026/09/19 20:37:23.212, 2940 MHz, 14301 MHz, 98 %, 85.39 W, 68, 0x0000000000000400
2026/09/19 20:37:23.718, 2940 MHz, 14301 MHz, 99 %, 85.08 W, 68, 0x0000000000000400
2026/09/19 20:37:24.219, 2940 MHz, 14301 MHz, 98 %, 85.04 W, 68, 0x0000000000000400
2026/09/19 20:37:24.735, 2947 MHz, 14301 MHz, 98 %, 85.34 W, 68, 0x0000000000000400
2026/09/19 20:37:25.237, 2940 MHz, 14301 MHz, 99 %, 85.30 W, 68, 0x0000000000000400
2026/09/19 20:37:25.752, 2940 MHz, 14301 MHz, 98 %, 85.26 W, 68, 0x0000000000000400
2026/09/19 20:37:26.257, 2932 MHz, 14301 MHz, 99 %, 84.47 W, 68, 0x0000000000000400
2026/09/19 20:37:26.772, 2947 MHz, 14301 MHz, 99 %, 84.19 W, 68, 0x0000000000000400
2026/09/19 20:37:27.286, 2940 MHz, 14301 MHz, 99 %, 84.95 W, 68, 0x0000000000000400
2026/09/19 20:37:27.789, 2940 MHz, 14301 MHz, 99 %, 85.17 W, 68, 0x0000000000000400
2026/09/19 20:37:28.304, 2940 MHz, 14301 MHz, 99 %, 85.29 W, 68, 0x0000000000000400
2026/09/19 20:37:28.808, 2940 MHz, 14301 MHz, 98 %, 85.30 W, 68, 0x0000000000000400
2026/09/19 20:37:29.312, 2940 MHz, 14301 MHz, 99 %, 85.20 W, 68, 0x0000000000000400
2026/09/19 20:37:29.814, 2940 MHz, 14301 MHz, 98 %, 84.97 W, 68, 0x0000000000000400
2026/09/19 20:37:30.316, 2940 MHz, 14301 MHz, 98 %, 84.89 W, 68, 0x0000000000000400
2026/09/19 20:37:30.819, 2940 MHz, 14301 MHz, 98 %, 85.18 W, 68, 0x0000000000000400
2026/09/19 20:37:31.324, 2940 MHz, 14301 MHz, 99 %, 85.33 W, 68, 0x0000000000000400
2026/09/19 20:37:31.829, 2940 MHz, 14301 MHz, 99 %, 85.11 W, 68, 0x0000000000000400
2026/09/19 20:37:32.332, 2940 MHz, 14301 MHz, 98 %, 85.08 W, 68, 0x0000000000000400
2026/09/19 20:37:32.836, 2940 MHz, 14301 MHz, 98 %, 85.21 W, 68, 0x0000000000000400
2026/09/19 20:37:33.352, 2940 MHz, 14301 MHz, 99 %, 85.12 W, 68, 0x0000000000000400
2026/09/19 20:37:33.855, 2940 MHz, 14301 MHz, 99 %, 84.37 W, 68, 0x0000000000000400
2026/09/19 20:37:34.358, 2940 MHz, 14301 MHz, 98 %, 84.43 W, 68, 0x0000000000000400
2026/09/19 20:37:34.860, 2940 MHz, 14301 MHz, 99 %, 85.31 W, 68, 0x0000000000000400
2026/09/19 20:37:35.365, 2940 MHz, 14301 MHz, 99 %, 85.19 W, 68, 0x0000000000000400
2026/09/19 20:37:35.866, 2940 MHz, 14301 MHz, 99 %, 84.89 W, 68, 0x0000000000000400
2026/09/19 20:37:36.369, 2940 MHz, 14301 MHz, 99 %, 84.80 W, 68, 0x0000000000000400
2026/09/19 20:37:36.873, 2940 MHz, 14301 MHz, 99 %, 84.70 W, 68, 0x0000000000000400
2026/09/19 20:37:37.376, 2940 MHz, 14301 MHz, 98 %, 84.82 W, 68, 0x0000000000000400
2026/09/19 20:37:37.880, 2940 MHz, 14301 MHz, 99 %, 85.00 W, 68, 0x0000000000000400
2026/09/19 20:37:38.387, 2940 MHz, 14301 MHz, 98 %, 84.74 W, 68, 0x0000000000000400
2026/09/19 20:37:38.900, 2940 MHz, 14301 MHz, 99 %, 84.85 W, 68, 0x0000000000000400
2026/09/19 20:37:39.402, 2940 MHz, 14301 MHz, 98 %, 84.73 W, 68, 0x0000000000000400
2026/09/19 20:37:39.903, 2940 MHz, 14301 MHz, 98 %, 84.69 W, 68, 0x0000000000000400
2026/09/19 20:37:40.404, 2940 MHz, 14301 MHz, 98 %, 84.95 W, 68, 0x0000000000000400
2026/09/19 20:37:40.906, 2940 MHz, 14301 MHz, 99 %, 84.81 W, 68, 0x0000000000000400
2026/09/19 20:37:41.412, 2940 MHz, 14301 MHz, 99 %, 84.90 W, 68, 0x0000000000000400
2026/09/19 20:37:41.928, 2940 MHz, 14301 MHz, 75 %, 84.39 W, 67, 0x0000000000000400
2026/09/19 20:37:42.433, 2940 MHz, 14301 MHz, 98 %, 84.27 W, 68, 0x0000000000000400
2026/09/19 20:37:42.935, 2940 MHz, 14301 MHz, 99 %, 84.70 W, 68, 0x0000000000000400
2026/09/19 20:37:43.449, 2940 MHz, 14301 MHz, 98 %, 84.83 W, 68, 0x0000000000000400
2026/09/19 20:37:43.951, 2940 MHz, 14301 MHz, 99 %, 85.03 W, 68, 0x0000000000000400
2026/09/19 20:37:44.455, 2940 MHz, 14301 MHz, 98 %, 85.13 W, 68, 0x0000000000000400
2026/09/19 20:37:44.962, 2940 MHz, 14301 MHz, 99 %, 85.03 W, 68, 0x0000000000000400
2026/09/19 20:37:45.463, 2940 MHz, 14301 MHz, 99 %, 84.77 W, 68, 0x0000000000000400
2026/09/19 20:37:45.978, 2940 MHz, 14301 MHz, 98 %, 84.85 W, 68, 0x0000000000000400
2026/09/19 20:37:46.484, 2940 MHz, 14301 MHz, 99 %, 85.03 W, 68, 0x0000000000000400
2026/09/19 20:37:46.998, 2940 MHz, 14301 MHz, 98 %, 85.17 W, 68, 0x0000000000000400
2026/09/19 20:37:47.503, 2940 MHz, 14301 MHz, 99 %, 84.92 W, 68, 0x0000000000000400
2026/09/19 20:37:48.005, 2940 MHz, 14301 MHz, 99 %, 84.86 W, 68, 0x0000000000000400
2026/09/19 20:37:48.518, 2940 MHz, 14301 MHz, 99 %, 84.81 W, 68, 0x0000000000000400
2026/09/19 20:37:49.019, 2940 MHz, 14301 MHz, 98 %, 84.65 W, 68, 0x0000000000000400
2026/09/19 20:37:49.534, 2940 MHz, 14301 MHz, 98 %, 84.96 W, 68, 0x0000000000000400
2026/09/19 20:37:50.035, 2940 MHz, 14301 MHz, 99 %, 84.94 W, 68, 0x0000000000000400
2026/09/19 20:37:50.536, 2932 MHz, 14301 MHz, 98 %, 83.83 W, 68, 0x0000000000000400
2026/09/19 20:37:51.050, 2940 MHz, 14301 MHz, 99 %, 84.02 W, 68, 0x0000000000000400
2026/09/19 20:37:51.564, 2940 MHz, 14301 MHz, 98 %, 84.93 W, 68, 0x0000000000000400
2026/09/19 20:37:52.079, 2940 MHz, 14301 MHz, 98 %, 84.65 W, 68, 0x0000000000000400
2026/09/19 20:37:52.593, 2940 MHz, 14301 MHz, 99 %, 84.61 W, 68, 0x0000000000000400
2026/09/19 20:37:53.109, 2940 MHz, 14301 MHz, 98 %, 84.72 W, 68, 0x0000000000000400
2026/09/19 20:37:53.623, 2940 MHz, 14301 MHz, 99 %, 84.81 W, 68, 0x0000000000000400
2026/09/19 20:37:54.138, 2940 MHz, 14301 MHz, 99 %, 84.95 W, 68, 0x0000000000000400
2026/09/19 20:37:54.651, 2940 MHz, 14301 MHz, 99 %, 84.70 W, 68, 0x0000000000000400
2026/09/19 20:37:55.166, 2940 MHz, 14301 MHz, 99 %, 84.58 W, 68, 0x0000000000000400
2026/09/19 20:37:55.681, 2940 MHz, 14301 MHz, 98 %, 84.62 W, 68, 0x0000000000000400
2026/09/19 20:37:56.196, 2940 MHz, 14301 MHz, 99 %, 84.64 W, 68, 0x0000000000000400
2026/09/19 20:37:56.708, 2940 MHz, 14301 MHz, 99 %, 84.86 W, 68, 0x0000000000000400
2026/09/19 20:37:57.210, 2940 MHz, 14301 MHz, 98 %, 84.99 W, 68, 0x0000000000000400
2026/09/19 20:37:57.724, 2940 MHz, 14301 MHz, 98 %, 84.82 W, 68, 0x0000000000000400
2026/09/19 20:37:58.239, 2940 MHz, 14301 MHz, 87 %, 84.33 W, 68, 0x0000000000000400
2026/09/19 20:37:58.752, 2940 MHz, 14301 MHz, 98 %, 84.59 W, 68, 0x0000000000000400
2026/09/19 20:37:59.253, 2940 MHz, 14301 MHz, 99 %, 84.79 W, 68, 0x0000000000000400
2026/09/19 20:37:59.755, 2940 MHz, 14301 MHz, 99 %, 84.87 W, 68, 0x0000000000000400
2026/09/19 20:38:00.258, 2940 MHz, 14301 MHz, 99 %, 84.81 W, 68, 0x0000000000000400
2026/09/19 20:38:00.763, 2940 MHz, 14301 MHz, 99 %, 84.67 W, 68, 0x0000000000000400
2026/09/19 20:38:01.277, 2940 MHz, 14301 MHz, 99 %, 84.60 W, 68, 0x0000000000000400
2026/09/19 20:38:01.788, 2940 MHz, 14301 MHz, 99 %, 84.71 W, 68, 0x0000000000000400
2026/09/19 20:38:02.304, 2940 MHz, 14301 MHz, 99 %, 84.78 W, 69, 0x0000000000000400
2026/09/19 20:38:02.804, 2940 MHz, 14301 MHz, 99 %, 84.99 W, 68, 0x0000000000000400
2026/09/19 20:38:03.319, 2947 MHz, 14301 MHz, 98 %, 84.83 W, 68, 0x0000000000000400
2026/09/19 20:38:03.820, 2940 MHz, 14301 MHz, 99 %, 84.80 W, 68, 0x0000000000000400
2026/09/19 20:38:04.330, 2940 MHz, 14301 MHz, 99 %, 84.86 W, 68, 0x0000000000000400
2026/09/19 20:38:04.830, 2940 MHz, 14301 MHz, 98 %, 85.02 W, 68, 0x0000000000000400
2026/09/19 20:38:05.345, 2940 MHz, 14301 MHz, 99 %, 85.21 W, 68, 0x0000000000000400
2026/09/19 20:38:05.846, 2940 MHz, 14301 MHz, 99 %, 85.08 W, 68, 0x0000000000000400
2026/09/19 20:38:06.358, 2940 MHz, 14301 MHz, 98 %, 84.98 W, 68, 0x0000000000000400
2026/09/19 20:38:06.860, 2940 MHz, 14301 MHz, 99 %, 84.95 W, 68, 0x0000000000000400
2026/09/19 20:38:07.362, 2947 MHz, 14301 MHz, 99 %, 84.66 W, 68, 0x0000000000000400
2026/09/19 20:38:07.864, 2940 MHz, 14301 MHz, 99 %, 84.60 W, 68, 0x0000000000000400
2026/09/19 20:38:08.376, 2947 MHz, 14301 MHz, 98 %, 85.01 W, 68, 0x0000000000000400
2026/09/19 20:38:08.892, 2940 MHz, 14301 MHz, 75 %, 84.25 W, 67, 0x0000000000000400
2026/09/19 20:38:09.406, 2940 MHz, 14301 MHz, 98 %, 84.08 W, 68, 0x0000000000000400
2026/09/19 20:38:09.921, 2940 MHz, 14301 MHz, 99 %, 84.16 W, 68, 0x0000000000000400
2026/09/19 20:38:10.422, 2940 MHz, 14301 MHz, 98 %, 84.86 W, 68, 0x0000000000000400
2026/09/19 20:38:10.936, 2940 MHz, 14301 MHz, 99 %, 84.59 W, 68, 0x0000000000000400
2026/09/19 20:38:11.451, 2940 MHz, 14301 MHz, 99 %, 84.75 W, 68, 0x0000000000000400
2026/09/19 20:38:11.965, 2940 MHz, 14301 MHz, 99 %, 84.96 W, 68, 0x0000000000000400
2026/09/19 20:38:12.466, 2940 MHz, 14301 MHz, 99 %, 85.03 W, 68, 0x0000000000000400
2026/09/19 20:38:12.967, 2940 MHz, 14301 MHz, 98 %, 84.94 W, 68, 0x0000000000000400
2026/09/19 20:38:13.482, 2940 MHz, 14301 MHz, 98 %, 84.80 W, 68, 0x0000000000000400
2026/09/19 20:38:13.997, 2940 MHz, 14301 MHz, 98 %, 84.86 W, 68, 0x0000000000000400
2026/09/19 20:38:14.513, 2940 MHz, 14301 MHz, 99 %, 84.89 W, 68, 0x0000000000000400
2026/09/19 20:38:15.025, 2940 MHz, 14301 MHz, 99 %, 84.96 W, 68, 0x0000000000000400
2026/09/19 20:38:15.526, 2940 MHz, 14301 MHz, 98 %, 85.19 W, 68, 0x0000000000000400
2026/09/19 20:38:16.027, 2940 MHz, 14301 MHz, 99 %, 85.46 W, 69, 0x0000000000000400
2026/09/19 20:38:16.528, 2940 MHz, 14301 MHz, 99 %, 85.23 W, 68, 0x0000000000000400
2026/09/19 20:38:17.043, 2940 MHz, 14301 MHz, 98 %, 85.10 W, 68, 0x0000000000000400
2026/09/19 20:38:17.557, 2940 MHz, 14301 MHz, 98 %, 84.37 W, 68, 0x0000000000000400
2026/09/19 20:38:18.071, 2940 MHz, 14301 MHz, 98 %, 84.69 W, 68, 0x0000000000000400
2026/09/19 20:38:18.585, 2940 MHz, 14301 MHz, 99 %, 85.44 W, 68, 0x0000000000000400
2026/09/19 20:38:19.097, 2940 MHz, 14301 MHz, 99 %, 85.30 W, 68, 0x0000000000000400
2026/09/19 20:38:19.610, 2940 MHz, 14301 MHz, 98 %, 85.06 W, 68, 0x0000000000000400
2026/09/19 20:38:20.125, 2940 MHz, 14301 MHz, 98 %, 85.04 W, 68, 0x0000000000000400
2026/09/19 20:38:20.640, 2940 MHz, 14301 MHz, 99 %, 85.30 W, 68, 0x0000000000000400
2026/09/19 20:38:21.155, 2940 MHz, 14301 MHz, 99 %, 85.54 W, 68, 0x0000000000000400
2026/09/19 20:38:21.671, 2940 MHz, 14301 MHz, 99 %, 85.38 W, 68, 0x0000000000000400
2026/09/19 20:38:22.185, 2940 MHz, 14301 MHz, 98 %, 85.35 W, 68, 0x0000000000000400
2026/09/19 20:38:22.700, 2940 MHz, 14301 MHz, 98 %, 85.16 W, 68, 0x0000000000000400
2026/09/19 20:38:23.200, 2940 MHz, 14301 MHz, 98 %, 85.16 W, 68, 0x0000000000000400
2026/09/19 20:38:23.701, 2940 MHz, 14301 MHz, 98 %, 85.28 W, 68, 0x0000000000000400
2026/09/19 20:38:24.215, 2940 MHz, 14301 MHz, 99 %, 85.29 W, 68, 0x0000000000000400
2026/09/19 20:38:24.729, 2940 MHz, 14301 MHz, 98 %, 85.21 W, 68, 0x0000000000000400
2026/09/19 20:38:25.230, 2940 MHz, 14301 MHz, 98 %, 85.27 W, 68, 0x0000000000000400
2026/09/19 20:38:25.744, 2940 MHz, 14301 MHz, 98 %, 84.41 W, 68, 0x0000000000000400
2026/09/19 20:38:26.259, 2940 MHz, 14301 MHz, 99 %, 85.19 W, 69, 0x0000000000000400
2026/09/19 20:38:26.760, 2940 MHz, 14301 MHz, 98 %, 85.12 W, 69, 0x0000000000000400
2026/09/19 20:38:27.275, 2940 MHz, 14301 MHz, 98 %, 85.10 W, 68, 0x0000000000000400
2026/09/19 20:38:27.791, 2940 MHz, 14301 MHz, 98 %, 85.24 W, 68, 0x0000000000000400
2026/09/19 20:38:28.306, 2940 MHz, 14301 MHz, 99 %, 85.34 W, 68, 0x0000000000000400
2026/09/19 20:38:28.822, 2940 MHz, 14301 MHz, 98 %, 85.39 W, 68, 0x0000000000000400
2026/09/19 20:38:29.323, 2940 MHz, 14301 MHz, 99 %, 85.22 W, 68, 0x0000000000000400
2026/09/19 20:38:29.839, 2940 MHz, 14301 MHz, 98 %, 85.23 W, 68, 0x0000000000000400
2026/09/19 20:38:30.340, 2940 MHz, 14301 MHz, 99 %, 85.56 W, 68, 0x0000000000000400
2026/09/19 20:38:30.853, 2940 MHz, 14301 MHz, 98 %, 85.77 W, 68, 0x0000000000000400
2026/09/19 20:38:31.368, 2940 MHz, 14301 MHz, 98 %, 85.48 W, 68, 0x0000000000000400
2026/09/19 20:38:31.881, 2940 MHz, 14301 MHz, 98 %, 85.20 W, 69, 0x0000000000000400
2026/09/19 20:38:32.383, 2940 MHz, 14301 MHz, 98 %, 85.06 W, 68, 0x0000000000000400
2026/09/19 20:38:32.884, 2940 MHz, 14301 MHz, 84 %, 85.10 W, 68, 0x0000000000000400
2026/09/19 20:38:33.396, 2932 MHz, 14301 MHz, 98 %, 84.74 W, 68, 0x0000000000000400
2026/09/19 20:38:33.909, 2940 MHz, 14301 MHz, 99 %, 84.86 W, 68, 0x0000000000000400
2026/09/19 20:38:34.412, 2940 MHz, 14301 MHz, 99 %, 85.76 W, 69, 0x0000000000000400
2026/09/19 20:38:34.925, 2940 MHz, 14301 MHz, 98 %, 85.47 W, 69, 0x0000000000000400
2026/09/19 20:38:35.438, 2940 MHz, 14301 MHz, 98 %, 85.35 W, 69, 0x0000000000000400
2026/09/19 20:38:35.940, 2940 MHz, 14301 MHz, 98 %, 85.50 W, 68, 0x0000000000000400
2026/09/19 20:38:36.441, 2940 MHz, 14301 MHz, 98 %, 85.66 W, 69, 0x0000000000000400
2026/09/19 20:38:36.954, 2940 MHz, 14301 MHz, 98 %, 85.78 W, 68, 0x0000000000000400
2026/09/19 20:38:37.457, 2940 MHz, 14301 MHz, 98 %, 85.62 W, 68, 0x0000000000000400
2026/09/19 20:38:37.973, 2940 MHz, 14301 MHz, 98 %, 85.39 W, 68, 0x0000000000000400
2026/09/19 20:38:38.475, 2940 MHz, 14301 MHz, 98 %, 85.15 W, 68, 0x0000000000000400
2026/09/19 20:38:38.989, 2940 MHz, 14301 MHz, 99 %, 85.29 W, 68, 0x0000000000000400
2026/09/19 20:38:39.501, 2940 MHz, 14301 MHz, 99 %, 85.22 W, 68, 0x0000000000000400
2026/09/19 20:38:40.004, 2940 MHz, 14301 MHz, 98 %, 85.51 W, 68, 0x0000000000000400
2026/09/19 20:38:40.518, 2940 MHz, 14301 MHz, 98 %, 85.33 W, 68, 0x0000000000000400
2026/09/19 20:38:41.020, 2917 MHz, 14301 MHz, 99 %, 84.42 W, 68, 0x0000000000000400
2026/09/19 20:38:41.535, 2940 MHz, 14301 MHz, 98 %, 84.48 W, 69, 0x0000000000000400
2026/09/19 20:38:42.049, 2940 MHz, 14301 MHz, 98 %, 85.47 W, 69, 0x0000000000000400
2026/09/19 20:38:42.563, 2940 MHz, 14301 MHz, 98 %, 85.47 W, 68, 0x0000000000000400
2026/09/19 20:38:43.078, 2940 MHz, 14301 MHz, 99 %, 85.35 W, 68, 0x0000000000000400
2026/09/19 20:38:43.582, 2940 MHz, 14301 MHz, 99 %, 85.36 W, 68, 0x0000000000000400
2026/09/19 20:38:44.097, 2940 MHz, 14301 MHz, 98 %, 85.49 W, 68, 0x0000000000000400
2026/09/19 20:38:44.608, 2940 MHz, 14301 MHz, 99 %, 85.46 W, 68, 0x0000000000000400
2026/09/19 20:38:45.109, 2940 MHz, 14301 MHz, 98 %, 85.32 W, 68, 0x0000000000000400
2026/09/19 20:38:45.623, 2940 MHz, 14301 MHz, 98 %, 85.33 W, 68, 0x0000000000000400
2026/09/19 20:38:46.138, 2940 MHz, 14301 MHz, 98 %, 85.44 W, 68, 0x0000000000000400
2026/09/19 20:38:46.639, 2940 MHz, 14301 MHz, 99 %, 85.49 W, 69, 0x0000000000000400
2026/09/19 20:38:47.152, 2940 MHz, 14301 MHz, 98 %, 85.52 W, 68, 0x0000000000000400
2026/09/19 20:38:47.652, 2940 MHz, 14301 MHz, 98 %, 85.59 W, 68, 0x0000000000000400
2026/09/19 20:38:48.167, 2940 MHz, 14301 MHz, 99 %, 85.46 W, 69, 0x0000000000000400
2026/09/19 20:38:48.671, 2940 MHz, 14301 MHz, 99 %, 85.43 W, 69, 0x0000000000000400
2026/09/19 20:38:49.187, 2940 MHz, 14301 MHz, 98 %, 84.86 W, 68, 0x0000000000000400
2026/09/19 20:38:49.702, 2940 MHz, 14301 MHz, 98 %, 84.93 W, 68, 0x0000000000000400
2026/09/19 20:38:50.218, 2940 MHz, 14301 MHz, 98 %, 85.65 W, 69, 0x0000000000000400
2026/09/19 20:38:50.733, 2940 MHz, 14301 MHz, 99 %, 85.52 W, 68, 0x0000000000000400
2026/09/19 20:38:51.247, 2940 MHz, 14301 MHz, 98 %, 85.36 W, 68, 0x0000000000000400
2026/09/19 20:38:51.762, 2940 MHz, 14301 MHz, 98 %, 85.48 W, 68, 0x0000000000000400
2026/09/19 20:38:52.265, 2940 MHz, 14301 MHz, 98 %, 85.77 W, 68, 0x0000000000000400
2026/09/19 20:38:52.780, 2940 MHz, 14301 MHz, 98 %, 85.66 W, 68, 0x0000000000000400
2026/09/19 20:38:53.281, 2940 MHz, 14301 MHz, 98 %, 85.33 W, 68, 0x0000000000000400
2026/09/19 20:38:53.795, 2940 MHz, 14301 MHz, 98 %, 85.16 W, 68, 0x0000000000000400
2026/09/19 20:38:54.296, 2940 MHz, 14301 MHz, 98 %, 85.43 W, 69, 0x0000000000000400
2026/09/19 20:38:54.797, 2940 MHz, 14301 MHz, 98 %, 85.76 W, 68, 0x0000000000000400
2026/09/19 20:38:55.311, 2940 MHz, 14301 MHz, 99 %, 85.72 W, 69, 0x0000000000000400
2026/09/19 20:38:55.825, 2940 MHz, 14301 MHz, 99 %, 85.59 W, 69, 0x0000000000000400
2026/09/19 20:38:56.329, 2925 MHz, 14301 MHz, 98 %, 84.62 W, 68, 0x0000000000000400
2026/09/19 20:38:56.832, 2940 MHz, 14301 MHz, 99 %, 84.49 W, 68, 0x0000000000000400
2026/09/19 20:38:57.335, 2940 MHz, 14301 MHz, 98 %, 85.22 W, 69, 0x0000000000000400
2026/09/19 20:38:57.850, 2940 MHz, 14301 MHz, 98 %, 85.21 W, 68, 0x0000000000000400
2026/09/19 20:38:58.351, 2940 MHz, 14301 MHz, 99 %, 85.25 W, 68, 0x0000000000000400
2026/09/19 20:38:58.863, 2940 MHz, 14301 MHz, 98 %, 85.26 W, 69, 0x0000000000000400
2026/09/19 20:38:59.364, 2940 MHz, 14301 MHz, 99 %, 85.17 W, 69, 0x0000000000000400
2026/09/19 20:38:59.878, 2940 MHz, 14301 MHz, 99 %, 85.23 W, 68, 0x0000000000000400
2026/09/19 20:39:00.379, 2940 MHz, 14301 MHz, 98 %, 85.36 W, 68, 0x0000000000000400
2026/09/19 20:39:00.893, 2940 MHz, 14301 MHz, 99 %, 85.38 W, 68, 0x0000000000000400
2026/09/19 20:39:01.408, 2940 MHz, 14301 MHz, 98 %, 85.47 W, 68, 0x0000000000000400
2026/09/19 20:39:01.922, 2940 MHz, 14301 MHz, 98 %, 85.69 W, 68, 0x0000000000000400
2026/09/19 20:39:02.425, 2940 MHz, 14301 MHz, 98 %, 85.50 W, 69, 0x0000000000000400
2026/09/19 20:39:02.940, 2940 MHz, 14301 MHz, 99 %, 85.43 W, 68, 0x0000000000000400
2026/09/19 20:39:03.441, 2940 MHz, 14301 MHz, 99 %, 85.44 W, 68, 0x0000000000000400
2026/09/19 20:39:03.956, 2940 MHz, 14301 MHz, 99 %, 85.30 W, 69, 0x0000000000000400
2026/09/19 20:39:04.472, 2910 MHz, 14301 MHz, 98 %, 84.60 W, 68, 0x0000000000000400
2026/09/19 20:39:04.974, 2940 MHz, 14301 MHz, 99 %, 84.68 W, 68, 0x0000000000000400
2026/09/19 20:39:05.474, 2940 MHz, 14301 MHz, 98 %, 85.62 W, 68, 0x0000000000000400
2026/09/19 20:39:05.988, 2940 MHz, 14301 MHz, 98 %, 85.46 W, 69, 0x0000000000000400
2026/09/19 20:39:06.501, 2940 MHz, 14301 MHz, 98 %, 85.24 W, 68, 0x0000000000000400
2026/09/19 20:39:07.015, 2940 MHz, 14301 MHz, 99 %, 85.18 W, 68, 0x0000000000000400
2026/09/19 20:39:07.530, 2940 MHz, 14301 MHz, 98 %, 85.31 W, 69, 0x0000000000000400
2026/09/19 20:39:08.045, 2940 MHz, 14301 MHz, 98 %, 85.27 W, 69, 0x0000000000000400
2026/09/19 20:39:08.559, 2940 MHz, 14301 MHz, 98 %, 85.30 W, 69, 0x0000000000000400
2026/09/19 20:39:09.061, 2940 MHz, 14301 MHz, 98 %, 85.20 W, 68, 0x0000000000000400
2026/09/19 20:39:09.575, 2940 MHz, 14301 MHz, 98 %, 85.03 W, 69, 0x0000000000000400
2026/09/19 20:39:10.090, 2940 MHz, 14301 MHz, 99 %, 85.01 W, 68, 0x0000000000000400
2026/09/19 20:39:10.591, 2940 MHz, 14301 MHz, 98 %, 84.76 W, 68, 0x0000000000000400
2026/09/19 20:39:11.093, 2940 MHz, 14301 MHz, 99 %, 85.05 W, 69, 0x0000000000000400
2026/09/19 20:39:11.607, 2940 MHz, 14301 MHz, 99 %, 85.18 W, 69, 0x0000000000000400
2026/09/19 20:39:12.120, 2940 MHz, 14301 MHz, 98 %, 85.12 W, 68, 0x0000000000000400
2026/09/19 20:39:12.635, 2917 MHz, 14301 MHz, 99 %, 84.27 W, 68, 0x0000000000000400
2026/09/19 20:39:13.150, 2940 MHz, 14301 MHz, 99 %, 84.42 W, 68, 0x0000000000000400
2026/09/19 20:39:13.663, 2940 MHz, 14301 MHz, 99 %, 85.34 W, 68, 0x0000000000000400
2026/09/19 20:39:14.177, 2940 MHz, 14301 MHz, 99 %, 85.36 W, 68, 0x0000000000000400
2026/09/19 20:39:14.681, 2940 MHz, 14301 MHz, 98 %, 85.31 W, 69, 0x0000000000000400
2026/09/19 20:39:15.195, 2940 MHz, 14301 MHz, 99 %, 85.20 W, 68, 0x0000000000000400
2026/09/19 20:39:15.711, 2940 MHz, 14301 MHz, 98 %, 84.95 W, 68, 0x0000000000000400
2026/09/19 20:39:16.214, 2940 MHz, 14301 MHz, 99 %, 85.04 W, 68, 0x0000000000000400
2026/09/19 20:39:16.726, 2940 MHz, 14301 MHz, 98 %, 85.31 W, 69, 0x0000000000000400
2026/09/19 20:39:17.240, 2940 MHz, 14301 MHz, 99 %, 85.35 W, 68, 0x0000000000000400
2026/09/19 20:39:17.742, 2940 MHz, 14301 MHz, 98 %, 85.31 W, 68, 0x0000000000000400
2026/09/19 20:39:18.255, 2940 MHz, 14301 MHz, 99 %, 85.41 W, 68, 0x0000000000000400
2026/09/19 20:39:18.770, 2940 MHz, 14301 MHz, 99 %, 85.26 W, 68, 0x0000000000000400
2026/09/19 20:39:19.273, 2940 MHz, 14301 MHz, 99 %, 85.33 W, 69, 0x0000000000000400
2026/09/19 20:39:19.788, 2940 MHz, 14301 MHz, 98 %, 85.57 W, 69, 0x0000000000000400
2026/09/19 20:39:20.290, 2925 MHz, 14301 MHz, 98 %, 84.68 W, 69, 0x0000000000000400
2026/09/19 20:39:20.802, 2940 MHz, 14301 MHz, 99 %, 84.62 W, 69, 0x0000000000000400
2026/09/19 20:39:21.304, 2940 MHz, 14301 MHz, 98 %, 85.61 W, 68, 0x0000000000000400
2026/09/19 20:39:21.818, 2940 MHz, 14301 MHz, 99 %, 85.44 W, 68, 0x0000000000000400
2026/09/19 20:39:22.319, 2940 MHz, 14301 MHz, 98 %, 85.41 W, 69, 0x0000000000000400
2026/09/19 20:39:22.831, 2940 MHz, 14301 MHz, 98 %, 85.86 W, 68, 0x0000000000000400
2026/09/19 20:39:23.346, 2940 MHz, 14301 MHz, 98 %, 85.91 W, 68, 0x0000000000000400
2026/09/19 20:39:23.847, 2940 MHz, 14301 MHz, 99 %, 85.89 W, 69, 0x0000000000000400
2026/09/19 20:39:24.362, 2940 MHz, 14301 MHz, 99 %, 85.51 W, 68, 0x0000000000000400
2026/09/19 20:39:24.864, 2940 MHz, 14301 MHz, 98 %, 85.26 W, 69, 0x0000000000000400
2026/09/19 20:39:25.377, 2940 MHz, 14301 MHz, 98 %, 85.28 W, 69, 0x0000000000000400
2026/09/19 20:39:25.892, 2940 MHz, 14301 MHz, 98 %, 85.39 W, 69, 0x0000000000000400
2026/09/19 20:39:26.407, 2940 MHz, 14301 MHz, 99 %, 85.54 W, 69, 0x0000000000000400
2026/09/19 20:39:26.915, 2940 MHz, 14301 MHz, 99 %, 85.64 W, 69, 0x0000000000000400
2026/09/19 20:39:27.430, 2940 MHz, 14301 MHz, 99 %, 85.46 W, 68, 0x0000000000000400
2026/09/19 20:39:27.933, 2940 MHz, 14301 MHz, 90 %, 84.99 W, 69, 0x0000000000000400
2026/09/19 20:39:28.437, 2940 MHz, 14301 MHz, 98 %, 84.64 W, 69, 0x0000000000000400
2026/09/19 20:39:28.952, 2940 MHz, 14301 MHz, 99 %, 85.11 W, 68, 0x0000000000000400
2026/09/19 20:39:29.468, 2940 MHz, 14301 MHz, 99 %, 85.71 W, 69, 0x0000000000000400
2026/09/19 20:39:29.969, 2940 MHz, 14301 MHz, 99 %, 85.71 W, 69, 0x0000000000000400
2026/09/19 20:39:30.471, 2940 MHz, 14301 MHz, 98 %, 85.67 W, 69, 0x0000000000000400
2026/09/19 20:39:30.986, 2940 MHz, 14301 MHz, 98 %, 85.57 W, 69, 0x0000000000000400
2026/09/19 20:39:31.500, 2940 MHz, 14301 MHz, 99 %, 85.67 W, 69, 0x0000000000000400
2026/09/19 20:39:32.001, 2940 MHz, 14301 MHz, 98 %, 85.89 W, 69, 0x0000000000000400
2026/09/19 20:39:32.516, 2940 MHz, 14301 MHz, 98 %, 85.94 W, 69, 0x0000000000000400
2026/09/19 20:39:33.018, 2940 MHz, 14301 MHz, 98 %, 85.85 W, 69, 0x0000000000000400
2026/09/19 20:39:33.521, 2940 MHz, 14301 MHz, 98 %, 85.78 W, 69, 0x0000000000000400
2026/09/19 20:39:34.022, 2940 MHz, 14301 MHz, 98 %, 85.63 W, 68, 0x0000000000000400
2026/09/19 20:39:34.536, 2940 MHz, 14301 MHz, 98 %, 85.61 W, 69, 0x0000000000000400
2026/09/19 20:39:35.038, 2940 MHz, 14301 MHz, 91 %, 85.48 W, 68, 0x0000000000000400
2026/09/19 20:39:35.552, 2940 MHz, 14301 MHz, 98 %, 85.53 W, 69, 0x0000000000000400
2026/09/19 20:39:36.054, 2940 MHz, 14301 MHz, 96 %, 85.58 W, 69, 0x0000000000000400
2026/09/19 20:39:36.569, 2940 MHz, 14301 MHz, 96 %, 85.38 W, 69, 0x0000000000000400
2026/09/19 20:39:37.084, 2925 MHz, 14301 MHz, 99 %, 85.07 W, 69, 0x0000000000000400
2026/09/19 20:39:37.598, 2940 MHz, 14301 MHz, 98 %, 85.44 W, 69, 0x0000000000000400
2026/09/19 20:39:38.113, 2940 MHz, 14301 MHz, 94 %, 85.39 W, 68, 0x0000000000000400
2026/09/19 20:39:38.628, 2932 MHz, 14301 MHz, 98 %, 85.18 W, 69, 0x0000000000000400
2026/09/19 20:39:39.130, 2940 MHz, 14301 MHz, 94 %, 85.39 W, 69, 0x0000000000000400
2026/09/19 20:39:39.643, 2940 MHz, 14301 MHz, 98 %, 85.46 W, 69, 0x0000000000000400
2026/09/19 20:39:40.156, 2925 MHz, 14301 MHz, 94 %, 84.77 W, 68, 0x0000000000000400
2026/09/19 20:39:40.671, 2932 MHz, 14301 MHz, 98 %, 84.91 W, 69, 0x0000000000000400
2026/09/19 20:39:41.185, 2940 MHz, 14301 MHz, 97 %, 85.24 W, 69, 0x0000000000000400
2026/09/19 20:39:41.699, 2925 MHz, 14301 MHz, 98 %, 85.63 W, 69, 0x0000000000000400
2026/09/19 20:39:42.200, 2940 MHz, 14301 MHz, 98 %, 85.78 W, 69, 0x0000000000000400
2026/09/19 20:39:42.712, 2940 MHz, 14301 MHz, 98 %, 85.82 W, 69, 0x0000000000000400
2026/09/19 20:39:43.228, 2940 MHz, 14301 MHz, 99 %, 85.72 W, 69, 0x0000000000000400
2026/09/19 20:39:43.732, 2940 MHz, 14301 MHz, 98 %, 85.70 W, 69, 0x0000000000000400
2026/09/19 20:39:44.232, 2940 MHz, 14301 MHz, 98 %, 85.86 W, 69, 0x0000000000000400
2026/09/19 20:39:44.734, 2940 MHz, 14301 MHz, 99 %, 85.89 W, 69, 0x0000000000000400
2026/09/19 20:39:45.236, 2940 MHz, 14301 MHz, 98 %, 85.68 W, 69, 0x0000000000000400
2026/09/19 20:39:45.739, 2932 MHz, 14301 MHz, 98 %, 85.57 W, 69, 0x0000000000000400
2026/09/19 20:39:46.239, 2940 MHz, 14301 MHz, 98 %, 85.31 W, 69, 0x0000000000000400
2026/09/19 20:39:46.740, 2940 MHz, 14301 MHz, 98 %, 85.44 W, 69, 0x0000000000000400
2026/09/19 20:39:47.256, 2940 MHz, 14301 MHz, 99 %, 85.43 W, 69, 0x0000000000000400
2026/09/19 20:39:47.757, 2940 MHz, 14301 MHz, 98 %, 85.47 W, 69, 0x0000000000000400
2026/09/19 20:39:48.258, 2940 MHz, 14301 MHz, 99 %, 85.83 W, 69, 0x0000000000000400
2026/09/19 20:39:48.761, 2940 MHz, 14301 MHz, 99 %, 85.88 W, 69, 0x0000000000000400
2026/09/19 20:39:49.275, 2940 MHz, 14301 MHz, 98 %, 84.77 W, 69, 0x0000000000000400
2026/09/19 20:39:49.776, 2940 MHz, 14301 MHz, 99 %, 85.09 W, 69, 0x0000000000000400
2026/09/19 20:39:50.282, 2940 MHz, 14301 MHz, 98 %, 85.87 W, 69, 0x0000000000000400
2026/09/19 20:39:50.796, 2940 MHz, 14301 MHz, 98 %, 85.86 W, 69, 0x0000000000000400
2026/09/19 20:39:51.311, 2940 MHz, 14301 MHz, 98 %, 85.54 W, 69, 0x0000000000000400
2026/09/19 20:39:51.812, 2940 MHz, 14301 MHz, 98 %, 85.39 W, 69, 0x0000000000000400
2026/09/19 20:39:52.326, 2940 MHz, 14301 MHz, 99 %, 85.55 W, 69, 0x0000000000000400
2026/09/19 20:39:52.841, 2940 MHz, 14301 MHz, 99 %, 85.47 W, 69, 0x0000000000000400
2026/09/19 20:39:53.353, 2940 MHz, 14301 MHz, 99 %, 85.53 W, 69, 0x0000000000000400
2026/09/19 20:39:53.868, 2940 MHz, 14301 MHz, 98 %, 85.66 W, 69, 0x0000000000000400
2026/09/19 20:39:54.371, 2940 MHz, 14301 MHz, 99 %, 85.71 W, 69, 0x0000000000000400
2026/09/19 20:39:54.885, 2940 MHz, 14301 MHz, 99 %, 85.51 W, 69, 0x0000000000000400
2026/09/19 20:39:55.401, 2940 MHz, 14301 MHz, 98 %, 85.22 W, 69, 0x0000000000000400
2026/09/19 20:39:55.914, 2940 MHz, 14301 MHz, 98 %, 85.18 W, 69, 0x0000000000000400
2026/09/19 20:39:56.430, 2940 MHz, 14301 MHz, 98 %, 85.38 W, 69, 0x0000000000000400
2026/09/19 20:39:56.943, 2940 MHz, 14301 MHz, 99 %, 85.40 W, 69, 0x0000000000000400
2026/09/19 20:39:57.444, 2910 MHz, 14301 MHz, 98 %, 84.49 W, 69, 0x0000000000000400
2026/09/19 20:39:57.959, 2940 MHz, 14301 MHz, 98 %, 84.70 W, 69, 0x0000000000000400
2026/09/19 20:39:58.475, 2940 MHz, 14301 MHz, 98 %, 85.17 W, 69, 0x0000000000000400
2026/09/19 20:39:58.975, 2940 MHz, 14301 MHz, 98 %, 85.13 W, 69, 0x0000000000000400
2026/09/19 20:39:59.475, 2940 MHz, 14301 MHz, 99 %, 85.41 W, 69, 0x0000000000000400
2026/09/19 20:39:59.978, 2940 MHz, 14301 MHz, 98 %, 85.47 W, 69, 0x0000000000000400
2026/09/19 20:40:00.491, 2940 MHz, 14301 MHz, 99 %, 85.57 W, 69, 0x0000000000000400
2026/09/19 20:40:00.993, 2940 MHz, 14301 MHz, 98 %, 85.46 W, 69, 0x0000000000000400
2026/09/19 20:40:01.508, 2940 MHz, 14301 MHz, 99 %, 85.43 W, 69, 0x0000000000000400
2026/09/19 20:40:02.010, 2940 MHz, 14301 MHz, 99 %, 85.38 W, 69, 0x0000000000000400
2026/09/19 20:40:02.523, 2940 MHz, 14301 MHz, 98 %, 85.18 W, 69, 0x0000000000000400
2026/09/19 20:40:03.039, 2940 MHz, 14301 MHz, 99 %, 85.25 W, 69, 0x0000000000000400
2026/09/19 20:40:03.554, 2940 MHz, 14301 MHz, 98 %, 85.14 W, 69, 0x0000000000000400
2026/09/19 20:40:04.068, 2940 MHz, 14301 MHz, 98 %, 85.39 W, 69, 0x0000000000000400
2026/09/19 20:40:04.570, 2940 MHz, 14301 MHz, 99 %, 85.14 W, 69, 0x0000000000000400
2026/09/19 20:40:05.071, 2947 MHz, 14301 MHz, 98 %, 84.98 W, 69, 0x0000000000000400
2026/09/19 20:40:05.571, 2940 MHz, 14301 MHz, 72 %, 84.36 W, 68, 0x0000000000000400
2026/09/19 20:40:06.085, 2940 MHz, 14301 MHz, 98 %, 84.44 W, 69, 0x0000000000000400
2026/09/19 20:40:06.588, 2940 MHz, 14301 MHz, 98 %, 84.44 W, 69, 0x0000000000000400
2026/09/19 20:40:07.102, 2940 MHz, 14301 MHz, 99 %, 85.37 W, 69, 0x0000000000000400
2026/09/19 20:40:07.614, 2940 MHz, 14301 MHz, 98 %, 85.26 W, 69, 0x0000000000000400
2026/09/19 20:40:08.116, 2940 MHz, 14301 MHz, 98 %, 85.30 W, 69, 0x0000000000000400
2026/09/19 20:40:08.631, 2940 MHz, 14301 MHz, 99 %, 85.49 W, 69, 0x0000000000000400
2026/09/19 20:40:09.145, 2940 MHz, 14301 MHz, 99 %, 85.43 W, 69, 0x0000000000000400
2026/09/19 20:40:09.645, 2940 MHz, 14301 MHz, 99 %, 85.40 W, 69, 0x0000000000000400
2026/09/19 20:40:10.150, 2940 MHz, 14301 MHz, 99 %, 85.35 W, 69, 0x0000000000000400
2026/09/19 20:40:10.651, 2947 MHz, 14301 MHz, 98 %, 85.12 W, 69, 0x0000000000000400
2026/09/19 20:40:11.165, 2940 MHz, 14301 MHz, 98 %, 84.84 W, 69, 0x0000000000000400
2026/09/19 20:40:11.680, 2940 MHz, 14301 MHz, 99 %, 84.79 W, 69, 0x0000000000000400
2026/09/19 20:40:12.196, 2940 MHz, 14301 MHz, 98 %, 85.01 W, 69, 0x0000000000000400
2026/09/19 20:40:12.697, 2940 MHz, 14301 MHz, 99 %, 84.99 W, 69, 0x0000000000000400
2026/09/19 20:40:13.211, 2940 MHz, 14301 MHz, 99 %, 85.16 W, 69, 0x0000000000000400
2026/09/19 20:40:13.725, 2940 MHz, 14301 MHz, 99 %, 84.99 W, 69, 0x0000000000000400
2026/09/19 20:40:14.241, 2940 MHz, 14301 MHz, 99 %, 83.70 W, 69, 0x0000000000000400
2026/09/19 20:40:14.741, 2940 MHz, 14301 MHz, 99 %, 83.68 W, 69, 0x0000000000000400
2026/09/19 20:40:15.244, 2940 MHz, 14301 MHz, 98 %, 84.58 W, 69, 0x0000000000000400
2026/09/19 20:40:15.745, 2940 MHz, 14301 MHz, 99 %, 84.65 W, 69, 0x0000000000000400
2026/09/19 20:40:16.246, 2940 MHz, 14301 MHz, 99 %, 84.75 W, 68, 0x0000000000000400
2026/09/19 20:40:16.762, 2940 MHz, 14301 MHz, 99 %, 84.81 W, 69, 0x0000000000000400
2026/09/19 20:40:17.264, 2940 MHz, 14301 MHz, 99 %, 84.83 W, 69, 0x0000000000000400
2026/09/19 20:40:17.766, 2940 MHz, 14301 MHz, 99 %, 84.73 W, 68, 0x0000000000000400
2026/09/19 20:40:18.280, 2940 MHz, 14301 MHz, 99 %, 84.81 W, 69, 0x0000000000000400
2026/09/19 20:40:18.796, 2940 MHz, 14301 MHz, 98 %, 84.89 W, 69, 0x0000000000000400
2026/09/19 20:40:19.298, 2940 MHz, 14301 MHz, 99 %, 85.00 W, 68, 0x0000000000000400
2026/09/19 20:40:19.800, 2940 MHz, 14301 MHz, 98 %, 84.91 W, 69, 0x0000000000000400
2026/09/19 20:40:20.315, 2940 MHz, 14301 MHz, 99 %, 84.83 W, 68, 0x0000000000000400
2026/09/19 20:40:20.816, 2010 MHz, 14301 MHz, 3 %, 62.80 W, 64, 0x0000000000000400
2026/09/19 20:40:21.324, 1687 MHz, 14301 MHz, 1 %, 33.47 W, 63, 0x0000000000000400
2026/09/19 20:40:21.832, 1635 MHz, 14301 MHz, 1 %, 25.71 W, 63, 0x0000000000000400
2026/09/19 20:40:22.338, 1650 MHz, 14301 MHz, 1 %, 25.19 W, 62, 0x0000000000000400
2026/09/19 20:40:22.847, 1642 MHz, 14301 MHz, 1 %, 25.16 W, 62, 0x0000000000000400
2026/09/19 20:40:23.354, 1642 MHz, 14301 MHz, 1 %, 25.02 W, 62, 0x0000000000000400
2026/09/19 20:40:23.862, 1642 MHz, 14301 MHz, 1 %, 24.94 W, 62, 0x0000000000000400
2026/09/19 20:40:24.369, 1650 MHz, 14301 MHz, 1 %, 24.98 W, 61, 0x0000000000000400
2026/09/19 20:40:24.876, 1620 MHz, 14301 MHz, 2 %, 24.91 W, 61, 0x0000000000000400
2026/09/19 20:40:25.381, 1642 MHz, 14301 MHz, 2 %, 24.80 W, 61, 0x0000000000000400
