timestamp, clocks.current.sm [MHz], clocks.current.memory [MHz], utilization.gpu [%], power.draw [W], temperature.gpu, clocks_event_reasons.active
2026/09/19 18:53:46.952, 1635 MHz, 14301 MHz, 2 %, 23.51 W, 54, 0x0000000000000400
2026/09/19 18:53:47.457, 1665 MHz, 14301 MHz, 2 %, 23.58 W, 55, 0x0000000000000400
2026/09/19 18:53:47.961, 1635 MHz, 14301 MHz, 1 %, 24.14 W, 55, 0x0000000000000400
2026/09/19 18:53:48.466, 1657 MHz, 14301 MHz, 1 %, 24.28 W, 55, 0x0000000000000400
2026/09/19 18:53:48.976, 1620 MHz, 14301 MHz, 1 %, 23.64 W, 55, 0x0000000000000400
2026/09/19 18:53:49.481, 1680 MHz, 14301 MHz, 2 %, 23.74 W, 55, 0x0000000000000400
2026/09/19 18:53:49.990, 1627 MHz, 14301 MHz, 1 %, 23.68 W, 55, 0x0000000000000400
2026/09/19 18:53:50.511, 1650 MHz, 14301 MHz, 1 %, 23.75 W, 55, 0x0000000000000400
2026/09/19 18:53:51.017, 1627 MHz, 14301 MHz, 2 %, 23.77 W, 55, 0x0000000000000400
2026/09/19 18:53:51.523, 1657 MHz, 14301 MHz, 1 %, 23.82 W, 55, 0x0000000000000400
2026/09/19 18:53:52.031, 1642 MHz, 14301 MHz, 1 %, 23.76 W, 55, 0x0000000000000400
2026/09/19 18:53:52.537, 1650 MHz, 14301 MHz, 1 %, 23.81 W, 55, 0x0000000000000400
2026/09/19 18:53:53.044, 1635 MHz, 14301 MHz, 2 %, 23.85 W, 55, 0x0000000000000400
2026/09/19 18:53:53.549, 1642 MHz, 14301 MHz, 8 %, 23.98 W, 55, 0x0000000000000400
2026/09/19 18:53:54.051, 1800 MHz, 14301 MHz, 1 %, 25.08 W, 55, 0x0000000000000400
2026/09/19 18:53:54.561, 1762 MHz, 14301 MHz, 2 %, 25.39 W, 55, 0x0000000000000400
2026/09/19 18:53:55.076, 1635 MHz, 14301 MHz, 19 %, 24.98 W, 56, 0x0000000000000400
2026/09/19 18:53:55.578, 2347 MHz, 14301 MHz, 22 %, 39.32 W, 58, 0x0000000000000400
2026/09/19 18:53:56.081, 2152 MHz, 14301 MHz, 23 %, 49.69 W, 58, 0x0000000000000400
2026/09/19 18:53:56.585, 2205 MHz, 14301 MHz, 23 %, 46.82 W, 58, 0x0000000000000400
2026/09/19 18:53:57.100, 2160 MHz, 14301 MHz, 21 %, 46.46 W, 58, 0x0000000000000400
2026/09/19 18:53:57.602, 2152 MHz, 14301 MHz, 22 %, 46.33 W, 58, 0x0000000000000400
2026/09/19 18:53:58.106, 2137 MHz, 14301 MHz, 22 %, 46.39 W, 58, 0x0000000000000400
2026/09/19 18:53:58.614, 2580 MHz, 14301 MHz, 90 %, 53.49 W, 61, 0x0000000000000400
2026/09/19 18:53:59.116, 2947 MHz, 14301 MHz, 97 %, 74.71 W, 63, 0x0000000000000400
2026/09/19 18:53:59.617, 2955 MHz, 14301 MHz, 99 %, 84.92 W, 62, 0x0000000000000400
2026/09/19 18:54:00.131, 2955 MHz, 14301 MHz, 99 %, 82.18 W, 62, 0x0000000000000400
2026/09/19 18:54:00.631, 2962 MHz, 14301 MHz, 99 %, 79.37 W, 63, 0x0000000000000400
2026/09/19 18:54:01.137, 2955 MHz, 14301 MHz, 99 %, 78.14 W, 63, 0x0000000000000400
2026/09/19 18:54:01.641, 2955 MHz, 14301 MHz, 99 %, 78.39 W, 63, 0x0000000000000400
2026/09/19 18:54:02.141, 2955 MHz, 14301 MHz, 99 %, 78.54 W, 63, 0x0000000000000400
2026/09/19 18:54:02.645, 2955 MHz, 14301 MHz, 99 %, 78.69 W, 63, 0x0000000000000400
2026/09/19 18:54:03.147, 2962 MHz, 14301 MHz, 99 %, 78.82 W, 63, 0x0000000000000400
2026/09/19 18:54:03.649, 2955 MHz, 14301 MHz, 99 %, 78.52 W, 63, 0x0000000000000400
2026/09/19 18:54:04.150, 2955 MHz, 14301 MHz, 99 %, 78.58 W, 64, 0x0000000000000400
2026/09/19 18:54:04.665, 2955 MHz, 14301 MHz, 99 %, 78.42 W, 64, 0x0000000000000400
2026/09/19 18:54:05.180, 2955 MHz, 14301 MHz, 99 %, 78.53 W, 64, 0x0000000000000400
2026/09/19 18:54:05.691, 2955 MHz, 14301 MHz, 99 %, 78.52 W, 64, 0x0000000000000400
2026/09/19 18:54:06.192, 2962 MHz, 14301 MHz, 99 %, 78.57 W, 64, 0x0000000000000400
2026/09/19 18:54:06.697, 2955 MHz, 14301 MHz, 99 %, 78.51 W, 65, 0x0000000000000400
2026/09/19 18:54:07.202, 2955 MHz, 14301 MHz, 99 %, 78.44 W, 64, 0x0000000000000400
2026/09/19 18:54:07.716, 2955 MHz, 14301 MHz, 99 %, 78.70 W, 65, 0x0000000000000400
2026/09/19 18:54:08.218, 2962 MHz, 14301 MHz, 99 %, 78.88 W, 65, 0x0000000000000400
2026/09/19 18:54:08.731, 2955 MHz, 14301 MHz, 99 %, 78.98 W, 65, 0x0000000000000400
2026/09/19 18:54:09.233, 2947 MHz, 14301 MHz, 99 %, 79.01 W, 65, 0x0000000000000400
2026/09/19 18:54:09.739, 2947 MHz, 14301 MHz, 99 %, 78.80 W, 65, 0x0000000000000400
2026/09/19 18:54:10.242, 2947 MHz, 14301 MHz, 99 %, 78.77 W, 65, 0x0000000000000400
2026/09/19 18:54:10.744, 2947 MHz, 14301 MHz, 99 %, 78.97 W, 66, 0x0000000000000400
2026/09/19 18:54:11.248, 2947 MHz, 14301 MHz, 99 %, 79.12 W, 66, 0x0000000000000400
2026/09/19 18:54:11.763, 2947 MHz, 14301 MHz, 99 %, 79.40 W, 66, 0x0000000000000400
2026/09/19 18:54:12.278, 2947 MHz, 14301 MHz, 99 %, 79.56 W, 66, 0x0000000000000400
2026/09/19 18:54:12.791, 2947 MHz, 14301 MHz, 99 %, 78.99 W, 66, 0x0000000000000400
2026/09/19 18:54:13.292, 2947 MHz, 14301 MHz, 99 %, 79.34 W, 66, 0x0000000000000400
2026/09/19 18:54:13.804, 2947 MHz, 14301 MHz, 99 %, 80.07 W, 66, 0x0000000000000400
2026/09/19 18:54:14.309, 2947 MHz, 14301 MHz, 99 %, 80.30 W, 66, 0x0000000000000400
2026/09/19 18:54:14.814, 2902 MHz, 14301 MHz, 97 %, 78.27 W, 66, 0x0000000000000400
2026/09/19 18:54:15.317, 2925 MHz, 14301 MHz, 99 %, 77.85 W, 66, 0x0000000000000400
2026/09/19 18:54:15.819, 2932 MHz, 14301 MHz, 96 %, 80.00 W, 66, 0x0000000000000400
2026/09/19 18:54:16.322, 2925 MHz, 14301 MHz, 93 %, 80.06 W, 66, 0x0000000000000400
2026/09/19 18:54:16.827, 2947 MHz, 14301 MHz, 98 %, 80.54 W, 66, 0x0000000000000400
2026/09/19 18:54:17.342, 2932 MHz, 14301 MHz, 93 %, 80.20 W, 66, 0x0000000000000400
2026/09/19 18:54:17.845, 2932 MHz, 14301 MHz, 92 %, 80.18 W, 67, 0x0000000000000400
2026/09/19 18:54:18.348, 2925 MHz, 14301 MHz, 98 %, 80.56 W, 67, 0x0000000000000400
2026/09/19 18:54:18.854, 2917 MHz, 14301 MHz, 94 %, 80.67 W, 67, 0x0000000000000400
2026/09/19 18:54:19.358, 2925 MHz, 14301 MHz, 94 %, 79.93 W, 66, 0x0000000000000400
2026/09/19 18:54:19.873, 2932 MHz, 14301 MHz, 95 %, 80.20 W, 67, 0x0000000000000400
2026/09/19 18:54:20.376, 2940 MHz, 14301 MHz, 92 %, 80.56 W, 67, 0x0000000000000400
2026/09/19 18:54:20.891, 2917 MHz, 14301 MHz, 86 %, 80.11 W, 67, 0x0000000000000400
2026/09/19 18:54:21.393, 2932 MHz, 14301 MHz, 95 %, 80.15 W, 67, 0x0000000000000400
2026/09/19 18:54:21.894, 2925 MHz, 14301 MHz, 99 %, 80.58 W, 67, 0x0000000000000400
2026/09/19 18:54:22.396, 2940 MHz, 14301 MHz, 99 %, 80.55 W, 67, 0x0000000000000400
2026/09/19 18:54:22.910, 2910 MHz, 14301 MHz, 93 %, 80.58 W, 67, 0x0000000000000400
2026/09/19 18:54:23.424, 2932 MHz, 14301 MHz, 99 %, 80.46 W, 67, 0x0000000000000400
2026/09/19 18:54:23.939, 2932 MHz, 14301 MHz, 99 %, 80.56 W, 67, 0x0000000000000400
2026/09/19 18:54:24.452, 2917 MHz, 14301 MHz, 95 %, 80.50 W, 67, 0x0000000000000400
2026/09/19 18:54:24.957, 2932 MHz, 14301 MHz, 94 %, 80.37 W, 67, 0x0000000000000400
2026/09/19 18:54:25.458, 2932 MHz, 14301 MHz, 99 %, 80.93 W, 67, 0x0000000000000400
2026/09/19 18:54:25.972, 2917 MHz, 14301 MHz, 93 %, 81.17 W, 67, 0x0000000000000400
2026/09/19 18:54:26.478, 2917 MHz, 14301 MHz, 95 %, 81.27 W, 67, 0x0000000000000400
2026/09/19 18:54:26.983, 2932 MHz, 14301 MHz, 90 %, 81.04 W, 67, 0x0000000000000400
2026/09/19 18:54:27.486, 2917 MHz, 14301 MHz, 92 %, 80.69 W, 67, 0x0000000000000400
2026/09/19 18:54:28.001, 2902 MHz, 14301 MHz, 88 %, 80.57 W, 67, 0x0000000000000400
2026/09/19 18:54:28.506, 2917 MHz, 14301 MHz, 98 %, 80.99 W, 68, 0x0000000000000400
2026/09/19 18:54:29.007, 2925 MHz, 14301 MHz, 98 %, 81.86 W, 67, 0x0000000000000400
2026/09/19 18:54:29.508, 2940 MHz, 14301 MHz, 98 %, 82.10 W, 67, 0x0000000000000400
2026/09/19 18:54:30.018, 2940 MHz, 14301 MHz, 95 %, 82.31 W, 67, 0x0000000000000400
2026/09/19 18:54:30.534, 2932 MHz, 14301 MHz, 96 %, 82.16 W, 67, 0x0000000000000400
2026/09/19 18:54:31.039, 2932 MHz, 14301 MHz, 97 %, 81.73 W, 67, 0x0000000000000400
2026/09/19 18:54:31.544, 2925 MHz, 14301 MHz, 95 %, 81.68 W, 67, 0x0000000000000400
2026/09/19 18:54:32.046, 2932 MHz, 14301 MHz, 99 %, 82.31 W, 67, 0x0000000000000400
2026/09/19 18:54:32.560, 2932 MHz, 14301 MHz, 98 %, 82.59 W, 68, 0x0000000000000400
2026/09/19 18:54:33.076, 2902 MHz, 14301 MHz, 94 %, 82.21 W, 68, 0x0000000000000400
2026/09/19 18:54:33.580, 2947 MHz, 14301 MHz, 97 %, 82.07 W, 67, 0x0000000000000400
2026/09/19 18:54:34.080, 2947 MHz, 14301 MHz, 98 %, 82.36 W, 67, 0x0000000000000400
2026/09/19 18:54:34.595, 2947 MHz, 14301 MHz, 99 %, 82.62 W, 67, 0x0000000000000400
2026/09/19 18:54:35.111, 2947 MHz, 14301 MHz, 98 %, 82.11 W, 67, 0x0000000000000400
2026/09/19 18:54:35.627, 2932 MHz, 14301 MHz, 96 %, 81.56 W, 67, 0x0000000000000400
2026/09/19 18:54:36.141, 2925 MHz, 14301 MHz, 99 %, 81.22 W, 67, 0x0000000000000400
2026/09/19 18:54:36.643, 2925 MHz, 14301 MHz, 99 %, 80.98 W, 67, 0x0000000000000400
2026/09/19 18:54:37.145, 2947 MHz, 14301 MHz, 96 %, 80.57 W, 67, 0x0000000000000400
2026/09/19 18:54:37.661, 2925 MHz, 14301 MHz, 94 %, 79.87 W, 67, 0x0000000000000400
2026/09/19 18:54:38.174, 2902 MHz, 14301 MHz, 97 %, 79.32 W, 67, 0x0000000000000400
2026/09/19 18:54:38.677, 2947 MHz, 14301 MHz, 98 %, 79.68 W, 67, 0x0000000000000400
2026/09/19 18:54:39.178, 2932 MHz, 14301 MHz, 99 %, 79.96 W, 67, 0x0000000000000400
2026/09/19 18:54:39.682, 2947 MHz, 14301 MHz, 97 %, 80.20 W, 67, 0x0000000000000400
2026/09/19 18:54:40.196, 2910 MHz, 14301 MHz, 99 %, 79.99 W, 67, 0x0000000000000400
2026/09/19 18:54:40.697, 2940 MHz, 14301 MHz, 97 %, 79.44 W, 67, 0x0000000000000400
2026/09/19 18:54:41.211, 2917 MHz, 14301 MHz, 98 %, 79.25 W, 67, 0x0000000000000400
2026/09/19 18:54:41.725, 2925 MHz, 14301 MHz, 96 %, 79.01 W, 67, 0x0000000000000400
2026/09/19 18:54:42.240, 2917 MHz, 14301 MHz, 99 %, 78.74 W, 67, 0x0000000000000400
2026/09/19 18:54:42.756, 2940 MHz, 14301 MHz, 98 %, 79.61 W, 67, 0x0000000000000400
2026/09/19 18:54:43.268, 2947 MHz, 14301 MHz, 99 %, 80.68 W, 67, 0x0000000000000400
2026/09/19 18:54:43.770, 2947 MHz, 14301 MHz, 99 %, 80.96 W, 67, 0x0000000000000400
2026/09/19 18:54:44.270, 2947 MHz, 14301 MHz, 99 %, 80.85 W, 67, 0x0000000000000400
2026/09/19 18:54:44.782, 2947 MHz, 14301 MHz, 99 %, 80.86 W, 67, 0x0000000000000400
2026/09/19 18:54:45.283, 2947 MHz, 14301 MHz, 99 %, 81.17 W, 67, 0x0000000000000400
2026/09/19 18:54:45.785, 2947 MHz, 14301 MHz, 99 %, 81.18 W, 67, 0x0000000000000400
2026/09/19 18:54:46.287, 2947 MHz, 14301 MHz, 99 %, 81.38 W, 67, 0x0000000000000400
2026/09/19 18:54:46.790, 2947 MHz, 14301 MHz, 99 %, 81.41 W, 67, 0x0000000000000400
2026/09/19 18:54:47.292, 2947 MHz, 14301 MHz, 99 %, 81.63 W, 67, 0x0000000000000400
2026/09/19 18:54:47.794, 2947 MHz, 14301 MHz, 99 %, 81.76 W, 67, 0x0000000000000400
2026/09/19 18:54:48.298, 2947 MHz, 14301 MHz, 99 %, 81.92 W, 67, 0x0000000000000400
2026/09/19 18:54:48.799, 2947 MHz, 14301 MHz, 99 %, 82.17 W, 67, 0x0000000000000400
2026/09/19 18:54:49.314, 2947 MHz, 14301 MHz, 99 %, 83.24 W, 68, 0x0000000000000400
2026/09/19 18:54:49.818, 2947 MHz, 14301 MHz, 99 %, 84.51 W, 67, 0x0000000000000400
2026/09/19 18:54:50.321, 2940 MHz, 14301 MHz, 99 %, 84.76 W, 67, 0x0000000000000400
2026/09/19 18:54:50.825, 2940 MHz, 14301 MHz, 99 %, 84.80 W, 67, 0x0000000000000400
2026/09/19 18:54:51.327, 2940 MHz, 14301 MHz, 99 %, 85.39 W, 68, 0x0000000000000400
2026/09/19 18:54:51.830, 2947 MHz, 14301 MHz, 99 %, 85.27 W, 67, 0x0000000000000400
2026/09/19 18:54:52.345, 2947 MHz, 14301 MHz, 99 %, 84.96 W, 67, 0x0000000000000400
2026/09/19 18:54:52.848, 2940 MHz, 14301 MHz, 99 %, 84.67 W, 67, 0x0000000000000400
2026/09/19 18:54:53.353, 2940 MHz, 14301 MHz, 99 %, 84.54 W, 68, 0x0000000000000400
2026/09/19 18:54:53.853, 2940 MHz, 14301 MHz, 99 %, 84.60 W, 67, 0x0000000000000400
2026/09/19 18:54:54.356, 2925 MHz, 14301 MHz, 99 %, 83.87 W, 67, 0x0000000000000400
2026/09/19 18:54:54.863, 2947 MHz, 14301 MHz, 99 %, 83.80 W, 67, 0x0000000000000400
2026/09/19 18:54:55.368, 2947 MHz, 14301 MHz, 99 %, 84.41 W, 67, 0x0000000000000400
2026/09/19 18:54:55.883, 2947 MHz, 14301 MHz, 99 %, 84.36 W, 68, 0x0000000000000400
2026/09/19 18:54:56.389, 2940 MHz, 14301 MHz, 99 %, 84.42 W, 67, 0x0000000000000400
2026/09/19 18:54:56.892, 2940 MHz, 14301 MHz, 99 %, 84.49 W, 67, 0x0000000000000400
2026/09/19 18:54:57.399, 2947 MHz, 14301 MHz, 99 %, 84.34 W, 68, 0x0000000000000400
2026/09/19 18:54:57.905, 2947 MHz, 14301 MHz, 99 %, 84.37 W, 68, 0x0000000000000400
2026/09/19 18:54:58.411, 2940 MHz, 14301 MHz, 99 %, 84.35 W, 68, 0x0000000000000400
2026/09/19 18:54:58.914, 2947 MHz, 14301 MHz, 99 %, 84.18 W, 67, 0x0000000000000400
2026/09/19 18:54:59.419, 2940 MHz, 14301 MHz, 99 %, 84.35 W, 67, 0x0000000000000400
2026/09/19 18:54:59.921, 2947 MHz, 14301 MHz, 99 %, 84.52 W, 67, 0x0000000000000400
2026/09/19 18:55:00.437, 2940 MHz, 14301 MHz, 99 %, 84.53 W, 68, 0x0000000000000400
2026/09/19 18:55:00.942, 2947 MHz, 14301 MHz, 99 %, 84.67 W, 68, 0x0000000000000400
2026/09/19 18:55:01.443, 2947 MHz, 14301 MHz, 99 %, 84.64 W, 68, 0x0000000000000400
2026/09/19 18:55:01.951, 2947 MHz, 14301 MHz, 99 %, 84.63 W, 68, 0x0000000000000400
2026/09/19 18:55:02.454, 2940 MHz, 14301 MHz, 99 %, 84.69 W, 68, 0x0000000000000400
2026/09/19 18:55:02.958, 2932 MHz, 14301 MHz, 81 %, 84.30 W, 67, 0x0000000000000400
2026/09/19 18:55:03.464, 2940 MHz, 14301 MHz, 98 %, 84.48 W, 68, 0x0000000000000400
2026/09/19 18:55:03.966, 2940 MHz, 14301 MHz, 99 %, 84.99 W, 68, 0x0000000000000400
2026/09/19 18:55:04.473, 2947 MHz, 14301 MHz, 99 %, 85.01 W, 68, 0x0000000000000400
2026/09/19 18:55:04.988, 2940 MHz, 14301 MHz, 99 %, 84.99 W, 68, 0x0000000000000400
2026/09/19 18:55:05.489, 2940 MHz, 14301 MHz, 98 %, 84.88 W, 68, 0x0000000000000400
2026/09/19 18:55:05.995, 2940 MHz, 14301 MHz, 99 %, 84.96 W, 67, 0x0000000000000400
2026/09/19 18:55:06.496, 2940 MHz, 14301 MHz, 99 %, 85.13 W, 68, 0x0000000000000400
2026/09/19 18:55:06.998, 2940 MHz, 14301 MHz, 99 %, 85.04 W, 68, 0x0000000000000400
2026/09/19 18:55:07.512, 2940 MHz, 14301 MHz, 99 %, 85.15 W, 68, 0x0000000000000400
2026/09/19 18:55:08.013, 2940 MHz, 14301 MHz, 99 %, 85.13 W, 68, 0x0000000000000400
2026/09/19 18:55:08.518, 2940 MHz, 14301 MHz, 99 %, 84.89 W, 68, 0x0000000000000400
2026/09/19 18:55:09.023, 2940 MHz, 14301 MHz, 99 %, 84.91 W, 68, 0x0000000000000400
2026/09/19 18:55:09.526, 2940 MHz, 14301 MHz, 99 %, 84.95 W, 68, 0x0000000000000400
2026/09/19 18:55:10.028, 2940 MHz, 14301 MHz, 99 %, 85.12 W, 68, 0x0000000000000400
2026/09/19 18:55:10.532, 2940 MHz, 14301 MHz, 99 %, 85.13 W, 68, 0x0000000000000400
2026/09/19 18:55:11.037, 2947 MHz, 14301 MHz, 99 %, 84.55 W, 68, 0x0000000000000400
2026/09/19 18:55:11.538, 2940 MHz, 14301 MHz, 99 %, 84.43 W, 68, 0x0000000000000400
2026/09/19 18:55:12.043, 2940 MHz, 14301 MHz, 99 %, 84.80 W, 68, 0x0000000000000400
2026/09/19 18:55:12.558, 2940 MHz, 14301 MHz, 99 %, 84.93 W, 68, 0x0000000000000400
2026/09/19 18:55:13.060, 2940 MHz, 14301 MHz, 99 %, 85.11 W, 68, 0x0000000000000400
2026/09/19 18:55:13.560, 2947 MHz, 14301 MHz, 99 %, 85.21 W, 68, 0x0000000000000400
2026/09/19 18:55:14.067, 2940 MHz, 14301 MHz, 99 %, 84.79 W, 68, 0x0000000000000400
2026/09/19 18:55:14.574, 2940 MHz, 14301 MHz, 99 %, 84.71 W, 68, 0x0000000000000400
2026/09/19 18:55:15.077, 2940 MHz, 14301 MHz, 99 %, 85.10 W, 68, 0x0000000000000400
2026/09/19 18:55:15.579, 2940 MHz, 14301 MHz, 99 %, 85.27 W, 68, 0x0000000000000400
2026/09/19 18:55:16.094, 2940 MHz, 14301 MHz, 99 %, 85.33 W, 68, 0x0000000000000400
2026/09/19 18:55:16.599, 2940 MHz, 14301 MHz, 99 %, 85.45 W, 68, 0x0000000000000400
2026/09/19 18:55:17.101, 2940 MHz, 14301 MHz, 99 %, 85.37 W, 68, 0x0000000000000400
2026/09/19 18:55:17.602, 2940 MHz, 14301 MHz, 99 %, 85.05 W, 68, 0x0000000000000400
2026/09/19 18:55:18.105, 2940 MHz, 14301 MHz, 99 %, 85.18 W, 68, 0x0000000000000400
2026/09/19 18:55:18.607, 2940 MHz, 14301 MHz, 99 %, 85.33 W, 68, 0x0000000000000400
2026/09/19 18:55:19.111, 2940 MHz, 14301 MHz, 99 %, 84.62 W, 68, 0x0000000000000400
2026/09/19 18:55:19.611, 2940 MHz, 14301 MHz, 99 %, 84.71 W, 68, 0x0000000000000400
2026/09/19 18:55:20.114, 2940 MHz, 14301 MHz, 99 %, 85.38 W, 68, 0x0000000000000400
2026/09/19 18:55:20.626, 2940 MHz, 14301 MHz, 99 %, 85.20 W, 68, 0x0000000000000400
2026/09/19 18:55:21.134, 2940 MHz, 14301 MHz, 99 %, 85.31 W, 68, 0x0000000000000400
2026/09/19 18:55:21.637, 2940 MHz, 14301 MHz, 99 %, 85.61 W, 68, 0x0000000000000400
2026/09/19 18:55:22.140, 2940 MHz, 14301 MHz, 99 %, 85.71 W, 68, 0x0000000000000400
2026/09/19 18:55:22.644, 2940 MHz, 14301 MHz, 99 %, 85.66 W, 68, 0x0000000000000400
2026/09/19 18:55:23.151, 2940 MHz, 14301 MHz, 99 %, 85.57 W, 68, 0x0000000000000400
2026/09/19 18:55:23.653, 2940 MHz, 14301 MHz, 99 %, 85.49 W, 68, 0x0000000000000400
2026/09/19 18:55:24.168, 2940 MHz, 14301 MHz, 99 %, 85.43 W, 68, 0x0000000000000400
2026/09/19 18:55:24.671, 2940 MHz, 14301 MHz, 99 %, 85.44 W, 68, 0x0000000000000400
2026/09/19 18:55:25.175, 2940 MHz, 14301 MHz, 99 %, 85.60 W, 68, 0x0000000000000400
2026/09/19 18:55:25.676, 2947 MHz, 14301 MHz, 99 %, 85.54 W, 68, 0x0000000000000400
2026/09/19 18:55:26.178, 2940 MHz, 14301 MHz, 99 %, 85.31 W, 68, 0x0000000000000400
2026/09/19 18:55:26.682, 2940 MHz, 14301 MHz, 99 %, 85.35 W, 68, 0x0000000000000400
2026/09/19 18:55:27.186, 2940 MHz, 14301 MHz, 99 %, 85.36 W, 68, 0x0000000000000400
2026/09/19 18:55:27.688, 2940 MHz, 14301 MHz, 99 %, 85.49 W, 68, 0x0000000000000400
2026/09/19 18:55:28.205, 2940 MHz, 14301 MHz, 99 %, 85.67 W, 68, 0x0000000000000400
2026/09/19 18:55:28.710, 2947 MHz, 14301 MHz, 98 %, 85.63 W, 68, 0x0000000000000400
2026/09/19 18:55:29.213, 2940 MHz, 14301 MHz, 99 %, 85.65 W, 68, 0x0000000000000400
2026/09/19 18:55:29.719, 2940 MHz, 14301 MHz, 93 %, 85.54 W, 68, 0x0000000000000400
2026/09/19 18:55:30.224, 2940 MHz, 14301 MHz, 98 %, 85.44 W, 68, 0x0000000000000400
2026/09/19 18:55:30.728, 2940 MHz, 14301 MHz, 99 %, 85.71 W, 68, 0x0000000000000400
2026/09/19 18:55:31.230, 2940 MHz, 14301 MHz, 99 %, 85.82 W, 68, 0x0000000000000400
2026/09/19 18:55:31.731, 2940 MHz, 14301 MHz, 99 %, 85.84 W, 68, 0x0000000000000400
2026/09/19 18:55:32.237, 2917 MHz, 14301 MHz, 98 %, 85.09 W, 68, 0x0000000000000400
2026/09/19 18:55:32.741, 2940 MHz, 14301 MHz, 99 %, 84.99 W, 68, 0x0000000000000400
2026/09/19 18:55:33.257, 2550 MHz, 14301 MHz, 51 %, 78.28 W, 66, 0x0000000000000400
2026/09/19 18:55:33.760, 2527 MHz, 14301 MHz, 53 %, 62.97 W, 65, 0x0000000000000400
2026/09/19 18:55:34.264, 2475 MHz, 14301 MHz, 52 %, 55.85 W, 65, 0x0000000000000400
2026/09/19 18:55:34.767, 2505 MHz, 14301 MHz, 54 %, 55.73 W, 65, 0x0000000000000400
2026/09/19 18:55:35.270, 2520 MHz, 14301 MHz, 54 %, 56.01 W, 65, 0x0000000000000400
2026/09/19 18:55:35.785, 2520 MHz, 14301 MHz, 54 %, 56.35 W, 65, 0x0000000000000400
2026/09/19 18:55:36.287, 2565 MHz, 14301 MHz, 52 %, 56.84 W, 65, 0x0000000000000400
2026/09/19 18:55:36.791, 2460 MHz, 14301 MHz, 54 %, 56.40 W, 65, 0x0000000000000400
2026/09/19 18:55:37.296, 2617 MHz, 14301 MHz, 51 %, 56.10 W, 65, 0x0000000000000400
2026/09/19 18:55:37.799, 2535 MHz, 14301 MHz, 53 %, 56.26 W, 65, 0x0000000000000400
2026/09/19 18:55:38.305, 2542 MHz, 14301 MHz, 54 %, 56.39 W, 65, 0x0000000000000400
2026/09/19 18:55:38.808, 2520 MHz, 14301 MHz, 53 %, 56.43 W, 65, 0x0000000000000400
2026/09/19 18:55:39.313, 2527 MHz, 14301 MHz, 54 %, 55.84 W, 65, 0x0000000000000400
2026/09/19 18:55:39.814, 2557 MHz, 14301 MHz, 53 %, 55.98 W, 65, 0x0000000000000400
2026/09/19 18:55:40.329, 2505 MHz, 14301 MHz, 53 %, 56.23 W, 64, 0x0000000000000400
2026/09/19 18:55:40.834, 2557 MHz, 14301 MHz, 54 %, 55.98 W, 64, 0x0000000000000400
2026/09/19 18:55:41.341, 2527 MHz, 14301 MHz, 54 %, 56.13 W, 64, 0x0000000000000400
2026/09/19 18:55:41.845, 2940 MHz, 14301 MHz, 98 %, 64.54 W, 66, 0x0000000000000400
2026/09/19 18:55:42.358, 2940 MHz, 14301 MHz, 99 %, 77.83 W, 67, 0x0000000000000400
2026/09/19 18:55:42.865, 2940 MHz, 14301 MHz, 99 %, 85.31 W, 67, 0x0000000000000400
2026/09/19 18:55:43.368, 2940 MHz, 14301 MHz, 99 %, 85.41 W, 67, 0x0000000000000400
2026/09/19 18:55:43.872, 2940 MHz, 14301 MHz, 98 %, 85.28 W, 67, 0x0000000000000400
2026/09/19 18:55:44.373, 2940 MHz, 14301 MHz, 99 %, 85.22 W, 67, 0x0000000000000400
2026/09/19 18:55:44.876, 2940 MHz, 14301 MHz, 99 %, 85.54 W, 68, 0x0000000000000400
2026/09/19 18:55:45.376, 2940 MHz, 14301 MHz, 98 %, 86.02 W, 67, 0x0000000000000400
2026/09/19 18:55:45.879, 2940 MHz, 14301 MHz, 99 %, 86.04 W, 67, 0x0000000000000400
2026/09/19 18:55:46.382, 2940 MHz, 14301 MHz, 99 %, 86.03 W, 67, 0x0000000000000400
2026/09/19 18:55:46.885, 2940 MHz, 14301 MHz, 99 %, 85.93 W, 67, 0x0000000000000400
2026/09/19 18:55:47.387, 2940 MHz, 14301 MHz, 99 %, 85.68 W, 68, 0x0000000000000400
2026/09/19 18:55:47.890, 2940 MHz, 14301 MHz, 99 %, 85.79 W, 68, 0x0000000000000400
2026/09/19 18:55:48.395, 2940 MHz, 14301 MHz, 99 %, 86.06 W, 68, 0x0000000000000400
2026/09/19 18:55:48.898, 2940 MHz, 14301 MHz, 98 %, 85.20 W, 68, 0x0000000000000400
2026/09/19 18:55:49.410, 2940 MHz, 14301 MHz, 99 %, 85.12 W, 68, 0x0000000000000400
2026/09/19 18:55:49.925, 2940 MHz, 14301 MHz, 99 %, 86.14 W, 67, 0x0000000000000400
2026/09/19 18:55:50.432, 2940 MHz, 14301 MHz, 99 %, 86.13 W, 68, 0x0000000000000400
2026/09/19 18:55:50.936, 2527 MHz, 14301 MHz, 52 %, 73.70 W, 66, 0x0000000000000400
2026/09/19 18:55:51.440, 2535 MHz, 14301 MHz, 52 %, 58.54 W, 65, 0x0000000000000400
2026/09/19 18:55:51.955, 2550 MHz, 14301 MHz, 55 %, 56.07 W, 65, 0x0000000000000400
2026/09/19 18:55:52.470, 2542 MHz, 14301 MHz, 52 %, 56.54 W, 65, 0x0000000000000400
2026/09/19 18:55:52.970, 2595 MHz, 14301 MHz, 53 %, 56.78 W, 65, 0x0000000000000400
2026/09/19 18:55:53.471, 2542 MHz, 14301 MHz, 54 %, 56.52 W, 65, 0x0000000000000400
2026/09/19 18:55:53.976, 2550 MHz, 14301 MHz, 53 %, 56.58 W, 64, 0x0000000000000400
2026/09/19 18:55:54.479, 2542 MHz, 14301 MHz, 54 %, 56.30 W, 65, 0x0000000000000400
2026/09/19 18:55:54.993, 2527 MHz, 14301 MHz, 54 %, 56.17 W, 64, 0x0000000000000400
2026/09/19 18:55:55.506, 2512 MHz, 14301 MHz, 53 %, 56.28 W, 65, 0x0000000000000400
2026/09/19 18:55:56.006, 2550 MHz, 14301 MHz, 56 %, 56.12 W, 65, 0x0000000000000400
2026/09/19 18:55:56.507, 2550 MHz, 14301 MHz, 53 %, 56.34 W, 64, 0x0000000000000400
2026/09/19 18:55:57.010, 2535 MHz, 14301 MHz, 52 %, 56.48 W, 64, 0x0000000000000400
2026/09/19 18:55:57.510, 2512 MHz, 14301 MHz, 54 %, 55.97 W, 64, 0x0000000000000400
2026/09/19 18:55:58.012, 2557 MHz, 14301 MHz, 53 %, 55.45 W, 64, 0x0000000000000400
2026/09/19 18:55:58.517, 2550 MHz, 14301 MHz, 54 %, 55.84 W, 64, 0x0000000000000400
2026/09/19 18:55:59.021, 2520 MHz, 14301 MHz, 54 %, 56.03 W, 64, 0x0000000000000400
2026/09/19 18:55:59.524, 2812 MHz, 14301 MHz, 98 %, 61.69 W, 66, 0x0000000000000400
2026/09/19 18:56:00.027, 2940 MHz, 14301 MHz, 99 %, 76.25 W, 67, 0x0000000000000400
2026/09/19 18:56:00.530, 2940 MHz, 14301 MHz, 99 %, 84.79 W, 67, 0x0000000000000400
2026/09/19 18:56:01.046, 2940 MHz, 14301 MHz, 99 %, 85.01 W, 67, 0x0000000000000400
2026/09/19 18:56:01.547, 2940 MHz, 14301 MHz, 99 %, 85.25 W, 67, 0x0000000000000400
2026/09/19 18:56:02.051, 2940 MHz, 14301 MHz, 98 %, 84.84 W, 67, 0x0000000000000400
2026/09/19 18:56:02.552, 2940 MHz, 14301 MHz, 99 %, 84.54 W, 67, 0x0000000000000400
2026/09/19 18:56:03.055, 2940 MHz, 14301 MHz, 99 %, 85.01 W, 67, 0x0000000000000400
2026/09/19 18:56:03.570, 2940 MHz, 14301 MHz, 99 %, 85.42 W, 67, 0x0000000000000400
2026/09/19 18:56:04.072, 2940 MHz, 14301 MHz, 99 %, 85.34 W, 67, 0x0000000000000400
2026/09/19 18:56:04.576, 2940 MHz, 14301 MHz, 99 %, 85.29 W, 67, 0x0000000000000400
2026/09/19 18:56:05.079, 2940 MHz, 14301 MHz, 99 %, 85.28 W, 67, 0x0000000000000400
2026/09/19 18:56:05.580, 2940 MHz, 14301 MHz, 99 %, 85.37 W, 67, 0x0000000000000400
2026/09/19 18:56:06.082, 2940 MHz, 14301 MHz, 99 %, 85.50 W, 67, 0x0000000000000400
2026/09/19 18:56:06.586, 2940 MHz, 14301 MHz, 98 %, 85.64 W, 67, 0x0000000000000400
2026/09/19 18:56:07.088, 2940 MHz, 14301 MHz, 99 %, 84.88 W, 67, 0x0000000000000400
2026/09/19 18:56:07.601, 2940 MHz, 14301 MHz, 99 %, 84.83 W, 67, 0x0000000000000400
2026/09/19 18:56:08.101, 2940 MHz, 14301 MHz, 99 %, 85.43 W, 67, 0x0000000000000400
2026/09/19 18:56:08.606, 2760 MHz, 14301 MHz, 52 %, 80.27 W, 66, 0x0000000000000400
2026/09/19 18:56:09.113, 2497 MHz, 14301 MHz, 53 %, 67.14 W, 64, 0x0000000000000400
2026/09/19 18:56:09.620, 2512 MHz, 14301 MHz, 53 %, 55.39 W, 65, 0x0000000000000400
2026/09/19 18:56:10.125, 2557 MHz, 14301 MHz, 53 %, 55.87 W, 65, 0x0000000000000400
2026/09/19 18:56:10.630, 2520 MHz, 14301 MHz, 54 %, 56.26 W, 64, 0x0000000000000400
2026/09/19 18:56:11.144, 2475 MHz, 14301 MHz, 54 %, 55.70 W, 64, 0x0000000000000400
2026/09/19 18:56:11.647, 2565 MHz, 14301 MHz, 54 %, 55.77 W, 64, 0x0000000000000400
2026/09/19 18:56:12.153, 2535 MHz, 14301 MHz, 54 %, 55.92 W, 64, 0x0000000000000400
2026/09/19 18:56:12.659, 2557 MHz, 14301 MHz, 56 %, 56.10 W, 64, 0x0000000000000400
2026/09/19 18:56:13.162, 2542 MHz, 14301 MHz, 54 %, 56.19 W, 64, 0x0000000000000400
2026/09/19 18:56:13.663, 2535 MHz, 14301 MHz, 55 %, 55.91 W, 64, 0x0000000000000400
2026/09/19 18:56:14.170, 2602 MHz, 14301 MHz, 52 %, 56.45 W, 64, 0x0000000000000400
2026/09/19 18:56:14.675, 2542 MHz, 14301 MHz, 53 %, 56.62 W, 64, 0x0000000000000400
2026/09/19 18:56:15.179, 2557 MHz, 14301 MHz, 54 %, 55.78 W, 64, 0x0000000000000400
2026/09/19 18:56:15.686, 2527 MHz, 14301 MHz, 54 %, 55.61 W, 64, 0x0000000000000400
2026/09/19 18:56:16.202, 2535 MHz, 14301 MHz, 53 %, 55.58 W, 64, 0x0000000000000400
2026/09/19 18:56:16.706, 2580 MHz, 14301 MHz, 53 %, 56.02 W, 64, 0x0000000000000400
2026/09/19 18:56:17.213, 2550 MHz, 14301 MHz, 53 %, 56.25 W, 64, 0x0000000000000400
2026/09/19 18:56:17.714, 2947 MHz, 14301 MHz, 99 %, 65.06 W, 66, 0x0000000000000400
2026/09/19 18:56:18.218, 2940 MHz, 14301 MHz, 98 %, 77.88 W, 66, 0x0000000000000400
2026/09/19 18:56:18.719, 2940 MHz, 14301 MHz, 99 %, 84.51 W, 67, 0x0000000000000400
2026/09/19 18:56:19.233, 2940 MHz, 14301 MHz, 99 %, 84.55 W, 67, 0x0000000000000400
2026/09/19 18:56:19.736, 2940 MHz, 14301 MHz, 98 %, 84.67 W, 66, 0x0000000000000400
2026/09/19 18:56:20.240, 2940 MHz, 14301 MHz, 98 %, 84.65 W, 67, 0x0000000000000400
2026/09/19 18:56:20.742, 2940 MHz, 14301 MHz, 99 %, 84.85 W, 67, 0x0000000000000400
2026/09/19 18:56:21.247, 2940 MHz, 14301 MHz, 99 %, 85.13 W, 67, 0x0000000000000400
2026/09/19 18:56:21.750, 2940 MHz, 14301 MHz, 99 %, 85.42 W, 67, 0x0000000000000400
2026/09/19 18:56:22.255, 2940 MHz, 14301 MHz, 99 %, 85.42 W, 67, 0x0000000000000400
2026/09/19 18:56:22.756, 2940 MHz, 14301 MHz, 99 %, 85.26 W, 67, 0x0000000000000400
2026/09/19 18:56:23.272, 2940 MHz, 14301 MHz, 99 %, 84.99 W, 67, 0x0000000000000400
2026/09/19 18:56:23.775, 2940 MHz, 14301 MHz, 99 %, 85.35 W, 67, 0x0000000000000400
2026/09/19 18:56:24.276, 2917 MHz, 14301 MHz, 99 %, 84.55 W, 67, 0x0000000000000400
2026/09/19 18:56:24.781, 2940 MHz, 14301 MHz, 99 %, 84.31 W, 67, 0x0000000000000400
2026/09/19 18:56:25.282, 2940 MHz, 14301 MHz, 99 %, 85.20 W, 67, 0x0000000000000400
2026/09/19 18:56:25.782, 2940 MHz, 14301 MHz, 99 %, 85.19 W, 67, 0x0000000000000400
2026/09/19 18:56:26.288, 2490 MHz, 14301 MHz, 51 %, 75.27 W, 65, 0x0000000000000400
2026/09/19 18:56:26.804, 2565 MHz, 14301 MHz, 50 %, 62.73 W, 65, 0x0000000000000400
2026/09/19 18:56:27.306, 2512 MHz, 14301 MHz, 54 %, 55.56 W, 64, 0x0000000000000400
2026/09/19 18:56:27.812, 2535 MHz, 14301 MHz, 54 %, 55.55 W, 65, 0x0000000000000400
2026/09/19 18:56:28.316, 2520 MHz, 14301 MHz, 56 %, 55.75 W, 65, 0x0000000000000400
2026/09/19 18:56:28.817, 2490 MHz, 14301 MHz, 54 %, 55.93 W, 64, 0x0000000000000400
2026/09/19 18:56:29.320, 2587 MHz, 14301 MHz, 54 %, 56.10 W, 64, 0x0000000000000400
2026/09/19 18:56:29.827, 2580 MHz, 14301 MHz, 52 %, 56.77 W, 64, 0x0000000000000400
2026/09/19 18:56:30.331, 2527 MHz, 14301 MHz, 53 %, 56.32 W, 64, 0x0000000000000400
2026/09/19 18:56:30.836, 2482 MHz, 14301 MHz, 54 %, 55.51 W, 64, 0x0000000000000400
2026/09/19 18:56:31.340, 2475 MHz, 14301 MHz, 54 %, 55.24 W, 64, 0x0000000000000400
2026/09/19 18:56:31.842, 2512 MHz, 14301 MHz, 53 %, 55.02 W, 64, 0x0000000000000400
2026/09/19 18:56:32.348, 2512 MHz, 14301 MHz, 55 %, 55.30 W, 63, 0x0000000000000400
2026/09/19 18:56:32.862, 2520 MHz, 14301 MHz, 54 %, 55.55 W, 64, 0x0000000000000400
2026/09/19 18:56:33.367, 2572 MHz, 14301 MHz, 53 %, 55.81 W, 64, 0x0000000000000400
2026/09/19 18:56:33.868, 2520 MHz, 14301 MHz, 53 %, 55.64 W, 63, 0x0000000000000400
2026/09/19 18:56:34.375, 2550 MHz, 14301 MHz, 52 %, 55.94 W, 63, 0x0000000000000400
2026/09/19 18:56:34.889, 2520 MHz, 14301 MHz, 58 %, 55.99 W, 63, 0x0000000000000400
2026/09/19 18:56:35.392, 2947 MHz, 14301 MHz, 98 %, 69.19 W, 66, 0x0000000000000400
2026/09/19 18:56:35.907, 2940 MHz, 14301 MHz, 99 %, 83.85 W, 66, 0x0000000000000400
2026/09/19 18:56:36.423, 2940 MHz, 14301 MHz, 99 %, 84.78 W, 66, 0x0000000000000400
2026/09/19 18:56:36.928, 2940 MHz, 14301 MHz, 99 %, 84.93 W, 66, 0x0000000000000400
2026/09/19 18:56:37.443, 2940 MHz, 14301 MHz, 98 %, 84.76 W, 66, 0x0000000000000400
2026/09/19 18:56:37.955, 2940 MHz, 14301 MHz, 99 %, 84.61 W, 67, 0x0000000000000400
2026/09/19 18:56:38.458, 2940 MHz, 14301 MHz, 99 %, 84.76 W, 67, 0x0000000000000400
2026/09/19 18:56:38.961, 2940 MHz, 14301 MHz, 99 %, 85.01 W, 66, 0x0000000000000400
2026/09/19 18:56:39.476, 2940 MHz, 14301 MHz, 99 %, 85.14 W, 67, 0x0000000000000400
2026/09/19 18:56:39.980, 2940 MHz, 14301 MHz, 99 %, 85.32 W, 66, 0x0000000000000400
2026/09/19 18:56:40.485, 2940 MHz, 14301 MHz, 99 %, 85.18 W, 67, 0x0000000000000400
2026/09/19 18:56:40.990, 2940 MHz, 14301 MHz, 99 %, 85.00 W, 67, 0x0000000000000400
2026/09/19 18:56:41.505, 2940 MHz, 14301 MHz, 99 %, 84.95 W, 67, 0x0000000000000400
2026/09/19 18:56:42.012, 2940 MHz, 14301 MHz, 99 %, 85.14 W, 67, 0x0000000000000400
2026/09/19 18:56:42.519, 2940 MHz, 14301 MHz, 99 %, 85.10 W, 67, 0x0000000000000400
2026/09/19 18:56:43.026, 2940 MHz, 14301 MHz, 99 %, 85.07 W, 67, 0x0000000000000400
2026/09/19 18:56:43.532, 2940 MHz, 14301 MHz, 99 %, 84.96 W, 67, 0x0000000000000400
2026/09/19 18:56:44.036, 2940 MHz, 14301 MHz, 98 %, 84.78 W, 67, 0x0000000000000400
2026/09/19 18:56:44.541, 2512 MHz, 14301 MHz, 52 %, 71.49 W, 65, 0x0000000000000400
2026/09/19 18:56:45.047, 2520 MHz, 14301 MHz, 53 %, 56.68 W, 64, 0x0000000000000400
2026/09/19 18:56:45.551, 2512 MHz, 14301 MHz, 53 %, 55.36 W, 64, 0x0000000000000400
2026/09/19 18:56:46.055, 2512 MHz, 14301 MHz, 52 %, 55.21 W, 64, 0x0000000000000400
2026/09/19 18:56:46.561, 2475 MHz, 14301 MHz, 54 %, 55.37 W, 64, 0x0000000000000400
2026/09/19 18:56:47.065, 2542 MHz, 14301 MHz, 54 %, 55.62 W, 63, 0x0000000000000400
2026/09/19 18:56:47.565, 2557 MHz, 14301 MHz, 54 %, 55.62 W, 63, 0x0000000000000400
2026/09/19 18:56:48.080, 2550 MHz, 14301 MHz, 54 %, 55.86 W, 64, 0x0000000000000400
2026/09/19 18:56:48.583, 2580 MHz, 14301 MHz, 52 %, 55.78 W, 63, 0x0000000000000400
2026/09/19 18:56:49.084, 2565 MHz, 14301 MHz, 55 %, 56.17 W, 64, 0x0000000000000400
2026/09/19 18:56:49.588, 2520 MHz, 14301 MHz, 54 %, 56.01 W, 64, 0x0000000000000400
2026/09/19 18:56:50.089, 2505 MHz, 14301 MHz, 55 %, 55.30 W, 64, 0x0000000000000400
2026/09/19 18:56:50.590, 2542 MHz, 14301 MHz, 51 %, 55.20 W, 64, 0x0000000000000400
2026/09/19 18:56:51.093, 2572 MHz, 14301 MHz, 56 %, 55.56 W, 64, 0x0000000000000400
2026/09/19 18:56:51.602, 2550 MHz, 14301 MHz, 53 %, 55.92 W, 64, 0x0000000000000400
2026/09/19 18:56:52.116, 2542 MHz, 14301 MHz, 54 %, 55.94 W, 63, 0x0000000000000400
2026/09/19 18:56:52.628, 2535 MHz, 14301 MHz, 51 %, 55.30 W, 63, 0x0000000000000400
2026/09/19 18:56:53.141, 2632 MHz, 14301 MHz, 99 %, 58.37 W, 65, 0x0000000000000400
2026/09/19 18:56:53.647, 2947 MHz, 14301 MHz, 99 %, 72.81 W, 66, 0x0000000000000400
2026/09/19 18:56:54.149, 2940 MHz, 14301 MHz, 99 %, 83.87 W, 66, 0x0000000000000400
2026/09/19 18:56:54.653, 2940 MHz, 14301 MHz, 99 %, 84.02 W, 66, 0x0000000000000400
2026/09/19 18:56:55.154, 2940 MHz, 14301 MHz, 99 %, 84.25 W, 66, 0x0000000000000400
2026/09/19 18:56:55.657, 2940 MHz, 14301 MHz, 99 %, 84.06 W, 66, 0x0000000000000400
2026/09/19 18:56:56.162, 2940 MHz, 14301 MHz, 99 %, 83.89 W, 67, 0x0000000000000400
2026/09/19 18:56:56.667, 2940 MHz, 14301 MHz, 99 %, 84.42 W, 67, 0x0000000000000400
2026/09/19 18:56:57.168, 2940 MHz, 14301 MHz, 99 %, 84.58 W, 67, 0x0000000000000400
2026/09/19 18:56:57.672, 2940 MHz, 14301 MHz, 99 %, 84.59 W, 67, 0x0000000000000400
2026/09/19 18:56:58.174, 2940 MHz, 14301 MHz, 99 %, 84.72 W, 67, 0x0000000000000400
2026/09/19 18:56:58.682, 2940 MHz, 14301 MHz, 99 %, 84.63 W, 66, 0x0000000000000400
2026/09/19 18:56:59.188, 2940 MHz, 14301 MHz, 99 %, 84.51 W, 67, 0x0000000000000400
2026/09/19 18:56:59.691, 2940 MHz, 14301 MHz, 99 %, 84.61 W, 67, 0x0000000000000400
2026/09/19 18:57:00.197, 2940 MHz, 14301 MHz, 99 %, 84.79 W, 67, 0x0000000000000400
2026/09/19 18:57:00.702, 2940 MHz, 14301 MHz, 99 %, 84.78 W, 67, 0x0000000000000400
2026/09/19 18:57:01.204, 2940 MHz, 14301 MHz, 99 %, 84.82 W, 67, 0x0000000000000400
2026/09/19 18:57:01.706, 2940 MHz, 14301 MHz, 99 %, 84.73 W, 67, 0x0000000000000400
2026/09/19 18:57:02.207, 2940 MHz, 14301 MHz, 99 %, 84.04 W, 67, 0x0000000000000400
2026/09/19 18:57:02.713, 2557 MHz, 14301 MHz, 50 %, 72.39 W, 64, 0x0000000000000400
2026/09/19 18:57:03.218, 2527 MHz, 14301 MHz, 51 %, 57.07 W, 64, 0x0000000000000400
2026/09/19 18:57:03.725, 2527 MHz, 14301 MHz, 56 %, 55.05 W, 64, 0x0000000000000400
2026/09/19 18:57:04.231, 2475 MHz, 14301 MHz, 53 %, 55.03 W, 63, 0x0000000000000400
2026/09/19 18:57:04.736, 2572 MHz, 14301 MHz, 55 %, 55.38 W, 64, 0x0000000000000400
2026/09/19 18:57:05.239, 2542 MHz, 14301 MHz, 53 %, 55.41 W, 64, 0x0000000000000400
2026/09/19 18:57:05.744, 2467 MHz, 14301 MHz, 54 %, 55.14 W, 63, 0x0000000000000400
2026/09/19 18:57:06.246, 2505 MHz, 14301 MHz, 55 %, 54.87 W, 63, 0x0000000000000400
2026/09/19 18:57:06.748, 2542 MHz, 14301 MHz, 53 %, 55.34 W, 63, 0x0000000000000400
2026/09/19 18:57:07.253, 2490 MHz, 14301 MHz, 54 %, 55.47 W, 64, 0x0000000000000400
2026/09/19 18:57:07.757, 2512 MHz, 14301 MHz, 53 %, 55.35 W, 63, 0x0000000000000400
2026/09/19 18:57:08.261, 2527 MHz, 14301 MHz, 53 %, 55.21 W, 64, 0x0000000000000400
2026/09/19 18:57:08.763, 2527 MHz, 14301 MHz, 53 %, 55.54 W, 64, 0x0000000000000400
2026/09/19 18:57:09.269, 2587 MHz, 14301 MHz, 57 %, 55.71 W, 63, 0x0000000000000400
2026/09/19 18:57:09.780, 2497 MHz, 14301 MHz, 54 %, 55.18 W, 63, 0x0000000000000400
2026/09/19 18:57:10.284, 2535 MHz, 14301 MHz, 55 %, 54.71 W, 64, 0x0000000000000400
2026/09/19 18:57:10.785, 2512 MHz, 14301 MHz, 55 %, 55.08 W, 63, 0x0000000000000400
2026/09/19 18:57:11.300, 2955 MHz, 14301 MHz, 99 %, 66.12 W, 65, 0x0000000000000400
2026/09/19 18:57:11.805, 2940 MHz, 14301 MHz, 99 %, 80.09 W, 65, 0x0000000000000400
2026/09/19 18:57:12.321, 2947 MHz, 14301 MHz, 99 %, 83.39 W, 66, 0x0000000000000400
2026/09/19 18:57:12.826, 2947 MHz, 14301 MHz, 99 %, 83.51 W, 66, 0x0000000000000400
2026/09/19 18:57:13.343, 2947 MHz, 14301 MHz, 99 %, 83.56 W, 66, 0x0000000000000400
2026/09/19 18:57:13.843, 2947 MHz, 14301 MHz, 99 %, 83.43 W, 66, 0x0000000000000400
2026/09/19 18:57:14.345, 2947 MHz, 14301 MHz, 99 %, 83.31 W, 66, 0x0000000000000400
2026/09/19 18:57:14.847, 2947 MHz, 14301 MHz, 99 %, 83.40 W, 66, 0x0000000000000400
2026/09/19 18:57:15.351, 2940 MHz, 14301 MHz, 99 %, 83.70 W, 66, 0x0000000000000400
2026/09/19 18:57:15.853, 2947 MHz, 14301 MHz, 99 %, 83.66 W, 66, 0x0000000000000400
2026/09/19 18:57:16.354, 2940 MHz, 14301 MHz, 99 %, 83.61 W, 67, 0x0000000000000400
2026/09/19 18:57:16.869, 2940 MHz, 14301 MHz, 99 %, 83.67 W, 66, 0x0000000000000400
2026/09/19 18:57:17.372, 2940 MHz, 14301 MHz, 99 %, 83.83 W, 66, 0x0000000000000400
2026/09/19 18:57:17.878, 2940 MHz, 14301 MHz, 99 %, 84.00 W, 67, 0x0000000000000400
2026/09/19 18:57:18.380, 2940 MHz, 14301 MHz, 99 %, 84.06 W, 66, 0x0000000000000400
2026/09/19 18:57:18.883, 2940 MHz, 14301 MHz, 99 %, 84.19 W, 66, 0x0000000000000400
2026/09/19 18:57:19.383, 2940 MHz, 14301 MHz, 99 %, 83.30 W, 66, 0x0000000000000400
2026/09/19 18:57:19.889, 2940 MHz, 14301 MHz, 99 %, 83.19 W, 66, 0x0000000000000400
2026/09/19 18:57:20.391, 2940 MHz, 14301 MHz, 99 %, 83.89 W, 66, 0x0000000000000400
2026/09/19 18:57:20.894, 2535 MHz, 14301 MHz, 52 %, 70.80 W, 64, 0x0000000000000400
2026/09/19 18:57:21.398, 2497 MHz, 14301 MHz, 51 %, 56.30 W, 64, 0x0000000000000400
2026/09/19 18:57:21.899, 2482 MHz, 14301 MHz, 53 %, 54.84 W, 64, 0x0000000000000400
2026/09/19 18:57:22.415, 2572 MHz, 14301 MHz, 55 %, 55.13 W, 64, 0x0000000000000400
2026/09/19 18:57:22.917, 2512 MHz, 14301 MHz, 55 %, 55.52 W, 63, 0x0000000000000400
2026/09/19 18:57:23.421, 2535 MHz, 14301 MHz, 52 %, 55.20 W, 63, 0x0000000000000400
2026/09/19 18:57:23.925, 2557 MHz, 14301 MHz, 51 %, 55.10 W, 64, 0x0000000000000400
2026/09/19 18:57:24.430, 2490 MHz, 14301 MHz, 54 %, 55.41 W, 64, 0x0000000000000400
2026/09/19 18:57:24.945, 2490 MHz, 14301 MHz, 55 %, 55.48 W, 63, 0x0000000000000400
2026/09/19 18:57:25.448, 2527 MHz, 14301 MHz, 55 %, 55.45 W, 63, 0x0000000000000400
2026/09/19 18:57:25.951, 2482 MHz, 14301 MHz, 53 %, 55.30 W, 63, 0x0000000000000400
2026/09/19 18:57:26.466, 2550 MHz, 14301 MHz, 53 %, 55.11 W, 63, 0x0000000000000400
2026/09/19 18:57:26.981, 2527 MHz, 14301 MHz, 54 %, 55.32 W, 64, 0x0000000000000400
2026/09/19 18:57:27.484, 2527 MHz, 14301 MHz, 53 %, 55.28 W, 63, 0x0000000000000400
2026/09/19 18:57:27.987, 2512 MHz, 14301 MHz, 51 %, 55.26 W, 63, 0x0000000000000400
2026/09/19 18:57:28.492, 2550 MHz, 14301 MHz, 54 %, 55.19 W, 63, 0x0000000000000400
2026/09/19 18:57:28.994, 2505 MHz, 14301 MHz, 54 %, 54.56 W, 63, 0x0000000000000400
2026/09/19 18:57:29.496, 2475 MHz, 14301 MHz, 55 %, 54.58 W, 63, 0x0000000000000400
2026/09/19 18:57:30.002, 2955 MHz, 14301 MHz, 99 %, 64.72 W, 65, 0x0000000000000400
2026/09/19 18:57:30.504, 2947 MHz, 14301 MHz, 99 %, 77.61 W, 66, 0x0000000000000400
2026/09/19 18:57:31.008, 2940 MHz, 14301 MHz, 99 %, 83.63 W, 66, 0x0000000000000400
2026/09/19 18:57:31.511, 2940 MHz, 14301 MHz, 99 %, 83.71 W, 66, 0x0000000000000400
2026/09/19 18:57:32.017, 2947 MHz, 14301 MHz, 99 %, 83.61 W, 66, 0x0000000000000400
2026/09/19 18:57:32.520, 2947 MHz, 14301 MHz, 99 %, 83.61 W, 66, 0x0000000000000400
2026/09/19 18:57:33.021, 2947 MHz, 14301 MHz, 99 %, 83.43 W, 66, 0x0000000000000400
2026/09/19 18:57:33.525, 2940 MHz, 14301 MHz, 99 %, 83.45 W, 67, 0x0000000000000400
2026/09/19 18:57:34.039, 2940 MHz, 14301 MHz, 99 %, 83.74 W, 66, 0x0000000000000400
2026/09/19 18:57:34.541, 2940 MHz, 14301 MHz, 99 %, 83.77 W, 66, 0x0000000000000400
2026/09/19 18:57:35.046, 2940 MHz, 14301 MHz, 99 %, 83.67 W, 66, 0x0000000000000400
2026/09/19 18:57:35.551, 2940 MHz, 14301 MHz, 99 %, 83.89 W, 66, 0x0000000000000400
2026/09/19 18:57:36.058, 2940 MHz, 14301 MHz, 99 %, 84.05 W, 66, 0x0000000000000400
2026/09/19 18:57:36.561, 2940 MHz, 14301 MHz, 99 %, 84.09 W, 66, 0x0000000000000400
2026/09/19 18:57:37.062, 2940 MHz, 14301 MHz, 99 %, 84.22 W, 67, 0x0000000000000400
2026/09/19 18:57:37.567, 2940 MHz, 14301 MHz, 99 %, 84.48 W, 67, 0x0000000000000400
2026/09/19 18:57:38.078, 2940 MHz, 14301 MHz, 99 %, 83.49 W, 66, 0x0000000000000400
2026/09/19 18:57:38.593, 2940 MHz, 14301 MHz, 99 %, 83.14 W, 66, 0x0000000000000400
2026/09/19 18:57:39.101, 2940 MHz, 14301 MHz, 99 %, 83.81 W, 66, 0x0000000000000400
2026/09/19 18:57:39.602, 2520 MHz, 14301 MHz, 54 %, 70.94 W, 64, 0x0000000000000400
2026/09/19 18:57:40.117, 2535 MHz, 14301 MHz, 52 %, 56.34 W, 64, 0x0000000000000400
2026/09/19 18:57:40.632, 2505 MHz, 14301 MHz, 55 %, 54.92 W, 64, 0x0000000000000400
2026/09/19 18:57:41.134, 2572 MHz, 14301 MHz, 53 %, 55.78 W, 63, 0x0000000000000400
2026/09/19 18:57:41.635, 2497 MHz, 14301 MHz, 53 %, 55.55 W, 63, 0x0000000000000400
2026/09/19 18:57:42.141, 2490 MHz, 14301 MHz, 55 %, 54.81 W, 64, 0x0000000000000400
2026/09/19 18:57:42.644, 2542 MHz, 14301 MHz, 54 %, 54.90 W, 63, 0x0000000000000400
2026/09/19 18:57:43.145, 2505 MHz, 14301 MHz, 54 %, 55.03 W, 63, 0x0000000000000400
2026/09/19 18:57:43.651, 2572 MHz, 14301 MHz, 52 %, 55.12 W, 63, 0x0000000000000400
2026/09/19 18:57:44.155, 2482 MHz, 14301 MHz, 53 %, 54.93 W, 63, 0x0000000000000400
2026/09/19 18:57:44.657, 2542 MHz, 14301 MHz, 55 %, 55.00 W, 63, 0x0000000000000400
2026/09/19 18:57:45.158, 2535 MHz, 14301 MHz, 53 %, 55.66 W, 63, 0x0000000000000400
2026/09/19 18:57:45.661, 2550 MHz, 14301 MHz, 54 %, 55.60 W, 63, 0x0000000000000400
2026/09/19 18:57:46.164, 2565 MHz, 14301 MHz, 55 %, 55.38 W, 63, 0x0000000000000400
2026/09/19 18:57:46.667, 2512 MHz, 14301 MHz, 54 %, 55.22 W, 63, 0x0000000000000400
2026/09/19 18:57:47.173, 2520 MHz, 14301 MHz, 55 %, 55.04 W, 63, 0x0000000000000400
2026/09/19 18:57:47.689, 2512 MHz, 14301 MHz, 56 %, 55.03 W, 63, 0x0000000000000400
2026/09/19 18:57:48.190, 2520 MHz, 14301 MHz, 53 %, 54.80 W, 63, 0x0000000000000400
2026/09/19 18:57:48.704, 2955 MHz, 14301 MHz, 99 %, 66.39 W, 65, 0x0000000000000400
2026/09/19 18:57:49.209, 2940 MHz, 14301 MHz, 99 %, 81.03 W, 65, 0x0000000000000400
2026/09/19 18:57:49.709, 2947 MHz, 14301 MHz, 99 %, 83.86 W, 66, 0x0000000000000400
2026/09/19 18:57:50.216, 2940 MHz, 14301 MHz, 99 %, 83.89 W, 66, 0x0000000000000400
2026/09/19 18:57:50.717, 2947 MHz, 14301 MHz, 99 %, 83.97 W, 66, 0x0000000000000400
2026/09/19 18:57:51.231, 2940 MHz, 14301 MHz, 99 %, 83.92 W, 66, 0x0000000000000400
2026/09/19 18:57:51.741, 2940 MHz, 14301 MHz, 99 %, 84.07 W, 66, 0x0000000000000400
2026/09/19 18:57:52.245, 2940 MHz, 14301 MHz, 98 %, 84.43 W, 66, 0x0000000000000400
2026/09/19 18:57:52.749, 2940 MHz, 14301 MHz, 99 %, 84.64 W, 66, 0x0000000000000400
2026/09/19 18:57:53.253, 2940 MHz, 14301 MHz, 99 %, 84.50 W, 66, 0x0000000000000400
2026/09/19 18:57:53.756, 2940 MHz, 14301 MHz, 99 %, 84.35 W, 66, 0x0000000000000400
2026/09/19 18:57:54.265, 2940 MHz, 14301 MHz, 99 %, 84.18 W, 66, 0x0000000000000400
2026/09/19 18:57:54.779, 2940 MHz, 14301 MHz, 99 %, 84.22 W, 66, 0x0000000000000400
2026/09/19 18:57:55.284, 2940 MHz, 14301 MHz, 99 %, 84.34 W, 66, 0x0000000000000400
2026/09/19 18:57:55.790, 2940 MHz, 14301 MHz, 99 %, 83.63 W, 67, 0x0000000000000400
2026/09/19 18:57:56.295, 2940 MHz, 14301 MHz, 99 %, 83.86 W, 67, 0x0000000000000400
2026/09/19 18:57:56.797, 2940 MHz, 14301 MHz, 99 %, 84.44 W, 66, 0x0000000000000400
2026/09/19 18:57:57.300, 2797 MHz, 14301 MHz, 51 %, 80.26 W, 65, 0x0000000000000400
2026/09/19 18:57:57.815, 2505 MHz, 14301 MHz, 51 %, 65.69 W, 64, 0x0000000000000400
2026/09/19 18:57:58.316, 2490 MHz, 14301 MHz, 55 %, 55.02 W, 63, 0x0000000000000400
2026/09/19 18:57:58.831, 2505 MHz, 14301 MHz, 51 %, 55.02 W, 63, 0x0000000000000400
2026/09/19 18:57:59.336, 2565 MHz, 14301 MHz, 53 %, 54.99 W, 63, 0x0000000000000400
2026/09/19 18:57:59.839, 2572 MHz, 14301 MHz, 54 %, 55.70 W, 64, 0x0000000000000400
2026/09/19 18:58:00.342, 2505 MHz, 14301 MHz, 55 %, 55.85 W, 64, 0x0000000000000400
2026/09/19 18:58:00.847, 2490 MHz, 14301 MHz, 56 %, 55.39 W, 64, 0x0000000000000400
2026/09/19 18:58:01.350, 2542 MHz, 14301 MHz, 57 %, 55.66 W, 64, 0x0000000000000400
2026/09/19 18:58:01.863, 2512 MHz, 14301 MHz, 51 %, 55.70 W, 63, 0x0000000000000400
2026/09/19 18:58:02.365, 2497 MHz, 14301 MHz, 56 %, 55.34 W, 63, 0x0000000000000400
2026/09/19 18:58:02.870, 2550 MHz, 14301 MHz, 55 %, 55.31 W, 63, 0x0000000000000400
2026/09/19 18:58:03.371, 2520 MHz, 14301 MHz, 54 %, 55.48 W, 63, 0x0000000000000400
2026/09/19 18:58:03.874, 2572 MHz, 14301 MHz, 54 %, 55.58 W, 63, 0x0000000000000400
2026/09/19 18:58:04.379, 2512 MHz, 14301 MHz, 54 %, 55.34 W, 63, 0x0000000000000400
2026/09/19 18:58:04.884, 2490 MHz, 14301 MHz, 54 %, 54.86 W, 63, 0x0000000000000400
2026/09/19 18:58:05.386, 2512 MHz, 14301 MHz, 55 %, 54.75 W, 63, 0x0000000000000400
2026/09/19 18:58:05.893, 2557 MHz, 14301 MHz, 53 %, 55.05 W, 63, 0x0000000000000400
2026/09/19 18:58:06.395, 2745 MHz, 14301 MHz, 99 %, 59.72 W, 65, 0x0000000000000400
2026/09/19 18:58:06.902, 2955 MHz, 14301 MHz, 99 %, 74.27 W, 66, 0x0000000000000400
2026/09/19 18:58:07.406, 2940 MHz, 14301 MHz, 99 %, 83.96 W, 66, 0x0000000000000400
2026/09/19 18:58:07.912, 2940 MHz, 14301 MHz, 99 %, 84.18 W, 66, 0x0000000000000400
2026/09/19 18:58:08.413, 2947 MHz, 14301 MHz, 99 %, 84.30 W, 66, 0x0000000000000400
2026/09/19 18:58:08.918, 2940 MHz, 14301 MHz, 99 %, 84.04 W, 66, 0x0000000000000400
2026/09/19 18:58:09.434, 2947 MHz, 14301 MHz, 99 %, 83.91 W, 66, 0x0000000000000400
2026/09/19 18:58:09.937, 2940 MHz, 14301 MHz, 99 %, 84.18 W, 66, 0x0000000000000400
2026/09/19 18:58:10.440, 2947 MHz, 14301 MHz, 99 %, 84.33 W, 66, 0x0000000000000400
2026/09/19 18:58:10.946, 2940 MHz, 14301 MHz, 99 %, 84.46 W, 66, 0x0000000000000400
2026/09/19 18:58:11.461, 2940 MHz, 14301 MHz, 99 %, 84.57 W, 66, 0x0000000000000400
2026/09/19 18:58:11.965, 2940 MHz, 14301 MHz, 99 %, 84.49 W, 66, 0x0000000000000400
2026/09/19 18:58:12.472, 2940 MHz, 14301 MHz, 99 %, 84.43 W, 66, 0x0000000000000400
2026/09/19 18:58:12.972, 2940 MHz, 14301 MHz, 99 %, 84.56 W, 66, 0x0000000000000400
2026/09/19 18:58:13.475, 2940 MHz, 14301 MHz, 99 %, 84.92 W, 66, 0x0000000000000400
2026/09/19 18:58:13.991, 2940 MHz, 14301 MHz, 99 %, 84.21 W, 66, 0x0000000000000400
2026/09/19 18:58:14.495, 2940 MHz, 14301 MHz, 99 %, 84.13 W, 66, 0x0000000000000400
2026/09/19 18:58:15.004, 2940 MHz, 14301 MHz, 99 %, 84.61 W, 67, 0x0000000000000400
2026/09/19 18:58:15.507, 2947 MHz, 14301 MHz, 98 %, 84.08 W, 66, 0x0000000000000400
2026/09/19 18:58:16.016, 2467 MHz, 14301 MHz, 55 %, 71.16 W, 64, 0x0000000000000400
2026/09/19 18:58:16.519, 2482 MHz, 14301 MHz, 52 %, 55.23 W, 64, 0x0000000000000400
2026/09/19 18:58:17.034, 2512 MHz, 14301 MHz, 54 %, 54.61 W, 64, 0x0000000000000400
2026/09/19 18:58:17.537, 2482 MHz, 14301 MHz, 53 %, 54.81 W, 64, 0x0000000000000400
2026/09/19 18:58:18.052, 2512 MHz, 14301 MHz, 53 %, 54.96 W, 64, 0x0000000000000400
2026/09/19 18:58:18.553, 2535 MHz, 14301 MHz, 56 %, 55.33 W, 64, 0x0000000000000400
2026/09/19 18:58:19.057, 2542 MHz, 14301 MHz, 52 %, 55.72 W, 63, 0x0000000000000400
2026/09/19 18:58:19.561, 2557 MHz, 14301 MHz, 57 %, 55.51 W, 64, 0x0000000000000400
2026/09/19 18:58:20.065, 2587 MHz, 14301 MHz, 54 %, 55.75 W, 64, 0x0000000000000400
2026/09/19 18:58:20.568, 2535 MHz, 14301 MHz, 54 %, 55.88 W, 63, 0x0000000000000400
2026/09/19 18:58:21.070, 2565 MHz, 14301 MHz, 52 %, 55.60 W, 63, 0x0000000000000400
2026/09/19 18:58:21.572, 2497 MHz, 14301 MHz, 54 %, 55.06 W, 63, 0x0000000000000400
2026/09/19 18:58:22.077, 2535 MHz, 14301 MHz, 52 %, 55.02 W, 63, 0x0000000000000400
2026/09/19 18:58:22.580, 2505 MHz, 14301 MHz, 56 %, 54.87 W, 63, 0x0000000000000400
2026/09/19 18:58:23.083, 2557 MHz, 14301 MHz, 55 %, 55.23 W, 63, 0x0000000000000400
2026/09/19 18:58:23.585, 2535 MHz, 14301 MHz, 55 %, 55.83 W, 63, 0x0000000000000400
2026/09/19 18:58:24.086, 2527 MHz, 14301 MHz, 55 %, 55.59 W, 63, 0x0000000000000400
2026/09/19 18:58:24.589, 2610 MHz, 14301 MHz, 99 %, 57.85 W, 65, 0x0000000000000400
2026/09/19 18:58:25.092, 2940 MHz, 14301 MHz, 99 %, 72.24 W, 66, 0x0000000000000400
2026/09/19 18:58:25.597, 2940 MHz, 14301 MHz, 99 %, 83.91 W, 66, 0x0000000000000400
2026/09/19 18:58:26.099, 2940 MHz, 14301 MHz, 99 %, 84.15 W, 66, 0x0000000000000400
2026/09/19 18:58:26.604, 2940 MHz, 14301 MHz, 99 %, 84.29 W, 66, 0x0000000000000400
2026/09/19 18:58:27.119, 2940 MHz, 14301 MHz, 99 %, 84.21 W, 66, 0x0000000000000400
2026/09/19 18:58:27.620, 2940 MHz, 14301 MHz, 99 %, 84.19 W, 66, 0x0000000000000400
2026/09/19 18:58:28.123, 2940 MHz, 14301 MHz, 99 %, 84.58 W, 66, 0x0000000000000400
2026/09/19 18:58:28.628, 2940 MHz, 14301 MHz, 99 %, 84.65 W, 66, 0x0000000000000400
2026/09/19 18:58:29.132, 2940 MHz, 14301 MHz, 99 %, 84.64 W, 66, 0x0000000000000400
2026/09/19 18:58:29.636, 2940 MHz, 14301 MHz, 99 %, 84.84 W, 66, 0x0000000000000400
2026/09/19 18:58:30.141, 2940 MHz, 14301 MHz, 99 %, 84.75 W, 66, 0x0000000000000400
2026/09/19 18:58:30.647, 2940 MHz, 14301 MHz, 99 %, 84.48 W, 66, 0x0000000000000400
2026/09/19 18:58:31.153, 2940 MHz, 14301 MHz, 99 %, 84.66 W, 67, 0x0000000000000400
2026/09/19 18:58:31.656, 2940 MHz, 14301 MHz, 99 %, 84.90 W, 66, 0x0000000000000400
2026/09/19 18:58:32.160, 2910 MHz, 14301 MHz, 99 %, 83.67 W, 66, 0x0000000000000400
2026/09/19 18:58:32.662, 2940 MHz, 14301 MHz, 99 %, 83.80 W, 66, 0x0000000000000400
2026/09/19 18:58:33.163, 2940 MHz, 14301 MHz, 99 %, 84.86 W, 66, 0x0000000000000400
2026/09/19 18:58:33.667, 2940 MHz, 14301 MHz, 98 %, 84.35 W, 66, 0x0000000000000400
2026/09/19 18:58:34.168, 2535 MHz, 14301 MHz, 52 %, 70.90 W, 64, 0x0000000000000400
2026/09/19 18:58:34.671, 2490 MHz, 14301 MHz, 53 %, 58.50 W, 64, 0x0000000000000400
2026/09/19 18:58:35.172, 2542 MHz, 14301 MHz, 53 %, 54.79 W, 63, 0x0000000000000400
2026/09/19 18:58:35.674, 2512 MHz, 14301 MHz, 55 %, 55.44 W, 63, 0x0000000000000400
2026/09/19 18:58:36.178, 2572 MHz, 14301 MHz, 52 %, 56.28 W, 63, 0x0000000000000400
2026/09/19 18:58:36.681, 2535 MHz, 14301 MHz, 56 %, 56.06 W, 63, 0x0000000000000400
2026/09/19 18:58:37.185, 2512 MHz, 14301 MHz, 53 %, 55.62 W, 64, 0x0000000000000400
2026/09/19 18:58:37.687, 2550 MHz, 14301 MHz, 55 %, 55.61 W, 64, 0x0000000000000400
2026/09/19 18:58:38.201, 2595 MHz, 14301 MHz, 53 %, 56.07 W, 63, 0x0000000000000400
2026/09/19 18:58:38.702, 2535 MHz, 14301 MHz, 55 %, 56.22 W, 63, 0x0000000000000400
2026/09/19 18:58:39.202, 2520 MHz, 14301 MHz, 54 %, 55.64 W, 63, 0x0000000000000400
2026/09/19 18:58:39.707, 2490 MHz, 14301 MHz, 55 %, 55.49 W, 63, 0x0000000000000400
2026/09/19 18:58:40.210, 2512 MHz, 14301 MHz, 55 %, 55.63 W, 63, 0x0000000000000400
2026/09/19 18:58:40.715, 2610 MHz, 14301 MHz, 53 %, 55.88 W, 63, 0x0000000000000400
2026/09/19 18:58:41.228, 2505 MHz, 14301 MHz, 54 %, 55.86 W, 63, 0x0000000000000400
2026/09/19 18:58:41.743, 2550 MHz, 14301 MHz, 53 %, 55.50 W, 63, 0x0000000000000400
2026/09/19 18:58:42.244, 2490 MHz, 14301 MHz, 52 %, 55.03 W, 62, 0x0000000000000400
2026/09/19 18:58:42.744, 2745 MHz, 14301 MHz, 98 %, 59.83 W, 65, 0x0000000000000400
2026/09/19 18:58:43.245, 2940 MHz, 14301 MHz, 99 %, 74.83 W, 65, 0x0000000000000400
2026/09/19 18:58:43.751, 2940 MHz, 14301 MHz, 99 %, 84.57 W, 66, 0x0000000000000400
2026/09/19 18:58:44.255, 2940 MHz, 14301 MHz, 98 %, 84.65 W, 66, 0x0000000000000400
2026/09/19 18:58:44.758, 2940 MHz, 14301 MHz, 99 %, 84.71 W, 66, 0x0000000000000400
2026/09/19 18:58:45.264, 2940 MHz, 14301 MHz, 99 %, 84.65 W, 66, 0x0000000000000400
2026/09/19 18:58:45.769, 2940 MHz, 14301 MHz, 99 %, 84.57 W, 66, 0x0000000000000400
2026/09/19 18:58:46.277, 2940 MHz, 14301 MHz, 99 %, 84.83 W, 66, 0x0000000000000400
2026/09/19 18:58:46.781, 2940 MHz, 14301 MHz, 99 %, 84.95 W, 66, 0x0000000000000400
2026/09/19 18:58:47.296, 2940 MHz, 14301 MHz, 99 %, 84.97 W, 66, 0x0000000000000400
2026/09/19 18:58:47.802, 2940 MHz, 14301 MHz, 99 %, 84.82 W, 66, 0x0000000000000400
2026/09/19 18:58:48.306, 2940 MHz, 14301 MHz, 99 %, 84.89 W, 67, 0x0000000000000400
2026/09/19 18:58:48.808, 2940 MHz, 14301 MHz, 99 %, 85.06 W, 66, 0x0000000000000400
2026/09/19 18:58:49.316, 2940 MHz, 14301 MHz, 99 %, 85.10 W, 67, 0x0000000000000400
2026/09/19 18:58:49.823, 2940 MHz, 14301 MHz, 99 %, 84.59 W, 66, 0x0000000000000400
2026/09/19 18:58:50.325, 2940 MHz, 14301 MHz, 99 %, 84.54 W, 67, 0x0000000000000400
2026/09/19 18:58:50.839, 2940 MHz, 14301 MHz, 99 %, 84.93 W, 66, 0x0000000000000400
2026/09/19 18:58:51.345, 2865 MHz, 14301 MHz, 64 %, 82.48 W, 65, 0x0000000000000400
2026/09/19 18:58:51.852, 2452 MHz, 14301 MHz, 52 %, 68.86 W, 64, 0x0000000000000400
2026/09/19 18:58:52.357, 2542 MHz, 14301 MHz, 53 %, 55.57 W, 64, 0x0000000000000400
2026/09/19 18:58:52.862, 2557 MHz, 14301 MHz, 53 %, 56.19 W, 63, 0x0000000000000400
2026/09/19 18:58:53.368, 2482 MHz, 14301 MHz, 53 %, 55.86 W, 63, 0x0000000000000400
2026/09/19 18:58:53.870, 2520 MHz, 14301 MHz, 53 %, 55.45 W, 63, 0x0000000000000400
2026/09/19 18:58:54.373, 2505 MHz, 14301 MHz, 55 %, 55.42 W, 63, 0x0000000000000400
2026/09/19 18:58:54.877, 2565 MHz, 14301 MHz, 52 %, 55.66 W, 64, 0x0000000000000400
2026/09/19 18:58:55.392, 2550 MHz, 14301 MHz, 54 %, 55.92 W, 63, 0x0000000000000400
2026/09/19 18:58:55.895, 2587 MHz, 14301 MHz, 53 %, 55.76 W, 64, 0x0000000000000400
2026/09/19 18:58:56.399, 2527 MHz, 14301 MHz, 54 %, 55.34 W, 64, 0x0000000000000400
2026/09/19 18:58:56.901, 2542 MHz, 14301 MHz, 57 %, 55.08 W, 64, 0x0000000000000400
2026/09/19 18:58:57.407, 2565 MHz, 14301 MHz, 53 %, 55.67 W, 63, 0x0000000000000400
2026/09/19 18:58:57.911, 2565 MHz, 14301 MHz, 54 %, 56.05 W, 63, 0x0000000000000400
2026/09/19 18:58:58.416, 2610 MHz, 14301 MHz, 54 %, 56.40 W, 63, 0x0000000000000400
2026/09/19 18:58:58.918, 2557 MHz, 14301 MHz, 55 %, 56.24 W, 63, 0x0000000000000400
2026/09/19 18:58:59.422, 2542 MHz, 14301 MHz, 53 %, 55.91 W, 63, 0x0000000000000400
2026/09/19 18:58:59.926, 2580 MHz, 14301 MHz, 54 %, 56.41 W, 63, 0x0000000000000400
2026/09/19 18:59:00.430, 2895 MHz, 14301 MHz, 99 %, 62.65 W, 65, 0x0000000000000400
2026/09/19 18:59:00.935, 2947 MHz, 14301 MHz, 99 %, 75.16 W, 65, 0x0000000000000400
2026/09/19 18:59:01.435, 2940 MHz, 14301 MHz, 99 %, 84.15 W, 66, 0x0000000000000400
2026/09/19 18:59:01.945, 2940 MHz, 14301 MHz, 99 %, 84.29 W, 66, 0x0000000000000400
2026/09/19 18:59:02.448, 2940 MHz, 14301 MHz, 98 %, 84.43 W, 66, 0x0000000000000400
2026/09/19 18:59:02.955, 2940 MHz, 14301 MHz, 99 %, 84.28 W, 66, 0x0000000000000400
2026/09/19 18:59:03.470, 2940 MHz, 14301 MHz, 99 %, 84.36 W, 66, 0x0000000000000400
2026/09/19 18:59:03.977, 2940 MHz, 14301 MHz, 99 %, 84.65 W, 66, 0x0000000000000400
2026/09/19 18:59:04.478, 2940 MHz, 14301 MHz, 99 %, 84.82 W, 66, 0x0000000000000400
2026/09/19 18:59:04.981, 2940 MHz, 14301 MHz, 99 %, 84.83 W, 66, 0x0000000000000400
2026/09/19 18:59:05.484, 2940 MHz, 14301 MHz, 99 %, 84.71 W, 66, 0x0000000000000400
2026/09/19 18:59:05.988, 2940 MHz, 14301 MHz, 99 %, 84.84 W, 67, 0x0000000000000400
2026/09/19 18:59:06.492, 2940 MHz, 14301 MHz, 99 %, 85.09 W, 66, 0x0000000000000400
2026/09/19 18:59:06.995, 2940 MHz, 14301 MHz, 98 %, 85.14 W, 66, 0x0000000000000400
2026/09/19 18:59:07.500, 2940 MHz, 14301 MHz, 99 %, 85.33 W, 67, 0x0000000000000400
2026/09/19 18:59:08.002, 2940 MHz, 14301 MHz, 99 %, 84.54 W, 67, 0x0000000000000400
2026/09/19 18:59:08.507, 2940 MHz, 14301 MHz, 99 %, 84.41 W, 67, 0x0000000000000400
2026/09/19 18:59:09.023, 2940 MHz, 14301 MHz, 99 %, 85.15 W, 67, 0x0000000000000400
2026/09/19 18:59:09.525, 2767 MHz, 14301 MHz, 50 %, 80.76 W, 65, 0x0000000000000400
2026/09/19 18:59:10.040, 2542 MHz, 14301 MHz, 52 %, 67.22 W, 64, 0x0000000000000400
2026/09/19 18:59:10.548, 2497 MHz, 14301 MHz, 54 %, 55.45 W, 63, 0x0000000000000400
2026/09/19 18:59:11.053, 2535 MHz, 14301 MHz, 54 %, 55.55 W, 63, 0x0000000000000400
2026/09/19 18:59:11.557, 2497 MHz, 14301 MHz, 53 %, 55.26 W, 64, 0x0000000000000400
2026/09/19 18:59:12.060, 2497 MHz, 14301 MHz, 52 %, 55.33 W, 64, 0x0000000000000400
2026/09/19 18:59:12.565, 2550 MHz, 14301 MHz, 54 %, 56.16 W, 64, 0x0000000000000400
2026/09/19 18:59:13.068, 2535 MHz, 14301 MHz, 53 %, 55.92 W, 64, 0x0000000000000400
2026/09/19 18:59:13.572, 2505 MHz, 14301 MHz, 54 %, 55.38 W, 64, 0x0000000000000400
2026/09/19 18:59:14.077, 2535 MHz, 14301 MHz, 50 %, 55.55 W, 64, 0x0000000000000400
2026/09/19 18:59:14.583, 2527 MHz, 14301 MHz, 56 %, 55.37 W, 64, 0x0000000000000400
2026/09/19 18:59:15.088, 2572 MHz, 14301 MHz, 53 %, 55.57 W, 63, 0x0000000000000400
2026/09/19 18:59:15.590, 2587 MHz, 14301 MHz, 54 %, 56.40 W, 63, 0x0000000000000400
2026/09/19 18:59:16.090, 2535 MHz, 14301 MHz, 51 %, 56.54 W, 63, 0x0000000000000400
2026/09/19 18:59:16.592, 2550 MHz, 14301 MHz, 54 %, 55.97 W, 63, 0x0000000000000400
2026/09/19 18:59:17.095, 2542 MHz, 14301 MHz, 55 %, 55.69 W, 63, 0x0000000000000400
2026/09/19 18:59:17.608, 2535 MHz, 14301 MHz, 53 %, 55.58 W, 63, 0x0000000000000400
2026/09/19 18:59:18.114, 2535 MHz, 14301 MHz, 54 %, 55.72 W, 63, 0x0000000000000400
2026/09/19 18:59:18.619, 2955 MHz, 14301 MHz, 99 %, 63.74 W, 65, 0x0000000000000400
2026/09/19 18:59:19.122, 2947 MHz, 14301 MHz, 99 %, 78.87 W, 66, 0x0000000000000400
2026/09/19 18:59:19.625, 2940 MHz, 14301 MHz, 99 %, 84.29 W, 66, 0x0000000000000400
2026/09/19 18:59:20.129, 2940 MHz, 14301 MHz, 99 %, 84.38 W, 66, 0x0000000000000400
2026/09/19 18:59:20.643, 2940 MHz, 14301 MHz, 99 %, 84.37 W, 66, 0x0000000000000400
2026/09/19 18:59:21.148, 2940 MHz, 14301 MHz, 98 %, 84.19 W, 66, 0x0000000000000400
2026/09/19 18:59:21.652, 2940 MHz, 14301 MHz, 99 %, 84.27 W, 66, 0x0000000000000400
2026/09/19 18:59:22.167, 2940 MHz, 14301 MHz, 99 %, 84.48 W, 66, 0x0000000000000400
2026/09/19 18:59:22.668, 2940 MHz, 14301 MHz, 99 %, 84.52 W, 66, 0x0000000000000400
2026/09/19 18:59:23.184, 2940 MHz, 14301 MHz, 99 %, 84.65 W, 66, 0x0000000000000400
2026/09/19 18:59:23.687, 2940 MHz, 14301 MHz, 99 %, 84.66 W, 66, 0x0000000000000400
2026/09/19 18:59:24.201, 2940 MHz, 14301 MHz, 99 %, 84.45 W, 66, 0x0000000000000400
2026/09/19 18:59:24.705, 2940 MHz, 14301 MHz, 99 %, 84.24 W, 66, 0x0000000000000400
2026/09/19 18:59:25.208, 2940 MHz, 14301 MHz, 99 %, 84.41 W, 66, 0x0000000000000400
2026/09/19 18:59:25.712, 2940 MHz, 14301 MHz, 99 %, 84.47 W, 66, 0x0000000000000400
2026/09/19 18:59:26.213, 2940 MHz, 14301 MHz, 99 %, 84.40 W, 67, 0x0000000000000400
2026/09/19 18:59:26.716, 2940 MHz, 14301 MHz, 99 %, 84.24 W, 67, 0x0000000000000400
2026/09/19 18:59:27.229, 2947 MHz, 14301 MHz, 99 %, 84.19 W, 67, 0x0000000000000400
2026/09/19 18:59:27.745, 2752 MHz, 14301 MHz, 53 %, 79.32 W, 65, 0x0000000000000400
2026/09/19 18:59:28.248, 2527 MHz, 14301 MHz, 52 %, 64.69 W, 64, 0x0000000000000400
2026/09/19 18:59:28.762, 2520 MHz, 14301 MHz, 52 %, 55.26 W, 64, 0x0000000000000400
2026/09/19 18:59:29.266, 2535 MHz, 14301 MHz, 55 %, 55.77 W, 64, 0x0000000000000400
2026/09/19 18:59:29.767, 2542 MHz, 14301 MHz, 54 %, 56.04 W, 64, 0x0000000000000400
2026/09/19 18:59:30.270, 2542 MHz, 14301 MHz, 54 %, 55.98 W, 64, 0x0000000000000400
2026/09/19 18:59:30.772, 2550 MHz, 14301 MHz, 54 %, 55.80 W, 64, 0x0000000000000400
2026/09/19 18:59:31.286, 2557 MHz, 14301 MHz, 55 %, 55.67 W, 64, 0x0000000000000400
2026/09/19 18:59:31.791, 2542 MHz, 14301 MHz, 54 %, 55.38 W, 64, 0x0000000000000400
2026/09/19 18:59:32.299, 2602 MHz, 14301 MHz, 54 %, 56.12 W, 63, 0x0000000000000400
2026/09/19 18:59:32.800, 2565 MHz, 14301 MHz, 54 %, 56.25 W, 63, 0x0000000000000400
2026/09/19 18:59:33.305, 2602 MHz, 14301 MHz, 54 %, 56.24 W, 63, 0x0000000000000400
2026/09/19 18:59:33.808, 2565 MHz, 14301 MHz, 52 %, 56.04 W, 63, 0x0000000000000400
2026/09/19 18:59:34.323, 2542 MHz, 14301 MHz, 56 %, 55.43 W, 63, 0x0000000000000400
2026/09/19 18:59:34.829, 2512 MHz, 14301 MHz, 52 %, 55.19 W, 63, 0x0000000000000400
2026/09/19 18:59:35.333, 2535 MHz, 14301 MHz, 54 %, 55.22 W, 63, 0x0000000000000400
2026/09/19 18:59:35.845, 2520 MHz, 14301 MHz, 54 %, 55.11 W, 63, 0x0000000000000400
2026/09/19 18:59:36.347, 2722 MHz, 14301 MHz, 99 %, 59.68 W, 65, 0x0000000000000400
2026/09/19 18:59:36.852, 2947 MHz, 14301 MHz, 98 %, 72.59 W, 65, 0x0000000000000400
2026/09/19 18:59:37.354, 2940 MHz, 14301 MHz, 99 %, 84.44 W, 66, 0x0000000000000400
2026/09/19 18:59:37.855, 2940 MHz, 14301 MHz, 99 %, 84.65 W, 66, 0x0000000000000400
2026/09/19 18:59:38.360, 2940 MHz, 14301 MHz, 99 %, 84.75 W, 66, 0x0000000000000400
2026/09/19 18:59:38.864, 2940 MHz, 14301 MHz, 99 %, 84.55 W, 66, 0x0000000000000400
2026/09/19 18:59:39.379, 2940 MHz, 14301 MHz, 99 %, 84.38 W, 66, 0x0000000000000400
2026/09/19 18:59:39.881, 2940 MHz, 14301 MHz, 99 %, 84.63 W, 66, 0x0000000000000400
2026/09/19 18:59:40.383, 2940 MHz, 14301 MHz, 99 %, 84.85 W, 66, 0x0000000000000400
2026/09/19 18:59:40.885, 2940 MHz, 14301 MHz, 99 %, 84.87 W, 66, 0x0000000000000400
2026/09/19 18:59:41.389, 2940 MHz, 14301 MHz, 99 %, 84.77 W, 66, 0x0000000000000400
2026/09/19 18:59:41.894, 2940 MHz, 14301 MHz, 99 %, 84.65 W, 66, 0x0000000000000400
2026/09/19 18:59:42.410, 2940 MHz, 14301 MHz, 99 %, 84.52 W, 66, 0x0000000000000400
2026/09/19 18:59:42.914, 2940 MHz, 14301 MHz, 99 %, 84.69 W, 66, 0x0000000000000400
2026/09/19 18:59:43.418, 2940 MHz, 14301 MHz, 99 %, 84.79 W, 66, 0x0000000000000400
2026/09/19 18:59:43.922, 2910 MHz, 14301 MHz, 98 %, 83.79 W, 67, 0x0000000000000400
2026/09/19 18:59:44.429, 2940 MHz, 14301 MHz, 99 %, 83.81 W, 67, 0x0000000000000400
2026/09/19 18:59:44.946, 2940 MHz, 14301 MHz, 99 %, 84.54 W, 66, 0x0000000000000400
2026/09/19 18:59:45.451, 2947 MHz, 14301 MHz, 91 %, 83.69 W, 66, 0x0000000000000400
2026/09/19 18:59:45.957, 2475 MHz, 14301 MHz, 50 %, 69.79 W, 64, 0x0000000000000400
2026/09/19 18:59:46.463, 2490 MHz, 14301 MHz, 51 %, 54.42 W, 64, 0x0000000000000400
2026/09/19 18:59:46.967, 2557 MHz, 14301 MHz, 52 %, 55.30 W, 64, 0x0000000000000400
2026/09/19 18:59:47.472, 2542 MHz, 14301 MHz, 55 %, 55.54 W, 64, 0x0000000000000400
2026/09/19 18:59:47.986, 2520 MHz, 14301 MHz, 55 %, 55.16 W, 63, 0x0000000000000400
2026/09/19 18:59:48.491, 2542 MHz, 14301 MHz, 54 %, 55.26 W, 63, 0x0000000000000400
2026/09/19 18:59:48.997, 2497 MHz, 14301 MHz, 54 %, 55.40 W, 63, 0x0000000000000400
2026/09/19 18:59:49.501, 2512 MHz, 14301 MHz, 54 %, 55.26 W, 63, 0x0000000000000400
2026/09/19 18:59:50.004, 2535 MHz, 14301 MHz, 53 %, 55.20 W, 63, 0x0000000000000400
2026/09/19 18:59:50.505, 2535 MHz, 14301 MHz, 51 %, 54.99 W, 63, 0x0000000000000400
2026/09/19 18:59:51.007, 2565 MHz, 14301 MHz, 57 %, 55.27 W, 63, 0x0000000000000400
2026/09/19 18:59:51.511, 2542 MHz, 14301 MHz, 55 %, 55.62 W, 63, 0x0000000000000400
2026/09/19 18:59:52.013, 2497 MHz, 14301 MHz, 55 %, 55.40 W, 63, 0x0000000000000400
2026/09/19 18:59:52.518, 2505 MHz, 14301 MHz, 53 %, 55.13 W, 63, 0x0000000000000400
2026/09/19 18:59:53.022, 2557 MHz, 14301 MHz, 53 %, 55.51 W, 64, 0x0000000000000400
2026/09/19 18:59:53.524, 2587 MHz, 14301 MHz, 54 %, 55.97 W, 63, 0x0000000000000400
2026/09/19 18:59:54.026, 2505 MHz, 14301 MHz, 55 %, 55.40 W, 63, 0x0000000000000400
2026/09/19 18:59:54.528, 2587 MHz, 14301 MHz, 88 %, 57.11 W, 64, 0x0000000000000400
2026/09/19 18:59:55.033, 2955 MHz, 14301 MHz, 99 %, 70.08 W, 66, 0x0000000000000400
2026/09/19 18:59:55.534, 2947 MHz, 14301 MHz, 99 %, 82.78 W, 66, 0x0000000000000400
2026/09/19 18:59:56.036, 2947 MHz, 14301 MHz, 99 %, 83.57 W, 66, 0x0000000000000400
2026/09/19 18:59:56.540, 2947 MHz, 14301 MHz, 99 %, 83.56 W, 66, 0x0000000000000400
2026/09/19 18:59:57.041, 2947 MHz, 14301 MHz, 99 %, 83.53 W, 66, 0x0000000000000400
2026/09/19 18:59:57.545, 2947 MHz, 14301 MHz, 99 %, 83.49 W, 66, 0x0000000000000400
2026/09/19 18:59:58.049, 2947 MHz, 14301 MHz, 99 %, 83.63 W, 66, 0x0000000000000400
2026/09/19 18:59:58.552, 2947 MHz, 14301 MHz, 99 %, 83.76 W, 66, 0x0000000000000400
2026/09/19 18:59:59.057, 2940 MHz, 14301 MHz, 99 %, 84.01 W, 66, 0x0000000000000400
2026/09/19 18:59:59.560, 2947 MHz, 14301 MHz, 99 %, 83.90 W, 66, 0x0000000000000400
2026/09/19 19:00:00.062, 2947 MHz, 14301 MHz, 99 %, 83.95 W, 66, 0x0000000000000400
2026/09/19 19:00:00.566, 2947 MHz, 14301 MHz, 99 %, 83.81 W, 67, 0x0000000000000400
2026/09/19 19:00:01.074, 2947 MHz, 14301 MHz, 99 %, 83.77 W, 66, 0x0000000000000400
2026/09/19 19:00:01.579, 2947 MHz, 14301 MHz, 99 %, 83.91 W, 66, 0x0000000000000400
2026/09/19 19:00:02.082, 2940 MHz, 14301 MHz, 99 %, 84.02 W, 66, 0x0000000000000400
2026/09/19 19:00:02.597, 2947 MHz, 14301 MHz, 99 %, 84.08 W, 66, 0x0000000000000400
2026/09/19 19:00:03.112, 2917 MHz, 14301 MHz, 99 %, 83.31 W, 66, 0x0000000000000400
2026/09/19 19:00:03.619, 2947 MHz, 14301 MHz, 99 %, 83.19 W, 66, 0x0000000000000400
2026/09/19 19:00:04.123, 2947 MHz, 14301 MHz, 84 %, 82.85 W, 66, 0x0000000000000400
2026/09/19 19:00:04.627, 2505 MHz, 14301 MHz, 51 %, 68.17 W, 64, 0x0000000000000400
2026/09/19 19:00:05.129, 2527 MHz, 14301 MHz, 53 %, 54.90 W, 63, 0x0000000000000400
2026/09/19 19:00:05.631, 2542 MHz, 14301 MHz, 54 %, 55.07 W, 64, 0x0000000000000400
2026/09/19 19:00:06.135, 2527 MHz, 14301 MHz, 55 %, 55.10 W, 64, 0x0000000000000400
2026/09/19 19:00:06.638, 2490 MHz, 14301 MHz, 54 %, 55.36 W, 64, 0x0000000000000400
2026/09/19 19:00:07.141, 2527 MHz, 14301 MHz, 53 %, 55.54 W, 64, 0x0000000000000400
2026/09/19 19:00:07.642, 2550 MHz, 14301 MHz, 54 %, 55.48 W, 63, 0x0000000000000400
2026/09/19 19:00:08.143, 2602 MHz, 14301 MHz, 55 %, 55.64 W, 63, 0x0000000000000400
2026/09/19 19:00:08.644, 2475 MHz, 14301 MHz, 54 %, 55.31 W, 63, 0x0000000000000400
2026/09/19 19:00:09.146, 2497 MHz, 14301 MHz, 53 %, 54.90 W, 63, 0x0000000000000400
2026/09/19 19:00:09.650, 2512 MHz, 14301 MHz, 52 %, 54.96 W, 64, 0x0000000000000400
2026/09/19 19:00:10.151, 2580 MHz, 14301 MHz, 51 %, 55.19 W, 63, 0x0000000000000400
2026/09/19 19:00:10.656, 2595 MHz, 14301 MHz, 56 %, 55.61 W, 63, 0x0000000000000400
2026/09/19 19:00:11.160, 2497 MHz, 14301 MHz, 53 %, 55.12 W, 63, 0x0000000000000400
2026/09/19 19:00:11.664, 2572 MHz, 14301 MHz, 54 %, 55.03 W, 63, 0x0000000000000400
2026/09/19 19:00:12.179, 2475 MHz, 14301 MHz, 50 %, 55.27 W, 63, 0x0000000000000400
2026/09/19 19:00:12.682, 2520 MHz, 14301 MHz, 56 %, 54.88 W, 63, 0x0000000000000400
2026/09/19 19:00:13.183, 2550 MHz, 14301 MHz, 54 %, 54.86 W, 63, 0x0000000000000400
2026/09/19 19:00:13.689, 2947 MHz, 14301 MHz, 98 %, 67.29 W, 65, 0x0000000000000400
2026/09/19 19:00:14.194, 2940 MHz, 14301 MHz, 99 %, 80.57 W, 65, 0x0000000000000400
2026/09/19 19:00:14.697, 2940 MHz, 14301 MHz, 99 %, 84.35 W, 66, 0x0000000000000400
2026/09/19 19:00:15.204, 2940 MHz, 14301 MHz, 99 %, 84.56 W, 66, 0x0000000000000400
2026/09/19 19:00:15.707, 2947 MHz, 14301 MHz, 99 %, 84.39 W, 66, 0x0000000000000400
2026/09/19 19:00:16.212, 2940 MHz, 14301 MHz, 99 %, 84.24 W, 66, 0x0000000000000400
2026/09/19 19:00:16.716, 2940 MHz, 14301 MHz, 99 %, 84.31 W, 67, 0x0000000000000400
2026/09/19 19:00:17.230, 2940 MHz, 14301 MHz, 99 %, 84.46 W, 66, 0x0000000000000400
2026/09/19 19:00:17.733, 2940 MHz, 14301 MHz, 99 %, 84.64 W, 66, 0x0000000000000400
2026/09/19 19:00:18.236, 2940 MHz, 14301 MHz, 99 %, 84.61 W, 66, 0x0000000000000400
2026/09/19 19:00:18.751, 2940 MHz, 14301 MHz, 99 %, 84.37 W, 67, 0x0000000000000400
2026/09/19 19:00:19.255, 2940 MHz, 14301 MHz, 99 %, 84.11 W, 66, 0x0000000000000400
2026/09/19 19:00:19.762, 2940 MHz, 14301 MHz, 99 %, 84.30 W, 66, 0x0000000000000400
2026/09/19 19:00:20.266, 2947 MHz, 14301 MHz, 99 %, 84.38 W, 66, 0x0000000000000400
2026/09/19 19:00:20.769, 2940 MHz, 14301 MHz, 99 %, 84.44 W, 66, 0x0000000000000400
2026/09/19 19:00:21.271, 2940 MHz, 14301 MHz, 99 %, 84.49 W, 66, 0x0000000000000400
2026/09/19 19:00:21.776, 2940 MHz, 14301 MHz, 99 %, 84.61 W, 66, 0x0000000000000400
2026/09/19 19:00:22.277, 2895 MHz, 14301 MHz, 99 %, 83.44 W, 66, 0x0000000000000400
2026/09/19 19:00:22.784, 2940 MHz, 14301 MHz, 99 %, 83.57 W, 67, 0x0000000000000400
2026/09/19 19:00:23.286, 2542 MHz, 14301 MHz, 52 %, 74.86 W, 65, 0x0000000000000400
2026/09/19 19:00:23.793, 2535 MHz, 14301 MHz, 51 %, 60.30 W, 64, 0x0000000000000400
2026/09/19 19:00:24.300, 2512 MHz, 14301 MHz, 52 %, 55.57 W, 63, 0x0000000000000400
2026/09/19 19:00:24.804, 2512 MHz, 14301 MHz, 55 %, 55.76 W, 63, 0x0000000000000400
2026/09/19 19:00:25.310, 2535 MHz, 14301 MHz, 55 %, 55.54 W, 63, 0x0000000000000400
2026/09/19 19:00:25.816, 2527 MHz, 14301 MHz, 54 %, 55.72 W, 63, 0x0000000000000400
2026/09/19 19:00:26.319, 2527 MHz, 14301 MHz, 55 %, 55.40 W, 63, 0x0000000000000400
2026/09/19 19:00:26.834, 2550 MHz, 14301 MHz, 55 %, 54.88 W, 63, 0x0000000000000400
2026/09/19 19:00:27.338, 2512 MHz, 14301 MHz, 54 %, 54.72 W, 64, 0x0000000000000400
2026/09/19 19:00:27.844, 2557 MHz, 14301 MHz, 56 %, 55.54 W, 64, 0x0000000000000400
2026/09/19 19:00:28.359, 2580 MHz, 14301 MHz, 52 %, 56.48 W, 63, 0x0000000000000400
2026/09/19 19:00:28.861, 2512 MHz, 14301 MHz, 53 %, 55.59 W, 63, 0x0000000000000400
2026/09/19 19:00:29.364, 2587 MHz, 14301 MHz, 55 %, 55.46 W, 63, 0x0000000000000400
2026/09/19 19:00:29.869, 2535 MHz, 14301 MHz, 54 %, 55.32 W, 63, 0x0000000000000400
2026/09/19 19:00:30.383, 2535 MHz, 14301 MHz, 55 %, 54.69 W, 63, 0x0000000000000400
2026/09/19 19:00:30.891, 2557 MHz, 14301 MHz, 54 %, 55.40 W, 63, 0x0000000000000400
2026/09/19 19:00:31.394, 2520 MHz, 14301 MHz, 54 %, 55.42 W, 63, 0x0000000000000400
2026/09/19 19:00:31.895, 2955 MHz, 14301 MHz, 99 %, 63.24 W, 65, 0x0000000000000400
2026/09/19 19:00:32.397, 2940 MHz, 14301 MHz, 99 %, 76.57 W, 66, 0x0000000000000400
2026/09/19 19:00:32.911, 2940 MHz, 14301 MHz, 99 %, 84.46 W, 66, 0x0000000000000400
2026/09/19 19:00:33.411, 2947 MHz, 14301 MHz, 99 %, 84.42 W, 66, 0x0000000000000400
2026/09/19 19:00:33.925, 2947 MHz, 14301 MHz, 99 %, 84.24 W, 66, 0x0000000000000400
2026/09/19 19:00:34.431, 2947 MHz, 14301 MHz, 99 %, 84.13 W, 66, 0x0000000000000400
2026/09/19 19:00:34.942, 2947 MHz, 14301 MHz, 99 %, 84.17 W, 66, 0x0000000000000400
2026/09/19 19:00:35.446, 2940 MHz, 14301 MHz, 99 %, 84.44 W, 66, 0x0000000000000400
2026/09/19 19:00:35.951, 2947 MHz, 14301 MHz, 99 %, 84.49 W, 66, 0x0000000000000400
2026/09/19 19:00:36.456, 2940 MHz, 14301 MHz, 99 %, 84.47 W, 66, 0x0000000000000400
2026/09/19 19:00:36.959, 2940 MHz, 14301 MHz, 99 %, 84.53 W, 66, 0x0000000000000400
2026/09/19 19:00:37.465, 2940 MHz, 14301 MHz, 99 %, 84.72 W, 66, 0x0000000000000400
2026/09/19 19:00:37.972, 2940 MHz, 14301 MHz, 99 %, 84.72 W, 66, 0x0000000000000400
2026/09/19 19:00:38.476, 2940 MHz, 14301 MHz, 99 %, 84.82 W, 66, 0x0000000000000400
2026/09/19 19:00:38.981, 2940 MHz, 14301 MHz, 99 %, 85.05 W, 66, 0x0000000000000400
2026/09/19 19:00:39.482, 2925 MHz, 14301 MHz, 99 %, 84.32 W, 66, 0x0000000000000400
2026/09/19 19:00:39.996, 2940 MHz, 14301 MHz, 99 %, 84.22 W, 66, 0x0000000000000400
2026/09/19 19:00:40.501, 2940 MHz, 14301 MHz, 99 %, 84.77 W, 66, 0x0000000000000400
2026/09/19 19:00:41.002, 2865 MHz, 14301 MHz, 60 %, 81.58 W, 65, 0x0000000000000400
2026/09/19 19:00:41.505, 2505 MHz, 14301 MHz, 52 %, 66.61 W, 64, 0x0000000000000400
2026/09/19 19:00:42.006, 2497 MHz, 14301 MHz, 53 %, 55.13 W, 64, 0x0000000000000400
2026/09/19 19:00:42.511, 2512 MHz, 14301 MHz, 53 %, 54.85 W, 63, 0x0000000000000400
2026/09/19 19:00:43.013, 2572 MHz, 14301 MHz, 56 %, 55.51 W, 63, 0x0000000000000400
2026/09/19 19:00:43.518, 2602 MHz, 14301 MHz, 54 %, 56.08 W, 63, 0x0000000000000400
2026/09/19 19:00:44.019, 2505 MHz, 14301 MHz, 54 %, 55.91 W, 63, 0x0000000000000400
2026/09/19 19:00:44.523, 2542 MHz, 14301 MHz, 53 %, 55.78 W, 63, 0x0000000000000400
2026/09/19 19:00:45.038, 2572 MHz, 14301 MHz, 57 %, 55.91 W, 63, 0x0000000000000400
2026/09/19 19:00:45.541, 2535 MHz, 14301 MHz, 53 %, 55.87 W, 63, 0x0000000000000400
2026/09/19 19:00:46.047, 2512 MHz, 14301 MHz, 54 %, 55.41 W, 63, 0x0000000000000400
2026/09/19 19:00:46.550, 2557 MHz, 14301 MHz, 56 %, 55.21 W, 63, 0x0000000000000400
2026/09/19 19:00:47.053, 2550 MHz, 14301 MHz, 53 %, 55.49 W, 63, 0x0000000000000400
2026/09/19 19:00:47.554, 2572 MHz, 14301 MHz, 55 %, 55.76 W, 63, 0x0000000000000400
2026/09/19 19:00:48.056, 2557 MHz, 14301 MHz, 54 %, 55.93 W, 63, 0x0000000000000400
2026/09/19 19:00:48.556, 2572 MHz, 14301 MHz, 54 %, 55.85 W, 63, 0x0000000000000400
2026/09/19 19:00:49.059, 2535 MHz, 14301 MHz, 56 %, 55.70 W, 63, 0x0000000000000400
2026/09/19 19:00:49.562, 2572 MHz, 14301 MHz, 55 %, 55.88 W, 63, 0x0000000000000400
2026/09/19 19:00:50.064, 2790 MHz, 14301 MHz, 98 %, 61.40 W, 65, 0x0000000000000400
2026/09/19 19:00:50.568, 2955 MHz, 14301 MHz, 99 %, 73.49 W, 66, 0x0000000000000400
2026/09/19 19:00:51.071, 2955 MHz, 14301 MHz, 99 %, 83.99 W, 66, 0x0000000000000400
2026/09/19 19:00:51.573, 2947 MHz, 14301 MHz, 99 %, 84.27 W, 66, 0x0000000000000400
2026/09/19 19:00:52.078, 2940 MHz, 14301 MHz, 99 %, 84.37 W, 66, 0x0000000000000400
2026/09/19 19:00:52.584, 2940 MHz, 14301 MHz, 99 %, 84.37 W, 66, 0x0000000000000400
2026/09/19 19:00:53.086, 2940 MHz, 14301 MHz, 99 %, 84.48 W, 66, 0x0000000000000400
2026/09/19 19:00:53.587, 2940 MHz, 14301 MHz, 98 %, 84.93 W, 66, 0x0000000000000400
2026/09/19 19:00:54.089, 2940 MHz, 14301 MHz, 99 %, 85.20 W, 66, 0x0000000000000400
2026/09/19 19:00:54.590, 2940 MHz, 14301 MHz, 99 %, 85.09 W, 67, 0x0000000000000400
2026/09/19 19:00:55.099, 2940 MHz, 14301 MHz, 99 %, 85.14 W, 67, 0x0000000000000400
2026/09/19 19:00:55.606, 2940 MHz, 14301 MHz, 99 %, 84.98 W, 66, 0x0000000000000400
2026/09/19 19:00:56.116, 2940 MHz, 14301 MHz, 99 %, 84.37 W, 66, 0x0000000000000400
2026/09/19 19:00:56.617, 2940 MHz, 14301 MHz, 99 %, 84.33 W, 66, 0x0000000000000400
2026/09/19 19:00:57.123, 2940 MHz, 14301 MHz, 99 %, 84.76 W, 66, 0x0000000000000400
2026/09/19 19:00:57.631, 2940 MHz, 14301 MHz, 90 %, 84.63 W, 67, 0x0000000000000400
2026/09/19 19:00:58.146, 2940 MHz, 14301 MHz, 98 %, 83.98 W, 67, 0x0000000000000400
2026/09/19 19:00:58.648, 2940 MHz, 14301 MHz, 99 %, 83.98 W, 67, 0x0000000000000400
2026/09/19 19:00:59.152, 2940 MHz, 14301 MHz, 99 %, 84.57 W, 66, 0x0000000000000400
2026/09/19 19:00:59.667, 2520 MHz, 14301 MHz, 53 %, 72.50 W, 64, 0x0000000000000400
2026/09/19 19:01:00.174, 2535 MHz, 14301 MHz, 51 %, 56.28 W, 64, 0x0000000000000400
2026/09/19 19:01:00.679, 2497 MHz, 14301 MHz, 53 %, 54.65 W, 64, 0x0000000000000400
2026/09/19 19:01:01.180, 2520 MHz, 14301 MHz, 55 %, 55.18 W, 64, 0x0000000000000400
2026/09/19 19:01:01.695, 2557 MHz, 14301 MHz, 54 %, 55.41 W, 63, 0x0000000000000400
2026/09/19 19:01:02.198, 2572 MHz, 14301 MHz, 54 %, 55.56 W, 63, 0x0000000000000400
2026/09/19 19:01:02.701, 2505 MHz, 14301 MHz, 53 %, 55.75 W, 63, 0x0000000000000400
2026/09/19 19:01:03.203, 2550 MHz, 14301 MHz, 53 %, 55.24 W, 63, 0x0000000000000400
2026/09/19 19:01:03.708, 2557 MHz, 14301 MHz, 51 %, 55.05 W, 63, 0x0000000000000400
2026/09/19 19:01:04.210, 2550 MHz, 14301 MHz, 55 %, 55.07 W, 63, 0x0000000000000400
2026/09/19 19:01:04.725, 2490 MHz, 14301 MHz, 55 %, 55.29 W, 63, 0x0000000000000400
2026/09/19 19:01:05.237, 2550 MHz, 14301 MHz, 54 %, 55.33 W, 63, 0x0000000000000400
2026/09/19 19:01:05.740, 2550 MHz, 14301 MHz, 54 %, 55.33 W, 63, 0x0000000000000400
2026/09/19 19:01:06.245, 2565 MHz, 14301 MHz, 55 %, 55.60 W, 63, 0x0000000000000400
2026/09/19 19:01:06.750, 2527 MHz, 14301 MHz, 53 %, 55.47 W, 63, 0x0000000000000400
2026/09/19 19:01:07.253, 2490 MHz, 14301 MHz, 55 %, 55.17 W, 63, 0x0000000000000400
2026/09/19 19:01:07.756, 2497 MHz, 14301 MHz, 54 %, 55.44 W, 63, 0x0000000000000400
2026/09/19 19:01:08.268, 2527 MHz, 14301 MHz, 54 %, 55.29 W, 63, 0x0000000000000400
2026/09/19 19:01:08.771, 2947 MHz, 14301 MHz, 99 %, 66.90 W, 65, 0x0000000000000400
2026/09/19 19:01:09.278, 2940 MHz, 14301 MHz, 99 %, 80.11 W, 66, 0x0000000000000400
2026/09/19 19:01:09.780, 2940 MHz, 14301 MHz, 99 %, 84.15 W, 66, 0x0000000000000400
2026/09/19 19:01:10.283, 2940 MHz, 14301 MHz, 99 %, 84.32 W, 66, 0x0000000000000400
2026/09/19 19:01:10.788, 2947 MHz, 14301 MHz, 99 %, 84.00 W, 66, 0x0000000000000400
2026/09/19 19:01:11.298, 2947 MHz, 14301 MHz, 99 %, 83.55 W, 66, 0x0000000000000400
2026/09/19 19:01:11.800, 2940 MHz, 14301 MHz, 99 %, 83.77 W, 66, 0x0000000000000400
2026/09/19 19:01:12.304, 2940 MHz, 14301 MHz, 99 %, 84.05 W, 66, 0x0000000000000400
2026/09/19 19:01:12.817, 2940 MHz, 14301 MHz, 99 %, 84.24 W, 66, 0x0000000000000400
2026/09/19 19:01:13.331, 2947 MHz, 14301 MHz, 99 %, 84.22 W, 66, 0x0000000000000400
2026/09/19 19:01:13.837, 2940 MHz, 14301 MHz, 99 %, 84.22 W, 66, 0x0000000000000400
2026/09/19 19:01:14.353, 2940 MHz, 14301 MHz, 99 %, 84.33 W, 67, 0x0000000000000400
2026/09/19 19:01:14.869, 2940 MHz, 14301 MHz, 99 %, 84.65 W, 66, 0x0000000000000400
2026/09/19 19:01:15.370, 2940 MHz, 14301 MHz, 99 %, 84.85 W, 66, 0x0000000000000400
2026/09/19 19:01:15.878, 2932 MHz, 14301 MHz, 98 %, 84.39 W, 66, 0x0000000000000400
2026/09/19 19:01:16.380, 2940 MHz, 14301 MHz, 99 %, 84.45 W, 66, 0x0000000000000400
2026/09/19 19:01:16.885, 2940 MHz, 14301 MHz, 99 %, 84.79 W, 66, 0x0000000000000400
2026/09/19 19:01:17.390, 2685 MHz, 14301 MHz, 57 %, 79.65 W, 65, 0x0000000000000400
2026/09/19 19:01:17.905, 2565 MHz, 14301 MHz, 51 %, 66.66 W, 64, 0x0000000000000400
2026/09/19 19:01:18.405, 2542 MHz, 14301 MHz, 52 %, 55.60 W, 63, 0x0000000000000400
2026/09/19 19:01:18.911, 2550 MHz, 14301 MHz, 53 %, 55.59 W, 63, 0x0000000000000400
2026/09/19 19:01:19.414, 2565 MHz, 14301 MHz, 54 %, 56.06 W, 63, 0x0000000000000400
2026/09/19 19:01:19.915, 2632 MHz, 14301 MHz, 55 %, 56.40 W, 63, 0x0000000000000400
2026/09/19 19:01:20.417, 2527 MHz, 14301 MHz, 55 %, 56.06 W, 63, 0x0000000000000400
2026/09/19 19:01:20.931, 2587 MHz, 14301 MHz, 53 %, 55.75 W, 63, 0x0000000000000400
2026/09/19 19:01:21.434, 2625 MHz, 14301 MHz, 55 %, 56.19 W, 63, 0x0000000000000400
2026/09/19 19:01:21.950, 2527 MHz, 14301 MHz, 55 %, 56.23 W, 63, 0x0000000000000400
2026/09/19 19:01:22.455, 2542 MHz, 14301 MHz, 54 %, 55.72 W, 63, 0x0000000000000400
2026/09/19 19:01:22.962, 2527 MHz, 14301 MHz, 54 %, 55.75 W, 63, 0x0000000000000400
2026/09/19 19:01:23.467, 2580 MHz, 14301 MHz, 56 %, 55.83 W, 63, 0x0000000000000400
2026/09/19 19:01:23.973, 2520 MHz, 14301 MHz, 53 %, 55.83 W, 63, 0x0000000000000400
2026/09/19 19:01:24.487, 2542 MHz, 14301 MHz, 54 %, 55.78 W, 63, 0x0000000000000400
2026/09/19 19:01:24.990, 2565 MHz, 14301 MHz, 56 %, 55.67 W, 63, 0x0000000000000400
2026/09/19 19:01:25.497, 2535 MHz, 14301 MHz, 54 %, 55.66 W, 63, 0x0000000000000400
2026/09/19 19:01:26.002, 2587 MHz, 14301 MHz, 53 %, 56.06 W, 63, 0x0000000000000400
2026/09/19 19:01:26.507, 2955 MHz, 14301 MHz, 99 %, 64.96 W, 65, 0x0000000000000400
2026/09/19 19:01:27.013, 2940 MHz, 14301 MHz, 99 %, 78.86 W, 65, 0x0000000000000400
2026/09/19 19:01:27.528, 2940 MHz, 14301 MHz, 99 %, 84.35 W, 66, 0x0000000000000400
2026/09/19 19:01:28.043, 2940 MHz, 14301 MHz, 99 %, 84.53 W, 66, 0x0000000000000400
2026/09/19 19:01:28.549, 2947 MHz, 14301 MHz, 99 %, 84.57 W, 66, 0x0000000000000400
2026/09/19 19:01:29.051, 2940 MHz, 14301 MHz, 99 %, 84.52 W, 66, 0x0000000000000400
2026/09/19 19:01:29.554, 2940 MHz, 14301 MHz, 99 %, 84.75 W, 66, 0x0000000000000400
2026/09/19 19:01:30.061, 2940 MHz, 14301 MHz, 99 %, 84.95 W, 67, 0x0000000000000400
2026/09/19 19:01:30.575, 2940 MHz, 14301 MHz, 99 %, 84.94 W, 67, 0x0000000000000400
2026/09/19 19:01:31.081, 2940 MHz, 14301 MHz, 99 %, 85.11 W, 66, 0x0000000000000400
2026/09/19 19:01:31.585, 2940 MHz, 14301 MHz, 99 %, 85.18 W, 66, 0x0000000000000400
2026/09/19 19:01:32.087, 2940 MHz, 14301 MHz, 99 %, 85.04 W, 66, 0x0000000000000400
2026/09/19 19:01:32.589, 2940 MHz, 14301 MHz, 99 %, 85.09 W, 67, 0x0000000000000400
2026/09/19 19:01:33.096, 2940 MHz, 14301 MHz, 99 %, 85.28 W, 67, 0x0000000000000400
2026/09/19 19:01:33.603, 2940 MHz, 14301 MHz, 99 %, 85.31 W, 67, 0x0000000000000400
2026/09/19 19:01:34.107, 2940 MHz, 14301 MHz, 99 %, 84.34 W, 66, 0x0000000000000400
2026/09/19 19:01:34.618, 2940 MHz, 14301 MHz, 99 %, 84.24 W, 66, 0x0000000000000400
2026/09/19 19:01:35.132, 2940 MHz, 14301 MHz, 99 %, 85.04 W, 67, 0x0000000000000400
2026/09/19 19:01:35.634, 2797 MHz, 14301 MHz, 52 %, 80.07 W, 65, 0x0000000000000400
2026/09/19 19:01:36.136, 2490 MHz, 14301 MHz, 51 %, 64.93 W, 64, 0x0000000000000400
2026/09/19 19:01:36.640, 2535 MHz, 14301 MHz, 52 %, 55.12 W, 64, 0x0000000000000400
2026/09/19 19:01:37.142, 2475 MHz, 14301 MHz, 54 %, 54.91 W, 64, 0x0000000000000400
2026/09/19 19:01:37.643, 2542 MHz, 14301 MHz, 52 %, 55.18 W, 63, 0x0000000000000400
2026/09/19 19:01:38.150, 2550 MHz, 14301 MHz, 56 %, 55.76 W, 64, 0x0000000000000400
2026/09/19 19:01:38.656, 2505 MHz, 14301 MHz, 54 %, 55.64 W, 63, 0x0000000000000400
2026/09/19 19:01:39.171, 2565 MHz, 14301 MHz, 54 %, 55.91 W, 63, 0x0000000000000400
2026/09/19 19:01:39.673, 2520 MHz, 14301 MHz, 53 %, 55.79 W, 63, 0x0000000000000400
2026/09/19 19:01:40.178, 2505 MHz, 14301 MHz, 52 %, 55.59 W, 63, 0x0000000000000400
2026/09/19 19:01:40.681, 2557 MHz, 14301 MHz, 55 %, 55.80 W, 63, 0x0000000000000400
2026/09/19 19:01:41.183, 2505 MHz, 14301 MHz, 54 %, 55.53 W, 63, 0x0000000000000400
2026/09/19 19:01:41.695, 2580 MHz, 14301 MHz, 54 %, 55.67 W, 63, 0x0000000000000400
2026/09/19 19:01:42.197, 2587 MHz, 14301 MHz, 53 %, 56.17 W, 63, 0x0000000000000400
2026/09/19 19:01:42.712, 2505 MHz, 14301 MHz, 57 %, 55.69 W, 63, 0x0000000000000400
2026/09/19 19:01:43.216, 2527 MHz, 14301 MHz, 55 %, 55.14 W, 63, 0x0000000000000400
2026/09/19 19:01:43.716, 2557 MHz, 14301 MHz, 55 %, 55.39 W, 63, 0x0000000000000400
2026/09/19 19:01:44.219, 2565 MHz, 14301 MHz, 54 %, 55.87 W, 63, 0x0000000000000400
2026/09/19 19:01:44.734, 2940 MHz, 14301 MHz, 99 %, 65.18 W, 65, 0x0000000000000400
2026/09/19 19:01:45.238, 2940 MHz, 14301 MHz, 99 %, 78.53 W, 66, 0x0000000000000400
2026/09/19 19:01:45.743, 2940 MHz, 14301 MHz, 99 %, 84.87 W, 66, 0x0000000000000400
2026/09/19 19:01:46.247, 2940 MHz, 14301 MHz, 99 %, 84.62 W, 66, 0x0000000000000400
2026/09/19 19:01:46.751, 2940 MHz, 14301 MHz, 99 %, 84.50 W, 66, 0x0000000000000400
2026/09/19 19:01:47.258, 2940 MHz, 14301 MHz, 99 %, 84.27 W, 66, 0x0000000000000400
2026/09/19 19:01:47.762, 2940 MHz, 14301 MHz, 98 %, 84.38 W, 66, 0x0000000000000400
2026/09/19 19:01:48.266, 2940 MHz, 14301 MHz, 98 %, 84.54 W, 67, 0x0000000000000400
2026/09/19 19:01:48.768, 2940 MHz, 14301 MHz, 99 %, 84.67 W, 66, 0x0000000000000400
2026/09/19 19:01:49.283, 2940 MHz, 14301 MHz, 99 %, 84.80 W, 67, 0x0000000000000400
2026/09/19 19:01:49.785, 2940 MHz, 14301 MHz, 99 %, 84.77 W, 66, 0x0000000000000400
2026/09/19 19:01:50.286, 2940 MHz, 14301 MHz, 99 %, 84.53 W, 66, 0x0000000000000400
2026/09/19 19:01:50.791, 2940 MHz, 14301 MHz, 99 %, 84.73 W, 66, 0x0000000000000400
2026/09/19 19:01:51.297, 2940 MHz, 14301 MHz, 99 %, 84.71 W, 66, 0x0000000000000400
2026/09/19 19:01:51.800, 2940 MHz, 14301 MHz, 99 %, 84.93 W, 66, 0x0000000000000400
2026/09/19 19:01:52.306, 2917 MHz, 14301 MHz, 98 %, 84.28 W, 66, 0x0000000000000400
2026/09/19 19:01:52.806, 2940 MHz, 14301 MHz, 99 %, 84.04 W, 66, 0x0000000000000400
2026/09/19 19:01:53.311, 2940 MHz, 14301 MHz, 99 %, 84.78 W, 66, 0x0000000000000400
2026/09/19 19:01:53.825, 2527 MHz, 14301 MHz, 52 %, 66.91 W, 64, 0x0000000000000400
2026/09/19 19:01:54.341, 2520 MHz, 14301 MHz, 53 %, 55.51 W, 63, 0x0000000000000400
2026/09/19 19:01:54.846, 2587 MHz, 14301 MHz, 55 %, 55.65 W, 63, 0x0000000000000400
2026/09/19 19:01:55.352, 2557 MHz, 14301 MHz, 54 %, 56.00 W, 63, 0x0000000000000400
2026/09/19 19:01:55.854, 2557 MHz, 14301 MHz, 55 %, 55.83 W, 63, 0x0000000000000400
2026/09/19 19:01:56.358, 2520 MHz, 14301 MHz, 56 %, 55.70 W, 64, 0x0000000000000400
2026/09/19 19:01:56.860, 2512 MHz, 14301 MHz, 53 %, 55.54 W, 63, 0x0000000000000400
2026/09/19 19:01:57.361, 2542 MHz, 14301 MHz, 53 %, 55.47 W, 63, 0x0000000000000400
2026/09/19 19:01:57.865, 2557 MHz, 14301 MHz, 53 %, 55.92 W, 64, 0x0000000000000400
2026/09/19 19:01:58.377, 2595 MHz, 14301 MHz, 56 %, 56.25 W, 63, 0x0000000000000400
2026/09/19 19:01:58.878, 2512 MHz, 14301 MHz, 55 %, 55.86 W, 63, 0x0000000000000400
2026/09/19 19:01:59.393, 2572 MHz, 14301 MHz, 55 %, 55.65 W, 63, 0x0000000000000400
2026/09/19 19:01:59.898, 2550 MHz, 14301 MHz, 54 %, 55.51 W, 63, 0x0000000000000400
2026/09/19 19:02:00.401, 2527 MHz, 14301 MHz, 54 %, 55.36 W, 63, 0x0000000000000400
2026/09/19 19:02:00.904, 2527 MHz, 14301 MHz, 53 %, 55.27 W, 63, 0x0000000000000400
2026/09/19 19:02:01.406, 2565 MHz, 14301 MHz, 54 %, 55.55 W, 63, 0x0000000000000400
2026/09/19 19:02:01.906, 2512 MHz, 14301 MHz, 55 %, 55.72 W, 63, 0x0000000000000400
2026/09/19 19:02:02.409, 2917 MHz, 14301 MHz, 99 %, 61.87 W, 65, 0x0000000000000400
2026/09/19 19:02:02.911, 2940 MHz, 14301 MHz, 99 %, 75.22 W, 65, 0x0000000000000400
2026/09/19 19:02:03.414, 2940 MHz, 14301 MHz, 99 %, 84.80 W, 66, 0x0000000000000400
2026/09/19 19:02:03.922, 2940 MHz, 14301 MHz, 99 %, 85.16 W, 66, 0x0000000000000400
2026/09/19 19:02:04.426, 2940 MHz, 14301 MHz, 99 %, 85.14 W, 66, 0x0000000000000400
2026/09/19 19:02:04.939, 2940 MHz, 14301 MHz, 99 %, 85.37 W, 66, 0x0000000000000400
2026/09/19 19:02:05.446, 2940 MHz, 14301 MHz, 99 %, 86.59 W, 66, 0x0000000000000400
2026/09/19 19:02:05.954, 2940 MHz, 14301 MHz, 99 %, 86.97 W, 67, 0x0000000000000400
2026/09/19 19:02:06.458, 2940 MHz, 14301 MHz, 99 %, 86.62 W, 66, 0x0000000000000400
2026/09/19 19:02:06.963, 2940 MHz, 14301 MHz, 99 %, 86.29 W, 66, 0x0000000000000400
2026/09/19 19:02:07.465, 2940 MHz, 14301 MHz, 99 %, 86.13 W, 66, 0x0000000000000400
2026/09/19 19:02:07.966, 2940 MHz, 14301 MHz, 99 %, 86.03 W, 66, 0x0000000000000400
2026/09/19 19:02:08.470, 2940 MHz, 14301 MHz, 99 %, 86.17 W, 66, 0x0000000000000400
2026/09/19 19:02:08.973, 2940 MHz, 14301 MHz, 99 %, 86.25 W, 67, 0x0000000000000400
2026/09/19 19:02:09.476, 2940 MHz, 14301 MHz, 99 %, 86.32 W, 66, 0x0000000000000400
2026/09/19 19:02:09.979, 2940 MHz, 14301 MHz, 99 %, 86.39 W, 66, 0x0000000000000400
2026/09/19 19:02:10.481, 2940 MHz, 14301 MHz, 99 %, 85.63 W, 67, 0x0000000000000400
2026/09/19 19:02:10.987, 2940 MHz, 14301 MHz, 99 %, 85.35 W, 66, 0x0000000000000400
2026/09/19 19:02:11.491, 2940 MHz, 14301 MHz, 99 %, 85.47 W, 66, 0x0000000000000400
2026/09/19 19:02:11.995, 2512 MHz, 14301 MHz, 51 %, 75.19 W, 64, 0x0000000000000400
2026/09/19 19:02:12.498, 2490 MHz, 14301 MHz, 50 %, 58.76 W, 64, 0x0000000000000400
2026/09/19 19:02:13.005, 2587 MHz, 14301 MHz, 54 %, 55.26 W, 64, 0x0000000000000400
2026/09/19 19:02:13.506, 2497 MHz, 14301 MHz, 53 %, 55.50 W, 64, 0x0000000000000400
2026/09/19 19:02:14.010, 2497 MHz, 14301 MHz, 52 %, 54.94 W, 63, 0x0000000000000400
2026/09/19 19:02:14.526, 2542 MHz, 14301 MHz, 54 %, 55.30 W, 63, 0x0000000000000400
2026/09/19 19:02:15.041, 2550 MHz, 14301 MHz, 53 %, 55.82 W, 63, 0x0000000000000400
2026/09/19 19:02:15.543, 2527 MHz, 14301 MHz, 52 %, 56.26 W, 63, 0x0000000000000400
2026/09/19 19:02:16.055, 2475 MHz, 14301 MHz, 53 %, 55.36 W, 63, 0x0000000000000400
2026/09/19 19:02:16.560, 2505 MHz, 14301 MHz, 55 %, 54.99 W, 63, 0x0000000000000400
2026/09/19 19:02:17.074, 2595 MHz, 14301 MHz, 54 %, 55.68 W, 63, 0x0000000000000400
2026/09/19 19:02:17.578, 2542 MHz, 14301 MHz, 55 %, 55.83 W, 63, 0x0000000000000400
2026/09/19 19:02:18.083, 2542 MHz, 14301 MHz, 52 %, 55.50 W, 63, 0x0000000000000400
2026/09/19 19:02:18.583, 2512 MHz, 14301 MHz, 53 %, 55.41 W, 63, 0x0000000000000400
2026/09/19 19:02:19.087, 2595 MHz, 14301 MHz, 53 %, 55.56 W, 63, 0x0000000000000400
2026/09/19 19:02:19.588, 2542 MHz, 14301 MHz, 53 %, 55.41 W, 63, 0x0000000000000400
2026/09/19 19:02:20.093, 2527 MHz, 14301 MHz, 53 %, 55.39 W, 63, 0x0000000000000400
2026/09/19 19:02:20.597, 2565 MHz, 14301 MHz, 78 %, 57.05 W, 64, 0x0000000000000400
2026/09/19 19:02:21.098, 2947 MHz, 14301 MHz, 99 %, 71.33 W, 65, 0x0000000000000400
2026/09/19 19:02:21.600, 2940 MHz, 14301 MHz, 99 %, 83.06 W, 65, 0x0000000000000400
2026/09/19 19:02:22.102, 2940 MHz, 14301 MHz, 99 %, 84.20 W, 66, 0x0000000000000400
2026/09/19 19:02:22.603, 2940 MHz, 14301 MHz, 99 %, 84.28 W, 66, 0x0000000000000400
2026/09/19 19:02:23.105, 2940 MHz, 14301 MHz, 99 %, 84.45 W, 66, 0x0000000000000400
2026/09/19 19:02:23.611, 2940 MHz, 14301 MHz, 99 %, 84.59 W, 66, 0x0000000000000400
2026/09/19 19:02:24.115, 2940 MHz, 14301 MHz, 99 %, 84.71 W, 66, 0x0000000000000400
2026/09/19 19:02:24.629, 2940 MHz, 14301 MHz, 99 %, 84.86 W, 66, 0x0000000000000400
2026/09/19 19:02:25.134, 2940 MHz, 14301 MHz, 99 %, 84.72 W, 66, 0x0000000000000400
2026/09/19 19:02:25.649, 2940 MHz, 14301 MHz, 99 %, 84.82 W, 66, 0x0000000000000400
2026/09/19 19:02:26.151, 2940 MHz, 14301 MHz, 99 %, 84.84 W, 66, 0x0000000000000400
2026/09/19 19:02:26.654, 2940 MHz, 14301 MHz, 98 %, 84.96 W, 66, 0x0000000000000400
2026/09/19 19:02:27.158, 2940 MHz, 14301 MHz, 98 %, 85.19 W, 66, 0x0000000000000400
2026/09/19 19:02:27.665, 2940 MHz, 14301 MHz, 99 %, 85.65 W, 67, 0x0000000000000400
2026/09/19 19:02:28.170, 2940 MHz, 14301 MHz, 99 %, 85.98 W, 67, 0x0000000000000400
2026/09/19 19:02:28.672, 2940 MHz, 14301 MHz, 99 %, 85.08 W, 66, 0x0000000000000400
2026/09/19 19:02:29.176, 2940 MHz, 14301 MHz, 99 %, 84.99 W, 66, 0x0000000000000400
2026/09/19 19:02:29.678, 2940 MHz, 14301 MHz, 99 %, 85.61 W, 67, 0x0000000000000400
2026/09/19 19:02:30.193, 2655 MHz, 14301 MHz, 54 %, 79.69 W, 65, 0x0000000000000400
2026/09/19 19:02:30.709, 2550 MHz, 14301 MHz, 54 %, 64.08 W, 64, 0x0000000000000400
2026/09/19 19:02:31.211, 2490 MHz, 14301 MHz, 53 %, 55.01 W, 63, 0x0000000000000400
2026/09/19 19:02:31.722, 2550 MHz, 14301 MHz, 53 %, 55.14 W, 63, 0x0000000000000400
2026/09/19 19:02:32.227, 2557 MHz, 14301 MHz, 51 %, 55.54 W, 63, 0x0000000000000400
2026/09/19 19:02:32.732, 2565 MHz, 14301 MHz, 54 %, 55.73 W, 63, 0x0000000000000400
2026/09/19 19:02:33.246, 2550 MHz, 14301 MHz, 54 %, 55.83 W, 63, 0x0000000000000400
2026/09/19 19:02:33.760, 2587 MHz, 14301 MHz, 50 %, 55.95 W, 63, 0x0000000000000400
2026/09/19 19:02:34.263, 2557 MHz, 14301 MHz, 53 %, 55.81 W, 63, 0x0000000000000400
2026/09/19 19:02:34.776, 2512 MHz, 14301 MHz, 53 %, 55.34 W, 63, 0x0000000000000400
2026/09/19 19:02:35.277, 2490 MHz, 14301 MHz, 55 %, 55.05 W, 63, 0x0000000000000400
2026/09/19 19:02:35.789, 2580 MHz, 14301 MHz, 53 %, 55.50 W, 64, 0x0000000000000400
2026/09/19 19:02:36.291, 2550 MHz, 14301 MHz, 54 %, 55.61 W, 63, 0x0000000000000400
2026/09/19 19:02:36.806, 2535 MHz, 14301 MHz, 53 %, 55.41 W, 63, 0x0000000000000400
2026/09/19 19:02:37.319, 2550 MHz, 14301 MHz, 53 %, 55.46 W, 63, 0x0000000000000400
2026/09/19 19:02:37.834, 2512 MHz, 14301 MHz, 55 %, 54.92 W, 63, 0x0000000000000400
2026/09/19 19:02:38.335, 2527 MHz, 14301 MHz, 52 %, 55.01 W, 63, 0x0000000000000400
2026/09/19 19:02:38.850, 2955 MHz, 14301 MHz, 99 %, 65.02 W, 65, 0x0000000000000400
2026/09/19 19:02:39.355, 2940 MHz, 14301 MHz, 99 %, 79.23 W, 65, 0x0000000000000400
2026/09/19 19:02:39.856, 2947 MHz, 14301 MHz, 99 %, 84.17 W, 65, 0x0000000000000400
2026/09/19 19:02:40.370, 2940 MHz, 14301 MHz, 99 %, 84.14 W, 65, 0x0000000000000400
2026/09/19 19:02:40.885, 2947 MHz, 14301 MHz, 99 %, 83.95 W, 66, 0x0000000000000400
2026/09/19 19:02:41.398, 2947 MHz, 14301 MHz, 99 %, 83.88 W, 66, 0x0000000000000400
2026/09/19 19:02:41.901, 2940 MHz, 14301 MHz, 99 %, 83.82 W, 66, 0x0000000000000400
2026/09/19 19:02:42.402, 2947 MHz, 14301 MHz, 99 %, 83.78 W, 66, 0x0000000000000400
2026/09/19 19:02:42.905, 2940 MHz, 14301 MHz, 99 %, 83.81 W, 66, 0x0000000000000400
2026/09/19 19:02:43.406, 2940 MHz, 14301 MHz, 99 %, 84.08 W, 66, 0x0000000000000400
2026/09/19 19:02:43.910, 2947 MHz, 14301 MHz, 99 %, 84.05 W, 66, 0x0000000000000400
2026/09/19 19:02:44.412, 2947 MHz, 14301 MHz, 99 %, 83.72 W, 66, 0x0000000000000400
2026/09/19 19:02:44.927, 2947 MHz, 14301 MHz, 99 %, 83.75 W, 66, 0x0000000000000400
2026/09/19 19:02:45.431, 2947 MHz, 14301 MHz, 99 %, 83.84 W, 66, 0x0000000000000400
2026/09/19 19:02:45.934, 2940 MHz, 14301 MHz, 99 %, 83.89 W, 66, 0x0000000000000400
2026/09/19 19:02:46.439, 2940 MHz, 14301 MHz, 99 %, 84.04 W, 66, 0x0000000000000400
2026/09/19 19:02:46.943, 2940 MHz, 14301 MHz, 99 %, 83.11 W, 66, 0x0000000000000400
2026/09/19 19:02:47.446, 2940 MHz, 14301 MHz, 99 %, 82.96 W, 66, 0x0000000000000400
2026/09/19 19:02:47.949, 2940 MHz, 14301 MHz, 99 %, 84.04 W, 66, 0x0000000000000400
2026/09/19 19:02:48.452, 2527 MHz, 14301 MHz, 51 %, 70.89 W, 64, 0x0000000000000400
2026/09/19 19:02:48.954, 2460 MHz, 14301 MHz, 57 %, 55.87 W, 64, 0x0000000000000400
2026/09/19 19:02:49.455, 2475 MHz, 14301 MHz, 57 %, 54.48 W, 63, 0x0000000000000400
2026/09/19 19:02:49.960, 2535 MHz, 14301 MHz, 54 %, 55.01 W, 63, 0x0000000000000400
2026/09/19 19:02:50.462, 2505 MHz, 14301 MHz, 52 %, 55.00 W, 63, 0x0000000000000400
2026/09/19 19:02:50.963, 2550 MHz, 14301 MHz, 56 %, 55.33 W, 63, 0x0000000000000400
2026/09/19 19:02:51.465, 2505 MHz, 14301 MHz, 54 %, 55.15 W, 63, 0x0000000000000400
2026/09/19 19:02:51.967, 2587 MHz, 14301 MHz, 54 %, 54.85 W, 63, 0x0000000000000400
2026/09/19 19:02:52.481, 2505 MHz, 14301 MHz, 55 %, 55.18 W, 63, 0x0000000000000400
2026/09/19 19:02:52.984, 2542 MHz, 14301 MHz, 54 %, 55.11 W, 63, 0x0000000000000400
2026/09/19 19:02:53.485, 2527 MHz, 14301 MHz, 55 %, 55.28 W, 63, 0x0000000000000400
2026/09/19 19:02:53.999, 2617 MHz, 14301 MHz, 54 %, 55.55 W, 63, 0x0000000000000400
2026/09/19 19:02:54.501, 2512 MHz, 14301 MHz, 56 %, 55.19 W, 62, 0x0000000000000400
2026/09/19 19:02:55.014, 2520 MHz, 14301 MHz, 54 %, 54.87 W, 63, 0x0000000000000400
2026/09/19 19:02:55.515, 2482 MHz, 14301 MHz, 55 %, 54.79 W, 62, 0x0000000000000400
2026/09/19 19:02:56.017, 2520 MHz, 14301 MHz, 54 %, 55.03 W, 63, 0x0000000000000400
2026/09/19 19:02:56.520, 2565 MHz, 14301 MHz, 53 %, 55.20 W, 63, 0x0000000000000400
2026/09/19 19:02:57.021, 2520 MHz, 14301 MHz, 56 %, 54.91 W, 63, 0x0000000000000400
2026/09/19 19:02:57.524, 2955 MHz, 14301 MHz, 99 %, 64.46 W, 65, 0x0000000000000400
2026/09/19 19:02:58.027, 2947 MHz, 14301 MHz, 99 %, 79.73 W, 65, 0x0000000000000400
2026/09/19 19:02:58.528, 2947 MHz, 14301 MHz, 98 %, 83.14 W, 65, 0x0000000000000400
2026/09/19 19:02:59.032, 2947 MHz, 14301 MHz, 99 %, 83.12 W, 66, 0x0000000000000400
2026/09/19 19:02:59.534, 2947 MHz, 14301 MHz, 99 %, 83.08 W, 66, 0x0000000000000400
2026/09/19 19:03:00.048, 2947 MHz, 14301 MHz, 99 %, 83.12 W, 66, 0x0000000000000400
2026/09/19 19:03:00.549, 2947 MHz, 14301 MHz, 99 %, 83.31 W, 66, 0x0000000000000400
2026/09/19 19:03:01.052, 2947 MHz, 14301 MHz, 99 %, 83.62 W, 66, 0x0000000000000400
2026/09/19 19:03:01.559, 2947 MHz, 14301 MHz, 99 %, 83.81 W, 66, 0x0000000000000400
2026/09/19 19:03:02.074, 2947 MHz, 14301 MHz, 99 %, 83.81 W, 66, 0x0000000000000400
2026/09/19 19:03:02.578, 2947 MHz, 14301 MHz, 99 %, 83.94 W, 66, 0x0000000000000400
2026/09/19 19:03:03.079, 2947 MHz, 14301 MHz, 99 %, 83.89 W, 66, 0x0000000000000400
2026/09/19 19:03:03.581, 2947 MHz, 14301 MHz, 99 %, 83.64 W, 66, 0x0000000000000400
2026/09/19 19:03:04.082, 2947 MHz, 14301 MHz, 99 %, 83.65 W, 66, 0x0000000000000400
2026/09/19 19:03:04.588, 2947 MHz, 14301 MHz, 99 %, 83.77 W, 66, 0x0000000000000400
2026/09/19 19:03:05.091, 2947 MHz, 14301 MHz, 99 %, 83.81 W, 66, 0x0000000000000400
2026/09/19 19:03:05.594, 2940 MHz, 14301 MHz, 89 %, 83.79 W, 66, 0x0000000000000400
2026/09/19 19:03:06.107, 2947 MHz, 14301 MHz, 99 %, 83.74 W, 66, 0x0000000000000400
2026/09/19 19:03:06.622, 2947 MHz, 14301 MHz, 99 %, 83.80 W, 66, 0x0000000000000400
2026/09/19 19:03:07.122, 2520 MHz, 14301 MHz, 54 %, 73.50 W, 64, 0x0000000000000400
2026/09/19 19:03:07.625, 2512 MHz, 14301 MHz, 55 %, 58.13 W, 63, 0x0000000000000400
2026/09/19 19:03:08.140, 2550 MHz, 14301 MHz, 47 %, 54.74 W, 63, 0x0000000000000400
2026/09/19 19:03:08.654, 2572 MHz, 14301 MHz, 53 %, 55.07 W, 64, 0x0000000000000400
2026/09/19 19:03:09.168, 2557 MHz, 14301 MHz, 53 %, 55.90 W, 63, 0x0000000000000400
2026/09/19 19:03:09.670, 2565 MHz, 14301 MHz, 54 %, 55.99 W, 63, 0x0000000000000400
2026/09/19 19:03:10.184, 2527 MHz, 14301 MHz, 55 %, 55.39 W, 63, 0x0000000000000400
2026/09/19 19:03:10.688, 2467 MHz, 14301 MHz, 55 %, 54.78 W, 63, 0x0000000000000400
2026/09/19 19:03:11.191, 2542 MHz, 14301 MHz, 55 %, 55.00 W, 63, 0x0000000000000400
2026/09/19 19:03:11.705, 2542 MHz, 14301 MHz, 52 %, 55.20 W, 63, 0x0000000000000400
2026/09/19 19:03:12.207, 2505 MHz, 14301 MHz, 54 %, 55.37 W, 63, 0x0000000000000400
2026/09/19 19:03:12.719, 2527 MHz, 14301 MHz, 55 %, 55.33 W, 63, 0x0000000000000400
2026/09/19 19:03:13.222, 2512 MHz, 14301 MHz, 53 %, 54.95 W, 63, 0x0000000000000400
2026/09/19 19:03:13.723, 2595 MHz, 14301 MHz, 55 %, 55.20 W, 63, 0x0000000000000400
2026/09/19 19:03:14.225, 2520 MHz, 14301 MHz, 53 %, 55.15 W, 63, 0x0000000000000400
2026/09/19 19:03:14.726, 2565 MHz, 14301 MHz, 54 %, 55.16 W, 63, 0x0000000000000400
2026/09/19 19:03:15.240, 2557 MHz, 14301 MHz, 54 %, 55.25 W, 63, 0x0000000000000400
2026/09/19 19:03:15.741, 2467 MHz, 14301 MHz, 52 %, 55.13 W, 63, 0x0000000000000400
2026/09/19 19:03:16.243, 2955 MHz, 14301 MHz, 99 %, 68.43 W, 65, 0x0000000000000400
2026/09/19 19:03:16.746, 2947 MHz, 14301 MHz, 99 %, 80.43 W, 65, 0x0000000000000400
2026/09/19 19:03:17.249, 2947 MHz, 14301 MHz, 99 %, 83.66 W, 66, 0x0000000000000400
2026/09/19 19:03:17.754, 2940 MHz, 14301 MHz, 99 %, 83.87 W, 66, 0x0000000000000400
2026/09/19 19:03:18.258, 2947 MHz, 14301 MHz, 99 %, 83.91 W, 66, 0x0000000000000400
2026/09/19 19:03:18.759, 2940 MHz, 14301 MHz, 98 %, 83.86 W, 66, 0x0000000000000400
2026/09/19 19:03:19.271, 2947 MHz, 14301 MHz, 99 %, 83.97 W, 66, 0x0000000000000400
2026/09/19 19:03:19.775, 2940 MHz, 14301 MHz, 99 %, 84.19 W, 66, 0x0000000000000400
2026/09/19 19:03:20.277, 2940 MHz, 14301 MHz, 99 %, 84.42 W, 66, 0x0000000000000400
2026/09/19 19:03:20.780, 2940 MHz, 14301 MHz, 99 %, 84.33 W, 66, 0x0000000000000400
2026/09/19 19:03:21.285, 2947 MHz, 14301 MHz, 99 %, 84.26 W, 66, 0x0000000000000400
2026/09/19 19:03:21.788, 2940 MHz, 14301 MHz, 99 %, 84.25 W, 66, 0x0000000000000400
2026/09/19 19:03:22.292, 2940 MHz, 14301 MHz, 99 %, 84.24 W, 66, 0x0000000000000400
2026/09/19 19:03:22.793, 2940 MHz, 14301 MHz, 99 %, 84.43 W, 66, 0x0000000000000400
2026/09/19 19:03:23.297, 2940 MHz, 14301 MHz, 99 %, 84.45 W, 66, 0x0000000000000400
2026/09/19 19:03:23.798, 2925 MHz, 14301 MHz, 99 %, 83.56 W, 66, 0x0000000000000400
2026/09/19 19:03:24.300, 2940 MHz, 14301 MHz, 99 %, 83.59 W, 66, 0x0000000000000400
2026/09/19 19:03:24.805, 2940 MHz, 14301 MHz, 99 %, 84.41 W, 66, 0x0000000000000400
2026/09/19 19:03:25.306, 2715 MHz, 14301 MHz, 50 %, 78.33 W, 65, 0x0000000000000400
2026/09/19 19:03:25.819, 2482 MHz, 14301 MHz, 55 %, 65.56 W, 64, 0x0000000000000400
2026/09/19 19:03:26.335, 2572 MHz, 14301 MHz, 54 %, 55.63 W, 63, 0x0000000000000400
2026/09/19 19:03:26.837, 2535 MHz, 14301 MHz, 55 %, 55.72 W, 63, 0x0000000000000400
2026/09/19 19:03:27.337, 2542 MHz, 14301 MHz, 54 %, 55.89 W, 63, 0x0000000000000400
2026/09/19 19:03:27.843, 2565 MHz, 14301 MHz, 53 %, 55.92 W, 63, 0x0000000000000400
2026/09/19 19:03:28.357, 2595 MHz, 14301 MHz, 54 %, 55.89 W, 63, 0x0000000000000400
2026/09/19 19:03:28.863, 2542 MHz, 14301 MHz, 55 %, 55.57 W, 63, 0x0000000000000400
2026/09/19 19:03:29.385, 2572 MHz, 14301 MHz, 52 %, 55.40 W, 62, 0x0000000000000400
2026/09/19 19:03:29.888, 2497 MHz, 14301 MHz, 56 %, 55.21 W, 63, 0x0000000000000400
2026/09/19 19:03:30.403, 2565 MHz, 14301 MHz, 54 %, 55.28 W, 63, 0x0000000000000400
2026/09/19 19:03:30.904, 2580 MHz, 14301 MHz, 54 %, 55.73 W, 63, 0x0000000000000400
2026/09/19 19:03:31.408, 2565 MHz, 14301 MHz, 53 %, 56.33 W, 63, 0x0000000000000400
2026/09/19 19:03:31.909, 2520 MHz, 14301 MHz, 53 %, 56.14 W, 63, 0x0000000000000400
2026/09/19 19:03:32.414, 2565 MHz, 14301 MHz, 53 %, 55.93 W, 63, 0x0000000000000400
2026/09/19 19:03:32.915, 2520 MHz, 14301 MHz, 56 %, 55.95 W, 62, 0x0000000000000400
2026/09/19 19:03:33.420, 2527 MHz, 14301 MHz, 55 %, 55.57 W, 62, 0x0000000000000400
2026/09/19 19:03:33.922, 2955 MHz, 14301 MHz, 99 %, 63.41 W, 65, 0x0000000000000400
2026/09/19 19:03:34.423, 2947 MHz, 14301 MHz, 99 %, 76.26 W, 65, 0x0000000000000400
2026/09/19 19:03:34.926, 2940 MHz, 14301 MHz, 99 %, 83.66 W, 65, 0x0000000000000400
2026/09/19 19:03:35.429, 2947 MHz, 14301 MHz, 99 %, 83.69 W, 66, 0x0000000000000400
2026/09/19 19:03:35.930, 2947 MHz, 14301 MHz, 99 %, 83.75 W, 66, 0x0000000000000400
2026/09/19 19:03:36.432, 2947 MHz, 14301 MHz, 99 %, 83.71 W, 66, 0x0000000000000400
2026/09/19 19:03:36.933, 2947 MHz, 14301 MHz, 99 %, 83.58 W, 66, 0x0000000000000400
2026/09/19 19:03:37.448, 2947 MHz, 14301 MHz, 99 %, 83.77 W, 66, 0x0000000000000400
2026/09/19 19:03:37.963, 2947 MHz, 14301 MHz, 99 %, 84.00 W, 66, 0x0000000000000400
2026/09/19 19:03:38.466, 2940 MHz, 14301 MHz, 99 %, 84.11 W, 66, 0x0000000000000400
2026/09/19 19:03:38.968, 2940 MHz, 14301 MHz, 99 %, 84.11 W, 66, 0x0000000000000400
2026/09/19 19:03:39.474, 2947 MHz, 14301 MHz, 99 %, 84.07 W, 66, 0x0000000000000400
2026/09/19 19:03:39.978, 2940 MHz, 14301 MHz, 99 %, 84.06 W, 66, 0x0000000000000400
2026/09/19 19:03:40.479, 2940 MHz, 14301 MHz, 99 %, 84.11 W, 66, 0x0000000000000400
2026/09/19 19:03:40.984, 2947 MHz, 14301 MHz, 98 %, 84.28 W, 66, 0x0000000000000400
2026/09/19 19:03:41.488, 2947 MHz, 14301 MHz, 98 %, 84.47 W, 66, 0x0000000000000400
2026/09/19 19:03:42.003, 2940 MHz, 14301 MHz, 99 %, 83.67 W, 66, 0x0000000000000400
2026/09/19 19:03:42.506, 2947 MHz, 14301 MHz, 99 %, 83.46 W, 66, 0x0000000000000400
2026/09/19 19:03:43.011, 2947 MHz, 14301 MHz, 98 %, 83.69 W, 66, 0x0000000000000400
2026/09/19 19:03:43.514, 2512 MHz, 14301 MHz, 49 %, 69.58 W, 64, 0x0000000000000400
2026/09/19 19:03:44.015, 2527 MHz, 14301 MHz, 51 %, 55.65 W, 64, 0x0000000000000400
2026/09/19 19:03:44.518, 2587 MHz, 14301 MHz, 55 %, 55.00 W, 63, 0x0000000000000400
2026/09/19 19:03:45.023, 2460 MHz, 14301 MHz, 54 %, 54.91 W, 63, 0x0000000000000400
2026/09/19 19:03:45.527, 2557 MHz, 14301 MHz, 54 %, 55.16 W, 64, 0x0000000000000400
2026/09/19 19:03:46.029, 2535 MHz, 14301 MHz, 53 %, 55.71 W, 63, 0x0000000000000400
2026/09/19 19:03:46.535, 2565 MHz, 14301 MHz, 55 %, 55.75 W, 63, 0x0000000000000400
2026/09/19 19:03:47.041, 2482 MHz, 14301 MHz, 52 %, 55.68 W, 63, 0x0000000000000400
2026/09/19 19:03:47.543, 2527 MHz, 14301 MHz, 55 %, 55.36 W, 63, 0x0000000000000400
2026/09/19 19:03:48.044, 2617 MHz, 14301 MHz, 55 %, 55.31 W, 63, 0x0000000000000400
2026/09/19 19:03:48.546, 2527 MHz, 14301 MHz, 53 %, 55.46 W, 63, 0x0000000000000400
2026/09/19 19:03:49.048, 2527 MHz, 14301 MHz, 56 %, 55.48 W, 63, 0x0000000000000400
2026/09/19 19:03:49.548, 2557 MHz, 14301 MHz, 55 %, 55.34 W, 63, 0x0000000000000400
2026/09/19 19:03:50.064, 2557 MHz, 14301 MHz, 54 %, 55.25 W, 62, 0x0000000000000400
2026/09/19 19:03:50.564, 2527 MHz, 14301 MHz, 52 %, 55.02 W, 63, 0x0000000000000400
2026/09/19 19:03:51.065, 2527 MHz, 14301 MHz, 53 %, 54.51 W, 62, 0x0000000000000400
2026/09/19 19:03:51.565, 2587 MHz, 14301 MHz, 56 %, 55.04 W, 63, 0x0000000000000400
2026/09/19 19:03:52.068, 2587 MHz, 14301 MHz, 57 %, 55.64 W, 63, 0x0000000000000400
2026/09/19 19:03:52.571, 2955 MHz, 14301 MHz, 99 %, 66.36 W, 65, 0x0000000000000400
2026/09/19 19:03:53.074, 2955 MHz, 14301 MHz, 99 %, 81.29 W, 66, 0x0000000000000400
2026/09/19 19:03:53.575, 2955 MHz, 14301 MHz, 99 %, 83.88 W, 66, 0x0000000000000400
2026/09/19 19:03:54.076, 2940 MHz, 14301 MHz, 99 %, 83.86 W, 66, 0x0000000000000400
2026/09/19 19:03:54.578, 2947 MHz, 14301 MHz, 99 %, 83.64 W, 66, 0x0000000000000400
2026/09/19 19:03:55.082, 2947 MHz, 14301 MHz, 99 %, 83.61 W, 66, 0x0000000000000400
2026/09/19 19:03:55.587, 2940 MHz, 14301 MHz, 99 %, 84.01 W, 66, 0x0000000000000400
2026/09/19 19:03:56.088, 2940 MHz, 14301 MHz, 99 %, 84.29 W, 66, 0x0000000000000400
2026/09/19 19:03:56.588, 2940 MHz, 14301 MHz, 99 %, 84.29 W, 66, 0x0000000000000400
2026/09/19 19:03:57.103, 2940 MHz, 14301 MHz, 99 %, 84.29 W, 66, 0x0000000000000400
2026/09/19 19:03:57.608, 2947 MHz, 14301 MHz, 99 %, 84.25 W, 66, 0x0000000000000400
2026/09/19 19:03:58.114, 2940 MHz, 14301 MHz, 99 %, 84.00 W, 66, 0x0000000000000400
2026/09/19 19:03:58.627, 2940 MHz, 14301 MHz, 99 %, 83.82 W, 66, 0x0000000000000400
2026/09/19 19:03:59.129, 2940 MHz, 14301 MHz, 99 %, 84.14 W, 67, 0x0000000000000400
2026/09/19 19:03:59.634, 2940 MHz, 14301 MHz, 99 %, 84.45 W, 66, 0x0000000000000400
2026/09/19 19:04:00.135, 2947 MHz, 14301 MHz, 86 %, 83.91 W, 66, 0x0000000000000400
2026/09/19 19:04:00.650, 2947 MHz, 14301 MHz, 99 %, 83.79 W, 66, 0x0000000000000400
2026/09/19 19:04:01.165, 2947 MHz, 14301 MHz, 99 %, 83.80 W, 66, 0x0000000000000400
2026/09/19 19:04:01.678, 2790 MHz, 14301 MHz, 52 %, 79.83 W, 65, 0x0000000000000400
2026/09/19 19:04:02.181, 2482 MHz, 14301 MHz, 54 %, 65.35 W, 63, 0x0000000000000400
2026/09/19 19:04:02.697, 2542 MHz, 14301 MHz, 52 %, 54.78 W, 63, 0x0000000000000400
2026/09/19 19:04:03.197, 2520 MHz, 14301 MHz, 53 %, 54.51 W, 63, 0x0000000000000400
2026/09/19 19:04:03.699, 2527 MHz, 14301 MHz, 53 %, 54.97 W, 63, 0x0000000000000400
2026/09/19 19:04:04.202, 2565 MHz, 14301 MHz, 54 %, 55.80 W, 63, 0x0000000000000400
2026/09/19 19:04:04.718, 2550 MHz, 14301 MHz, 55 %, 55.99 W, 63, 0x0000000000000400
2026/09/19 19:04:05.220, 2565 MHz, 14301 MHz, 54 %, 55.86 W, 63, 0x0000000000000400
2026/09/19 19:04:05.736, 2542 MHz, 14301 MHz, 54 %, 55.85 W, 63, 0x0000000000000400
2026/09/19 19:04:06.249, 2572 MHz, 14301 MHz, 55 %, 55.62 W, 63, 0x0000000000000400
2026/09/19 19:04:06.750, 2527 MHz, 14301 MHz, 56 %, 55.38 W, 63, 0x0000000000000400
2026/09/19 19:04:07.251, 2535 MHz, 14301 MHz, 55 %, 55.53 W, 63, 0x0000000000000400
2026/09/19 19:04:07.757, 2542 MHz, 14301 MHz, 54 %, 55.51 W, 63, 0x0000000000000400
2026/09/19 19:04:08.259, 2520 MHz, 14301 MHz, 53 %, 55.42 W, 62, 0x0000000000000400
2026/09/19 19:04:08.760, 2520 MHz, 14301 MHz, 54 %, 55.23 W, 62, 0x0000000000000400
2026/09/19 19:04:09.261, 2512 MHz, 14301 MHz, 53 %, 55.07 W, 63, 0x0000000000000400
2026/09/19 19:04:09.767, 2520 MHz, 14301 MHz, 54 %, 55.15 W, 63, 0x0000000000000400
2026/09/19 19:04:10.283, 2557 MHz, 14301 MHz, 55 %, 55.60 W, 63, 0x0000000000000400
2026/09/19 19:04:10.789, 2880 MHz, 14301 MHz, 99 %, 62.23 W, 64, 0x0000000000000400
2026/09/19 19:04:11.296, 2955 MHz, 14301 MHz, 99 %, 75.15 W, 65, 0x0000000000000400
2026/09/19 19:04:11.812, 2955 MHz, 14301 MHz, 99 %, 84.17 W, 65, 0x0000000000000400
2026/09/19 19:04:12.313, 2940 MHz, 14301 MHz, 99 %, 84.28 W, 66, 0x0000000000000400
2026/09/19 19:04:12.816, 2940 MHz, 14301 MHz, 99 %, 84.21 W, 66, 0x0000000000000400
2026/09/19 19:04:13.316, 2940 MHz, 14301 MHz, 99 %, 84.00 W, 66, 0x0000000000000400
2026/09/19 19:04:13.823, 2940 MHz, 14301 MHz, 99 %, 84.03 W, 66, 0x0000000000000400
2026/09/19 19:04:14.325, 2940 MHz, 14301 MHz, 99 %, 84.19 W, 66, 0x0000000000000400
2026/09/19 19:04:14.827, 2940 MHz, 14301 MHz, 99 %, 84.24 W, 66, 0x0000000000000400
2026/09/19 19:04:15.343, 2940 MHz, 14301 MHz, 98 %, 84.18 W, 66, 0x0000000000000400
2026/09/19 19:04:15.844, 2940 MHz, 14301 MHz, 98 %, 84.15 W, 66, 0x0000000000000400
2026/09/19 19:04:16.344, 2940 MHz, 14301 MHz, 99 %, 84.12 W, 66, 0x0000000000000400
2026/09/19 19:04:16.849, 2947 MHz, 14301 MHz, 98 %, 84.34 W, 66, 0x0000000000000400
2026/09/19 19:04:17.363, 2940 MHz, 14301 MHz, 99 %, 84.43 W, 66, 0x0000000000000400
2026/09/19 19:04:17.865, 2925 MHz, 14301 MHz, 99 %, 83.94 W, 66, 0x0000000000000400
2026/09/19 19:04:18.368, 2940 MHz, 14301 MHz, 99 %, 83.95 W, 66, 0x0000000000000400
2026/09/19 19:04:18.869, 2947 MHz, 14301 MHz, 99 %, 84.38 W, 66, 0x0000000000000400
2026/09/19 19:04:19.370, 2925 MHz, 14301 MHz, 73 %, 82.26 W, 65, 0x0000000000000400
2026/09/19 19:04:19.873, 2475 MHz, 14301 MHz, 51 %, 67.46 W, 63, 0x0000000000000400
2026/09/19 19:04:20.375, 2527 MHz, 14301 MHz, 52 %, 55.75 W, 64, 0x0000000000000400
2026/09/19 19:04:20.878, 2572 MHz, 14301 MHz, 55 %, 55.26 W, 63, 0x0000000000000400
2026/09/19 19:04:21.394, 2610 MHz, 14301 MHz, 54 %, 56.03 W, 63, 0x0000000000000400
2026/09/19 19:04:21.897, 2512 MHz, 14301 MHz, 53 %, 55.76 W, 63, 0x0000000000000400
2026/09/19 19:04:22.398, 2557 MHz, 14301 MHz, 55 %, 55.71 W, 63, 0x0000000000000400
2026/09/19 19:04:22.912, 2497 MHz, 14301 MHz, 54 %, 55.81 W, 63, 0x0000000000000400
2026/09/19 19:04:23.413, 2587 MHz, 14301 MHz, 55 %, 55.61 W, 63, 0x0000000000000400
2026/09/19 19:04:23.928, 2550 MHz, 14301 MHz, 55 %, 55.71 W, 63, 0x0000000000000400
2026/09/19 19:04:24.442, 2572 MHz, 14301 MHz, 58 %, 55.82 W, 63, 0x0000000000000400
2026/09/19 19:04:24.958, 2557 MHz, 14301 MHz, 52 %, 55.78 W, 63, 0x0000000000000400
2026/09/19 19:04:25.458, 2542 MHz, 14301 MHz, 54 %, 55.49 W, 63, 0x0000000000000400
2026/09/19 19:04:25.974, 2557 MHz, 14301 MHz, 55 %, 55.29 W, 63, 0x0000000000000400
2026/09/19 19:04:26.479, 2587 MHz, 14301 MHz, 51 %, 55.56 W, 63, 0x0000000000000400
2026/09/19 19:04:26.984, 2482 MHz, 14301 MHz, 54 %, 55.28 W, 62, 0x0000000000000400
2026/09/19 19:04:27.486, 2572 MHz, 14301 MHz, 54 %, 55.53 W, 63, 0x0000000000000400
2026/09/19 19:04:27.994, 2587 MHz, 14301 MHz, 54 %, 56.05 W, 63, 0x0000000000000400
2026/09/19 19:04:28.496, 2910 MHz, 14301 MHz, 98 %, 63.22 W, 65, 0x0000000000000400
2026/09/19 19:04:29.009, 2955 MHz, 14301 MHz, 99 %, 75.13 W, 65, 0x0000000000000400
2026/09/19 19:04:29.525, 2955 MHz, 14301 MHz, 98 %, 83.94 W, 65, 0x0000000000000400
2026/09/19 19:04:30.031, 2955 MHz, 14301 MHz, 99 %, 84.12 W, 66, 0x0000000000000400
2026/09/19 19:04:30.536, 2955 MHz, 14301 MHz, 99 %, 84.18 W, 65, 0x0000000000000400
2026/09/19 19:04:31.051, 2940 MHz, 14301 MHz, 99 %, 83.95 W, 66, 0x0000000000000400
2026/09/19 19:04:31.553, 2940 MHz, 14301 MHz, 99 %, 83.98 W, 66, 0x0000000000000400
2026/09/19 19:04:32.069, 2947 MHz, 14301 MHz, 99 %, 84.21 W, 66, 0x0000000000000400
2026/09/19 19:04:32.574, 2940 MHz, 14301 MHz, 99 %, 84.30 W, 66, 0x0000000000000400
2026/09/19 19:04:33.088, 2940 MHz, 14301 MHz, 98 %, 84.39 W, 66, 0x0000000000000400
2026/09/19 19:04:33.594, 2947 MHz, 14301 MHz, 99 %, 84.18 W, 66, 0x0000000000000400
2026/09/19 19:04:34.096, 2940 MHz, 14301 MHz, 99 %, 83.96 W, 66, 0x0000000000000400
2026/09/19 19:04:34.599, 2940 MHz, 14301 MHz, 99 %, 84.12 W, 66, 0x0000000000000400
2026/09/19 19:04:35.114, 2940 MHz, 14301 MHz, 99 %, 84.32 W, 66, 0x0000000000000400
2026/09/19 19:04:35.615, 2940 MHz, 14301 MHz, 99 %, 84.57 W, 66, 0x0000000000000400
2026/09/19 19:04:36.118, 2940 MHz, 14301 MHz, 99 %, 84.16 W, 66, 0x0000000000000400
2026/09/19 19:04:36.618, 2940 MHz, 14301 MHz, 99 %, 84.12 W, 66, 0x0000000000000400
2026/09/19 19:04:37.132, 2940 MHz, 14301 MHz, 99 %, 84.48 W, 66, 0x0000000000000400
2026/09/19 19:04:37.633, 2880 MHz, 14301 MHz, 55 %, 81.53 W, 65, 0x0000000000000400
2026/09/19 19:04:38.149, 2512 MHz, 14301 MHz, 52 %, 66.81 W, 64, 0x0000000000000400
2026/09/19 19:04:38.664, 2490 MHz, 14301 MHz, 50 %, 55.68 W, 63, 0x0000000000000400
2026/09/19 19:04:39.165, 2520 MHz, 14301 MHz, 54 %, 55.16 W, 63, 0x0000000000000400
2026/09/19 19:04:39.680, 2535 MHz, 14301 MHz, 52 %, 55.03 W, 63, 0x0000000000000400
2026/09/19 19:04:40.184, 2557 MHz, 14301 MHz, 54 %, 55.86 W, 63, 0x0000000000000400
2026/09/19 19:04:40.686, 2490 MHz, 14301 MHz, 56 %, 55.55 W, 63, 0x0000000000000400
2026/09/19 19:04:41.201, 2587 MHz, 14301 MHz, 53 %, 55.42 W, 63, 0x0000000000000400
2026/09/19 19:04:41.704, 2490 MHz, 14301 MHz, 55 %, 55.47 W, 63, 0x0000000000000400
2026/09/19 19:04:42.206, 2557 MHz, 14301 MHz, 53 %, 55.10 W, 63, 0x0000000000000400
2026/09/19 19:04:42.708, 2527 MHz, 14301 MHz, 54 %, 55.07 W, 63, 0x0000000000000400
2026/09/19 19:04:43.210, 2535 MHz, 14301 MHz, 54 %, 55.05 W, 63, 0x0000000000000400
2026/09/19 19:04:43.714, 2565 MHz, 14301 MHz, 54 %, 55.57 W, 63, 0x0000000000000400
2026/09/19 19:04:44.214, 2527 MHz, 14301 MHz, 52 %, 55.65 W, 62, 0x0000000000000400
2026/09/19 19:04:44.717, 2520 MHz, 14301 MHz, 52 %, 55.46 W, 62, 0x0000000000000400
2026/09/19 19:04:45.219, 2535 MHz, 14301 MHz, 54 %, 55.15 W, 63, 0x0000000000000400
2026/09/19 19:04:45.733, 2557 MHz, 14301 MHz, 53 %, 55.16 W, 63, 0x0000000000000400
2026/09/19 19:04:46.237, 2565 MHz, 14301 MHz, 56 %, 55.72 W, 63, 0x0000000000000400
2026/09/19 19:04:46.738, 2955 MHz, 14301 MHz, 99 %, 63.12 W, 65, 0x0000000000000400
2026/09/19 19:04:47.242, 2955 MHz, 14301 MHz, 99 %, 75.97 W, 65, 0x0000000000000400
2026/09/19 19:04:47.747, 2955 MHz, 14301 MHz, 99 %, 83.94 W, 66, 0x0000000000000400
2026/09/19 19:04:48.250, 2940 MHz, 14301 MHz, 99 %, 84.01 W, 66, 0x0000000000000400
2026/09/19 19:04:48.751, 2947 MHz, 14301 MHz, 99 %, 84.01 W, 66, 0x0000000000000400
2026/09/19 19:04:49.254, 2940 MHz, 14301 MHz, 99 %, 83.90 W, 66, 0x0000000000000400
2026/09/19 19:04:49.757, 2940 MHz, 14301 MHz, 99 %, 83.81 W, 66, 0x0000000000000400
2026/09/19 19:04:50.262, 2940 MHz, 14301 MHz, 99 %, 84.01 W, 66, 0x0000000000000400
2026/09/19 19:04:50.764, 2940 MHz, 14301 MHz, 99 %, 84.30 W, 66, 0x0000000000000400
2026/09/19 19:04:51.267, 2940 MHz, 14301 MHz, 99 %, 84.34 W, 66, 0x0000000000000400
2026/09/19 19:04:51.782, 2940 MHz, 14301 MHz, 99 %, 84.24 W, 66, 0x0000000000000400
2026/09/19 19:04:52.285, 2940 MHz, 14301 MHz, 99 %, 84.18 W, 66, 0x0000000000000400
2026/09/19 19:04:52.788, 2947 MHz, 14301 MHz, 99 %, 84.04 W, 66, 0x0000000000000400
2026/09/19 19:04:53.289, 2940 MHz, 14301 MHz, 99 %, 84.16 W, 66, 0x0000000000000400
2026/09/19 19:04:53.789, 2940 MHz, 14301 MHz, 99 %, 84.41 W, 66, 0x0000000000000400
2026/09/19 19:04:54.292, 2940 MHz, 14301 MHz, 99 %, 83.61 W, 66, 0x0000000000000400
2026/09/19 19:04:54.797, 2940 MHz, 14301 MHz, 99 %, 83.51 W, 66, 0x0000000000000400
2026/09/19 19:04:55.297, 2940 MHz, 14301 MHz, 99 %, 84.13 W, 66, 0x0000000000000400
2026/09/19 19:04:55.799, 2940 MHz, 14301 MHz, 73 %, 79.18 W, 64, 0x0000000000000400
2026/09/19 19:04:56.301, 2565 MHz, 14301 MHz, 52 %, 66.75 W, 63, 0x0000000000000400
2026/09/19 19:04:56.804, 2542 MHz, 14301 MHz, 52 %, 55.38 W, 63, 0x0000000000000400
2026/09/19 19:04:57.309, 2512 MHz, 14301 MHz, 53 %, 54.99 W, 63, 0x0000000000000400
2026/09/19 19:04:57.810, 2550 MHz, 14301 MHz, 55 %, 55.53 W, 63, 0x0000000000000400
2026/09/19 19:04:58.325, 2520 MHz, 14301 MHz, 56 %, 55.89 W, 63, 0x0000000000000400
2026/09/19 19:04:58.829, 2580 MHz, 14301 MHz, 53 %, 56.13 W, 63, 0x0000000000000400
2026/09/19 19:04:59.350, 2550 MHz, 14301 MHz, 55 %, 56.06 W, 63, 0x0000000000000400
2026/09/19 19:04:59.863, 2542 MHz, 14301 MHz, 56 %, 55.45 W, 63, 0x0000000000000400
2026/09/19 19:05:00.379, 2542 MHz, 14301 MHz, 55 %, 55.45 W, 63, 0x0000000000000400
2026/09/19 19:05:00.884, 2527 MHz, 14301 MHz, 50 %, 55.56 W, 63, 0x0000000000000400
2026/09/19 19:05:01.386, 2527 MHz, 14301 MHz, 53 %, 55.46 W, 63, 0x0000000000000400
2026/09/19 19:05:01.887, 2475 MHz, 14301 MHz, 55 %, 54.83 W, 63, 0x0000000000000400
2026/09/19 19:05:02.392, 2580 MHz, 14301 MHz, 53 %, 55.18 W, 63, 0x0000000000000400
2026/09/19 19:05:02.892, 2542 MHz, 14301 MHz, 56 %, 55.47 W, 63, 0x0000000000000400
2026/09/19 19:05:03.395, 2595 MHz, 14301 MHz, 54 %, 55.52 W, 63, 0x0000000000000400
2026/09/19 19:05:03.895, 2520 MHz, 14301 MHz, 55 %, 55.68 W, 62, 0x0000000000000400
2026/09/19 19:05:04.409, 2902 MHz, 14301 MHz, 98 %, 65.44 W, 65, 0x0000000000000400
2026/09/19 19:05:04.909, 2947 MHz, 14301 MHz, 99 %, 79.59 W, 65, 0x0000000000000400
2026/09/19 19:05:05.424, 2940 MHz, 14301 MHz, 99 %, 83.67 W, 65, 0x0000000000000400
2026/09/19 19:05:05.929, 2940 MHz, 14301 MHz, 99 %, 83.86 W, 65, 0x0000000000000400
2026/09/19 19:05:06.442, 2947 MHz, 14301 MHz, 99 %, 83.90 W, 66, 0x0000000000000400
2026/09/19 19:05:06.946, 2947 MHz, 14301 MHz, 99 %, 83.71 W, 66, 0x0000000000000400
2026/09/19 19:05:07.451, 2947 MHz, 14301 MHz, 99 %, 83.93 W, 66, 0x0000000000000400
2026/09/19 19:05:07.957, 2940 MHz, 14301 MHz, 99 %, 84.15 W, 66, 0x0000000000000400
2026/09/19 19:05:08.459, 2940 MHz, 14301 MHz, 99 %, 84.22 W, 66, 0x0000000000000400
2026/09/19 19:05:08.963, 2940 MHz, 14301 MHz, 99 %, 84.26 W, 66, 0x0000000000000400
2026/09/19 19:05:09.465, 2940 MHz, 14301 MHz, 99 %, 84.25 W, 66, 0x0000000000000400
2026/09/19 19:05:09.967, 2940 MHz, 14301 MHz, 99 %, 84.21 W, 66, 0x0000000000000400
2026/09/19 19:05:10.469, 2940 MHz, 14301 MHz, 99 %, 84.28 W, 66, 0x0000000000000400
2026/09/19 19:05:10.971, 2947 MHz, 14301 MHz, 99 %, 84.13 W, 66, 0x0000000000000400
2026/09/19 19:05:11.477, 2940 MHz, 14301 MHz, 99 %, 84.17 W, 66, 0x0000000000000400
2026/09/19 19:05:11.981, 2925 MHz, 14301 MHz, 99 %, 83.72 W, 66, 0x0000000000000400
2026/09/19 19:05:12.496, 2940 MHz, 14301 MHz, 99 %, 83.49 W, 66, 0x0000000000000400
2026/09/19 19:05:13.011, 2947 MHz, 14301 MHz, 99 %, 83.91 W, 66, 0x0000000000000400
2026/09/19 19:05:13.516, 2947 MHz, 14301 MHz, 55 %, 80.61 W, 65, 0x0000000000000400
2026/09/19 19:05:14.016, 2475 MHz, 14301 MHz, 53 %, 66.07 W, 64, 0x0000000000000400
2026/09/19 19:05:14.518, 2475 MHz, 14301 MHz, 55 %, 55.14 W, 64, 0x0000000000000400
2026/09/19 19:05:15.019, 2505 MHz, 14301 MHz, 51 %, 55.04 W, 64, 0x0000000000000400
2026/09/19 19:05:15.535, 2535 MHz, 14301 MHz, 54 %, 54.90 W, 64, 0x0000000000000400
2026/09/19 19:05:16.050, 2512 MHz, 14301 MHz, 55 %, 55.20 W, 64, 0x0000000000000400
2026/09/19 19:05:16.565, 2520 MHz, 14301 MHz, 54 %, 55.47 W, 63, 0x0000000000000400
2026/09/19 19:05:17.078, 2527 MHz, 14301 MHz, 54 %, 55.74 W, 63, 0x0000000000000400
2026/09/19 19:05:17.593, 2572 MHz, 14301 MHz, 53 %, 55.70 W, 63, 0x0000000000000400
2026/09/19 19:05:18.095, 2572 MHz, 14301 MHz, 55 %, 55.83 W, 63, 0x0000000000000400
2026/09/19 19:05:18.598, 2542 MHz, 14301 MHz, 55 %, 55.63 W, 63, 0x0000000000000400
2026/09/19 19:05:19.106, 2520 MHz, 14301 MHz, 55 %, 55.32 W, 63, 0x0000000000000400
2026/09/19 19:05:19.608, 2595 MHz, 14301 MHz, 54 %, 55.58 W, 63, 0x0000000000000400
2026/09/19 19:05:20.109, 2557 MHz, 14301 MHz, 52 %, 55.62 W, 63, 0x0000000000000400
2026/09/19 19:05:20.609, 2550 MHz, 14301 MHz, 53 %, 55.28 W, 63, 0x0000000000000400
2026/09/19 19:05:21.125, 2580 MHz, 14301 MHz, 53 %, 55.16 W, 63, 0x0000000000000400
2026/09/19 19:05:21.627, 2595 MHz, 14301 MHz, 54 %, 55.59 W, 63, 0x0000000000000400
2026/09/19 19:05:22.130, 2535 MHz, 14301 MHz, 54 %, 55.69 W, 63, 0x0000000000000400
2026/09/19 19:05:22.644, 2730 MHz, 14301 MHz, 99 %, 62.18 W, 64, 0x0000000000000400
2026/09/19 19:05:23.146, 2955 MHz, 14301 MHz, 99 %, 76.83 W, 65, 0x0000000000000400
2026/09/19 19:05:23.647, 2955 MHz, 14301 MHz, 99 %, 83.92 W, 66, 0x0000000000000400
2026/09/19 19:05:24.150, 2947 MHz, 14301 MHz, 99 %, 84.14 W, 66, 0x0000000000000400
2026/09/19 19:05:24.652, 2940 MHz, 14301 MHz, 99 %, 83.99 W, 66, 0x0000000000000400
2026/09/19 19:05:25.158, 2947 MHz, 14301 MHz, 99 %, 83.80 W, 66, 0x0000000000000400
2026/09/19 19:05:25.660, 2940 MHz, 14301 MHz, 99 %, 84.01 W, 66, 0x0000000000000400
2026/09/19 19:05:26.164, 2940 MHz, 14301 MHz, 99 %, 84.17 W, 66, 0x0000000000000400
2026/09/19 19:05:26.668, 2940 MHz, 14301 MHz, 99 %, 84.28 W, 66, 0x0000000000000400
2026/09/19 19:05:27.169, 2940 MHz, 14301 MHz, 99 %, 84.65 W, 66, 0x0000000000000400
2026/09/19 19:05:27.675, 2940 MHz, 14301 MHz, 99 %, 84.62 W, 66, 0x0000000000000400
2026/09/19 19:05:28.180, 2947 MHz, 14301 MHz, 99 %, 84.19 W, 66, 0x0000000000000400
2026/09/19 19:05:28.685, 2940 MHz, 14301 MHz, 99 %, 84.20 W, 66, 0x0000000000000400
2026/09/19 19:05:29.199, 2940 MHz, 14301 MHz, 99 %, 84.26 W, 66, 0x0000000000000400
2026/09/19 19:05:29.715, 2947 MHz, 14301 MHz, 99 %, 84.27 W, 66, 0x0000000000000400
2026/09/19 19:05:30.228, 2947 MHz, 14301 MHz, 99 %, 83.73 W, 66, 0x0000000000000400
2026/09/19 19:05:30.742, 2940 MHz, 14301 MHz, 99 %, 83.72 W, 66, 0x0000000000000400
2026/09/19 19:05:31.245, 2940 MHz, 14301 MHz, 99 %, 84.20 W, 66, 0x0000000000000400
2026/09/19 19:05:31.750, 2940 MHz, 14301 MHz, 72 %, 82.31 W, 65, 0x0000000000000400
2026/09/19 19:05:32.255, 2497 MHz, 14301 MHz, 56 %, 69.22 W, 64, 0x0000000000000400
2026/09/19 19:05:32.759, 2475 MHz, 14301 MHz, 55 %, 55.76 W, 63, 0x0000000000000400
2026/09/19 19:05:33.263, 2535 MHz, 14301 MHz, 53 %, 54.90 W, 63, 0x0000000000000400
2026/09/19 19:05:33.768, 2467 MHz, 14301 MHz, 51 %, 54.76 W, 63, 0x0000000000000400
2026/09/19 19:05:34.275, 2542 MHz, 14301 MHz, 54 %, 55.03 W, 63, 0x0000000000000400
2026/09/19 19:05:34.779, 2520 MHz, 14301 MHz, 55 %, 55.58 W, 63, 0x0000000000000400
2026/09/19 19:05:35.281, 2520 MHz, 14301 MHz, 56 %, 55.36 W, 63, 0x0000000000000400
2026/09/19 19:05:35.782, 2557 MHz, 14301 MHz, 56 %, 55.33 W, 63, 0x0000000000000400
2026/09/19 19:05:36.293, 2565 MHz, 14301 MHz, 56 %, 55.59 W, 63, 0x0000000000000400
2026/09/19 19:05:36.808, 2580 MHz, 14301 MHz, 56 %, 55.98 W, 63, 0x0000000000000400
2026/09/19 19:05:37.309, 2542 MHz, 14301 MHz, 55 %, 55.76 W, 63, 0x0000000000000400
2026/09/19 19:05:37.824, 2497 MHz, 14301 MHz, 53 %, 55.30 W, 62, 0x0000000000000400
2026/09/19 19:05:38.339, 2527 MHz, 14301 MHz, 55 %, 55.21 W, 63, 0x0000000000000400
2026/09/19 19:05:38.846, 2580 MHz, 14301 MHz, 54 %, 55.54 W, 63, 0x0000000000000400
2026/09/19 19:05:39.350, 2460 MHz, 14301 MHz, 54 %, 55.22 W, 62, 0x0000000000000400
2026/09/19 19:05:39.852, 2490 MHz, 14301 MHz, 54 %, 54.66 W, 62, 0x0000000000000400
2026/09/19 19:05:40.357, 2557 MHz, 14301 MHz, 54 %, 55.18 W, 63, 0x0000000000000400
2026/09/19 19:05:40.872, 2955 MHz, 14301 MHz, 98 %, 72.57 W, 65, 0x0000000000000400
2026/09/19 19:05:41.377, 2955 MHz, 14301 MHz, 99 %, 84.06 W, 66, 0x0000000000000400
2026/09/19 19:05:41.881, 2947 MHz, 14301 MHz, 99 %, 84.25 W, 66, 0x0000000000000400
2026/09/19 19:05:42.385, 2947 MHz, 14301 MHz, 99 %, 84.23 W, 66, 0x0000000000000400
2026/09/19 19:05:42.899, 2940 MHz, 14301 MHz, 99 %, 84.14 W, 66, 0x0000000000000400
2026/09/19 19:05:43.403, 2940 MHz, 14301 MHz, 99 %, 84.11 W, 65, 0x0000000000000400
2026/09/19 19:05:43.906, 2940 MHz, 14301 MHz, 98 %, 84.15 W, 66, 0x0000000000000400
2026/09/19 19:05:44.412, 2940 MHz, 14301 MHz, 99 %, 84.31 W, 66, 0x0000000000000400
2026/09/19 19:05:44.912, 2940 MHz, 14301 MHz, 98 %, 84.62 W, 66, 0x0000000000000400
2026/09/19 19:05:45.413, 2940 MHz, 14301 MHz, 99 %, 84.87 W, 66, 0x0000000000000400
2026/09/19 19:05:45.918, 2940 MHz, 14301 MHz, 99 %, 84.72 W, 66, 0x0000000000000400
2026/09/19 19:05:46.421, 2940 MHz, 14301 MHz, 99 %, 84.57 W, 66, 0x0000000000000400
2026/09/19 19:05:46.923, 2940 MHz, 14301 MHz, 99 %, 84.66 W, 67, 0x0000000000000400
2026/09/19 19:05:47.427, 2940 MHz, 14301 MHz, 99 %, 84.93 W, 66, 0x0000000000000400
2026/09/19 19:05:47.928, 2940 MHz, 14301 MHz, 99 %, 85.07 W, 66, 0x0000000000000400
2026/09/19 19:05:48.443, 2940 MHz, 14301 MHz, 98 %, 84.34 W, 66, 0x0000000000000400
2026/09/19 19:05:48.946, 2940 MHz, 14301 MHz, 99 %, 84.16 W, 66, 0x0000000000000400
2026/09/19 19:05:49.447, 2940 MHz, 14301 MHz, 99 %, 84.89 W, 66, 0x0000000000000400
2026/09/19 19:05:49.951, 2670 MHz, 14301 MHz, 53 %, 75.92 W, 64, 0x0000000000000400
2026/09/19 19:05:50.466, 2580 MHz, 14301 MHz, 53 %, 62.35 W, 63, 0x0000000000000400
2026/09/19 19:05:50.970, 2460 MHz, 14301 MHz, 52 %, 54.76 W, 63, 0x0000000000000400
2026/09/19 19:05:51.472, 2527 MHz, 14301 MHz, 52 %, 55.06 W, 63, 0x0000000000000400
2026/09/19 19:05:51.974, 2550 MHz, 14301 MHz, 53 %, 55.63 W, 63, 0x0000000000000400
2026/09/19 19:05:52.487, 2587 MHz, 14301 MHz, 55 %, 55.80 W, 63, 0x0000000000000400
2026/09/19 19:05:52.991, 2542 MHz, 14301 MHz, 56 %, 56.00 W, 63, 0x0000000000000400
2026/09/19 19:05:53.505, 2542 MHz, 14301 MHz, 54 %, 56.03 W, 63, 0x0000000000000400
2026/09/19 19:05:54.020, 2535 MHz, 14301 MHz, 53 %, 55.63 W, 63, 0x0000000000000400
2026/09/19 19:05:54.521, 2535 MHz, 14301 MHz, 53 %, 54.99 W, 63, 0x0000000000000400
2026/09/19 19:05:55.024, 2542 MHz, 14301 MHz, 54 %, 55.28 W, 63, 0x0000000000000400
2026/09/19 19:05:55.536, 2565 MHz, 14301 MHz, 54 %, 55.74 W, 63, 0x0000000000000400
2026/09/19 19:05:56.039, 2557 MHz, 14301 MHz, 54 %, 55.78 W, 63, 0x0000000000000400
2026/09/19 19:05:56.554, 2535 MHz, 14301 MHz, 54 %, 55.31 W, 62, 0x0000000000000400
2026/09/19 19:05:57.068, 2535 MHz, 14301 MHz, 55 %, 55.26 W, 63, 0x0000000000000400
2026/09/19 19:05:57.571, 2527 MHz, 14301 MHz, 54 %, 55.30 W, 62, 0x0000000000000400
2026/09/19 19:05:58.077, 2557 MHz, 14301 MHz, 55 %, 55.36 W, 63, 0x0000000000000400
2026/09/19 19:05:58.582, 2580 MHz, 14301 MHz, 55 %, 55.58 W, 63, 0x0000000000000400
2026/09/19 19:05:59.085, 2947 MHz, 14301 MHz, 99 %, 69.39 W, 65, 0x0000000000000400
2026/09/19 19:05:59.585, 2940 MHz, 14301 MHz, 99 %, 88.48 W, 66, 0x0000000000000400
2026/09/19 19:06:00.088, 2940 MHz, 14301 MHz, 99 %, 96.36 W, 67, 0x0000000000000400
2026/09/19 19:06:00.603, 2940 MHz, 14301 MHz, 99 %, 102.54 W, 68, 0x0000000000000400
2026/09/19 19:06:01.109, 2940 MHz, 14301 MHz, 99 %, 107.38 W, 68, 0x0000000000000400
2026/09/19 19:06:01.612, 2940 MHz, 14301 MHz, 99 %, 109.40 W, 68, 0x0000000000000400
2026/09/19 19:06:02.117, 2932 MHz, 14301 MHz, 99 %, 111.07 W, 69, 0x0000000000000400
2026/09/19 19:06:02.622, 2940 MHz, 14301 MHz, 99 %, 105.49 W, 68, 0x0000000000000400
2026/09/19 19:06:03.123, 2940 MHz, 14301 MHz, 99 %, 96.88 W, 68, 0x0000000000000400
2026/09/19 19:06:03.638, 2940 MHz, 14301 MHz, 99 %, 94.90 W, 67, 0x0000000000000400
2026/09/19 19:06:04.140, 2940 MHz, 14301 MHz, 99 %, 95.46 W, 67, 0x0000000000000400
2026/09/19 19:06:04.642, 2940 MHz, 14301 MHz, 99 %, 96.25 W, 67, 0x0000000000000400
2026/09/19 19:06:05.156, 2932 MHz, 14301 MHz, 99 %, 97.93 W, 68, 0x0000000000000400
2026/09/19 19:06:05.660, 2940 MHz, 14301 MHz, 99 %, 98.64 W, 69, 0x0000000000000400
2026/09/19 19:06:06.176, 2940 MHz, 14301 MHz, 99 %, 100.23 W, 68, 0x0000000000000400
2026/09/19 19:06:06.678, 2940 MHz, 14301 MHz, 99 %, 100.96 W, 69, 0x0000000000000400
2026/09/19 19:06:07.194, 2940 MHz, 14301 MHz, 99 %, 99.54 W, 69, 0x0000000000000400
2026/09/19 19:06:07.695, 2940 MHz, 14301 MHz, 99 %, 98.07 W, 69, 0x0000000000000400
2026/09/19 19:06:08.211, 2940 MHz, 14301 MHz, 99 %, 94.94 W, 67, 0x0000000000000400
2026/09/19 19:06:08.712, 2940 MHz, 14301 MHz, 99 %, 89.53 W, 67, 0x0000000000000400
2026/09/19 19:06:09.215, 2947 MHz, 14301 MHz, 55 %, 82.44 W, 65, 0x0000000000000400
2026/09/19 19:06:09.728, 2565 MHz, 14301 MHz, 51 %, 66.82 W, 64, 0x0000000000000400
2026/09/19 19:06:10.229, 2542 MHz, 14301 MHz, 52 %, 55.30 W, 64, 0x0000000000000400
2026/09/19 19:06:10.735, 2580 MHz, 14301 MHz, 53 %, 55.36 W, 64, 0x0000000000000400
2026/09/19 19:06:11.238, 2535 MHz, 14301 MHz, 53 %, 55.50 W, 64, 0x0000000000000400
2026/09/19 19:06:11.743, 2580 MHz, 14301 MHz, 54 %, 55.60 W, 63, 0x0000000000000400
2026/09/19 19:06:12.247, 2565 MHz, 14301 MHz, 55 %, 55.86 W, 63, 0x0000000000000400
2026/09/19 19:06:12.763, 2557 MHz, 14301 MHz, 54 %, 55.90 W, 63, 0x0000000000000400
2026/09/19 19:06:13.277, 2602 MHz, 14301 MHz, 54 %, 56.04 W, 63, 0x0000000000000400
2026/09/19 19:06:13.792, 2572 MHz, 14301 MHz, 54 %, 56.15 W, 63, 0x0000000000000400
2026/09/19 19:06:14.295, 2512 MHz, 14301 MHz, 55 %, 55.84 W, 63, 0x0000000000000400
2026/09/19 19:06:14.810, 2520 MHz, 14301 MHz, 54 %, 55.37 W, 63, 0x0000000000000400
2026/09/19 19:06:15.323, 2565 MHz, 14301 MHz, 54 %, 55.37 W, 63, 0x0000000000000400
2026/09/19 19:06:15.829, 2527 MHz, 14301 MHz, 53 %, 55.67 W, 63, 0x0000000000000400
2026/09/19 19:06:16.330, 2512 MHz, 14301 MHz, 53 %, 55.35 W, 63, 0x0000000000000400
2026/09/19 19:06:16.833, 2482 MHz, 14301 MHz, 54 %, 55.35 W, 63, 0x0000000000000400
2026/09/19 19:06:17.338, 2550 MHz, 14301 MHz, 55 %, 55.60 W, 63, 0x0000000000000400
2026/09/19 19:06:17.843, 2542 MHz, 14301 MHz, 55 %, 55.69 W, 63, 0x0000000000000400
2026/09/19 19:06:18.359, 2587 MHz, 14301 MHz, 99 %, 59.91 W, 65, 0x0000000000000400
2026/09/19 19:06:18.874, 2947 MHz, 14301 MHz, 99 %, 83.60 W, 65, 0x0000000000000400
2026/09/19 19:06:19.377, 2947 MHz, 14301 MHz, 99 %, 83.58 W, 66, 0x0000000000000400
2026/09/19 19:06:19.879, 2947 MHz, 14301 MHz, 99 %, 83.68 W, 66, 0x0000000000000400
2026/09/19 19:06:20.384, 2947 MHz, 14301 MHz, 99 %, 83.59 W, 66, 0x0000000000000400
2026/09/19 19:06:20.889, 2940 MHz, 14301 MHz, 99 %, 83.56 W, 66, 0x0000000000000400
2026/09/19 19:06:21.406, 2940 MHz, 14301 MHz, 99 %, 83.91 W, 66, 0x0000000000000400
2026/09/19 19:06:21.909, 2940 MHz, 14301 MHz, 99 %, 84.16 W, 66, 0x0000000000000400
2026/09/19 19:06:22.425, 2940 MHz, 14301 MHz, 99 %, 84.33 W, 66, 0x0000000000000400
2026/09/19 19:06:22.926, 2940 MHz, 14301 MHz, 99 %, 84.40 W, 66, 0x0000000000000400
2026/09/19 19:06:23.440, 2940 MHz, 14301 MHz, 98 %, 84.35 W, 66, 0x0000000000000400
2026/09/19 19:06:23.942, 2940 MHz, 14301 MHz, 99 %, 84.63 W, 66, 0x0000000000000400
2026/09/19 19:06:24.442, 2940 MHz, 14301 MHz, 99 %, 84.62 W, 66, 0x0000000000000400
2026/09/19 19:06:24.944, 2940 MHz, 14301 MHz, 99 %, 84.71 W, 66, 0x0000000000000400
2026/09/19 19:06:25.448, 2940 MHz, 14301 MHz, 99 %, 84.75 W, 66, 0x0000000000000400
2026/09/19 19:06:25.961, 2940 MHz, 14301 MHz, 99 %, 84.82 W, 66, 0x0000000000000400
2026/09/19 19:06:26.466, 2925 MHz, 14301 MHz, 99 %, 83.92 W, 66, 0x0000000000000400
2026/09/19 19:06:26.972, 2940 MHz, 14301 MHz, 99 %, 83.67 W, 66, 0x0000000000000400
2026/09/19 19:06:27.487, 2947 MHz, 14301 MHz, 53 %, 80.69 W, 65, 0x0000000000000400
2026/09/19 19:06:27.988, 2527 MHz, 14301 MHz, 55 %, 67.41 W, 63, 0x0000000000000400
2026/09/19 19:06:28.503, 2497 MHz, 14301 MHz, 51 %, 54.84 W, 63, 0x0000000000000400
2026/09/19 19:06:29.017, 2512 MHz, 14301 MHz, 53 %, 55.13 W, 64, 0x0000000000000400
2026/09/19 19:06:29.517, 2550 MHz, 14301 MHz, 56 %, 55.66 W, 63, 0x0000000000000400
2026/09/19 19:06:30.018, 2557 MHz, 14301 MHz, 53 %, 55.53 W, 63, 0x0000000000000400
2026/09/19 19:06:30.534, 2505 MHz, 14301 MHz, 53 %, 55.22 W, 63, 0x0000000000000400
2026/09/19 19:06:31.038, 2520 MHz, 14301 MHz, 53 %, 55.04 W, 64, 0x0000000000000400
2026/09/19 19:06:31.553, 2572 MHz, 14301 MHz, 55 %, 55.53 W, 63, 0x0000000000000400
2026/09/19 19:06:32.067, 2535 MHz, 14301 MHz, 55 %, 55.51 W, 63, 0x0000000000000400
2026/09/19 19:06:32.569, 2580 MHz, 14301 MHz, 56 %, 55.37 W, 63, 0x0000000000000400
2026/09/19 19:06:33.085, 2497 MHz, 14301 MHz, 53 %, 55.11 W, 63, 0x0000000000000400
2026/09/19 19:06:33.586, 2512 MHz, 14301 MHz, 54 %, 55.08 W, 63, 0x0000000000000400
2026/09/19 19:06:34.088, 2512 MHz, 14301 MHz, 55 %, 55.54 W, 63, 0x0000000000000400
2026/09/19 19:06:34.593, 2587 MHz, 14301 MHz, 55 %, 55.67 W, 63, 0x0000000000000400
2026/09/19 19:06:35.107, 2557 MHz, 14301 MHz, 54 %, 55.45 W, 63, 0x0000000000000400
2026/09/19 19:06:35.612, 2550 MHz, 14301 MHz, 53 %, 55.20 W, 63, 0x0000000000000400
2026/09/19 19:06:36.127, 2475 MHz, 14301 MHz, 54 %, 54.91 W, 63, 0x0000000000000400
2026/09/19 19:06:36.628, 2550 MHz, 14301 MHz, 92 %, 57.11 W, 64, 0x0000000000000400
2026/09/19 19:06:37.143, 2947 MHz, 14301 MHz, 99 %, 72.55 W, 66, 0x0000000000000400
2026/09/19 19:06:37.644, 2940 MHz, 14301 MHz, 99 %, 85.18 W, 65, 0x0000000000000400
2026/09/19 19:06:38.151, 2940 MHz, 14301 MHz, 99 %, 86.93 W, 66, 0x0000000000000400
2026/09/19 19:06:38.654, 2940 MHz, 14301 MHz, 99 %, 87.44 W, 66, 0x0000000000000400
2026/09/19 19:06:39.156, 2940 MHz, 14301 MHz, 99 %, 87.45 W, 66, 0x0000000000000400
2026/09/19 19:06:39.658, 2932 MHz, 14301 MHz, 99 %, 87.29 W, 66, 0x0000000000000400
2026/09/19 19:06:40.170, 2940 MHz, 14301 MHz, 99 %, 86.42 W, 67, 0x0000000000000400
2026/09/19 19:06:40.671, 2940 MHz, 14301 MHz, 99 %, 85.40 W, 66, 0x0000000000000400
2026/09/19 19:06:41.175, 2940 MHz, 14301 MHz, 99 %, 85.05 W, 66, 0x0000000000000400
2026/09/19 19:06:41.690, 2940 MHz, 14301 MHz, 99 %, 84.86 W, 66, 0x0000000000000400
2026/09/19 19:06:42.204, 2940 MHz, 14301 MHz, 99 %, 85.01 W, 66, 0x0000000000000400
2026/09/19 19:06:42.719, 2940 MHz, 14301 MHz, 99 %, 84.93 W, 66, 0x0000000000000400
2026/09/19 19:06:43.220, 2940 MHz, 14301 MHz, 99 %, 84.71 W, 66, 0x0000000000000400
2026/09/19 19:06:43.721, 2940 MHz, 14301 MHz, 99 %, 84.75 W, 66, 0x0000000000000400
2026/09/19 19:06:44.234, 2940 MHz, 14301 MHz, 99 %, 84.73 W, 66, 0x0000000000000400
2026/09/19 19:06:44.735, 2940 MHz, 14301 MHz, 99 %, 84.60 W, 66, 0x0000000000000400
2026/09/19 19:06:45.250, 2925 MHz, 14301 MHz, 99 %, 83.70 W, 66, 0x0000000000000400
2026/09/19 19:06:45.765, 2940 MHz, 14301 MHz, 99 %, 83.45 W, 66, 0x0000000000000400
2026/09/19 19:06:46.277, 2940 MHz, 14301 MHz, 50 %, 79.78 W, 65, 0x0000000000000400
2026/09/19 19:06:46.779, 2497 MHz, 14301 MHz, 54 %, 66.64 W, 64, 0x0000000000000400
2026/09/19 19:06:47.280, 2512 MHz, 14301 MHz, 47 %, 54.28 W, 63, 0x0000000000000400
2026/09/19 19:06:47.781, 2557 MHz, 14301 MHz, 55 %, 54.54 W, 63, 0x0000000000000400
2026/09/19 19:06:48.292, 2542 MHz, 14301 MHz, 52 %, 54.84 W, 63, 0x0000000000000400
2026/09/19 19:06:48.795, 2550 MHz, 14301 MHz, 55 %, 55.04 W, 63, 0x0000000000000400
2026/09/19 19:06:49.295, 2490 MHz, 14301 MHz, 51 %, 54.83 W, 63, 0x0000000000000400
2026/09/19 19:06:49.808, 2527 MHz, 14301 MHz, 50 %, 54.79 W, 63, 0x0000000000000400
2026/09/19 19:06:50.311, 2557 MHz, 14301 MHz, 51 %, 55.21 W, 63, 0x0000000000000400
2026/09/19 19:06:50.826, 2520 MHz, 14301 MHz, 53 %, 55.09 W, 63, 0x0000000000000400
2026/09/19 19:06:51.340, 2512 MHz, 14301 MHz, 53 %, 54.96 W, 63, 0x0000000000000400
2026/09/19 19:06:51.854, 2520 MHz, 14301 MHz, 53 %, 54.63 W, 63, 0x0000000000000400
2026/09/19 19:06:52.356, 2520 MHz, 14301 MHz, 55 %, 54.76 W, 63, 0x0000000000000400
2026/09/19 19:06:52.870, 2535 MHz, 14301 MHz, 54 %, 54.61 W, 63, 0x0000000000000400
2026/09/19 19:06:53.383, 2557 MHz, 14301 MHz, 55 %, 55.31 W, 62, 0x0000000000000400
2026/09/19 19:06:53.898, 2512 MHz, 14301 MHz, 52 %, 54.78 W, 63, 0x0000000000000400
2026/09/19 19:06:54.400, 2512 MHz, 14301 MHz, 54 %, 54.72 W, 63, 0x0000000000000400
2026/09/19 19:06:54.915, 2572 MHz, 14301 MHz, 52 %, 54.63 W, 62, 0x0000000000000400
2026/09/19 19:06:55.430, 2782 MHz, 14301 MHz, 99 %, 62.94 W, 65, 0x0000000000000400
2026/09/19 19:06:55.933, 2940 MHz, 14301 MHz, 99 %, 77.89 W, 65, 0x0000000000000400
2026/09/19 19:06:56.435, 2940 MHz, 14301 MHz, 99 %, 83.78 W, 65, 0x0000000000000400
2026/09/19 19:06:56.950, 2940 MHz, 14301 MHz, 98 %, 83.68 W, 66, 0x0000000000000400
2026/09/19 19:06:57.464, 2947 MHz, 14301 MHz, 99 %, 83.92 W, 66, 0x0000000000000400
2026/09/19 19:06:57.966, 2940 MHz, 14301 MHz, 99 %, 84.18 W, 66, 0x0000000000000400
2026/09/19 19:06:58.480, 2940 MHz, 14301 MHz, 99 %, 84.06 W, 66, 0x0000000000000400
2026/09/19 19:06:58.993, 2940 MHz, 14301 MHz, 98 %, 84.34 W, 66, 0x0000000000000400
2026/09/19 19:06:59.494, 2940 MHz, 14301 MHz, 99 %, 84.61 W, 66, 0x0000000000000400
2026/09/19 19:07:00.008, 2940 MHz, 14301 MHz, 99 %, 84.53 W, 66, 0x0000000000000400
2026/09/19 19:07:00.521, 2940 MHz, 14301 MHz, 99 %, 84.67 W, 66, 0x0000000000000400
2026/09/19 19:07:01.021, 2940 MHz, 14301 MHz, 99 %, 84.65 W, 66, 0x0000000000000400
2026/09/19 19:07:01.522, 2940 MHz, 14301 MHz, 99 %, 84.71 W, 66, 0x0000000000000400
2026/09/19 19:07:02.024, 2940 MHz, 14301 MHz, 98 %, 84.83 W, 66, 0x0000000000000400
2026/09/19 19:07:02.527, 2940 MHz, 14301 MHz, 99 %, 85.11 W, 66, 0x0000000000000400
2026/09/19 19:07:03.030, 2940 MHz, 14301 MHz, 99 %, 85.40 W, 66, 0x0000000000000400
2026/09/19 19:07:03.532, 2917 MHz, 14301 MHz, 99 %, 84.43 W, 67, 0x0000000000000400
2026/09/19 19:07:04.046, 2940 MHz, 14301 MHz, 99 %, 84.54 W, 66, 0x0000000000000400
2026/09/19 19:07:04.560, 2940 MHz, 14301 MHz, 98 %, 85.03 W, 66, 0x0000000000000400
2026/09/19 19:07:05.062, 2467 MHz, 14301 MHz, 52 %, 70.34 W, 64, 0x0000000000000400
2026/09/19 19:07:05.575, 2512 MHz, 14301 MHz, 53 %, 57.85 W, 63, 0x0000000000000400
2026/09/19 19:07:06.077, 2467 MHz, 14301 MHz, 52 %, 54.15 W, 64, 0x0000000000000400
2026/09/19 19:07:06.592, 2550 MHz, 14301 MHz, 52 %, 54.21 W, 63, 0x0000000000000400
2026/09/19 19:07:07.106, 2520 MHz, 14301 MHz, 54 %, 55.15 W, 63, 0x0000000000000400
2026/09/19 19:07:07.621, 2550 MHz, 14301 MHz, 53 %, 55.06 W, 63, 0x0000000000000400
2026/09/19 19:07:08.123, 2565 MHz, 14301 MHz, 51 %, 55.10 W, 64, 0x0000000000000400
2026/09/19 19:07:08.638, 2527 MHz, 14301 MHz, 55 %, 55.18 W, 64, 0x0000000000000400
2026/09/19 19:07:09.153, 2535 MHz, 14301 MHz, 51 %, 54.98 W, 63, 0x0000000000000400
2026/09/19 19:07:09.665, 2550 MHz, 14301 MHz, 53 %, 55.28 W, 63, 0x0000000000000400
2026/09/19 19:07:10.179, 2497 MHz, 14301 MHz, 54 %, 55.37 W, 63, 0x0000000000000400
2026/09/19 19:07:10.679, 2542 MHz, 14301 MHz, 53 %, 55.03 W, 63, 0x0000000000000400
2026/09/19 19:07:11.192, 2542 MHz, 14301 MHz, 55 %, 55.18 W, 63, 0x0000000000000400
2026/09/19 19:07:11.694, 2505 MHz, 14301 MHz, 53 %, 55.18 W, 63, 0x0000000000000400
2026/09/19 19:07:12.206, 2572 MHz, 14301 MHz, 54 %, 55.28 W, 63, 0x0000000000000400
2026/09/19 19:07:12.722, 2475 MHz, 14301 MHz, 52 %, 55.04 W, 63, 0x0000000000000400
2026/09/19 19:07:13.222, 2557 MHz, 14301 MHz, 54 %, 54.84 W, 63, 0x0000000000000400
2026/09/19 19:07:13.738, 2505 MHz, 14301 MHz, 57 %, 55.21 W, 63, 0x0000000000000400
2026/09/19 19:07:14.253, 2947 MHz, 14301 MHz, 98 %, 66.08 W, 65, 0x0000000000000400
2026/09/19 19:07:14.755, 2947 MHz, 14301 MHz, 99 %, 78.30 W, 65, 0x0000000000000400
2026/09/19 19:07:15.258, 2940 MHz, 14301 MHz, 98 %, 84.14 W, 66, 0x0000000000000400
2026/09/19 19:07:15.759, 2940 MHz, 14301 MHz, 99 %, 84.37 W, 66, 0x0000000000000400
2026/09/19 19:07:16.260, 2940 MHz, 14301 MHz, 99 %, 84.25 W, 66, 0x0000000000000400
2026/09/19 19:07:16.774, 2940 MHz, 14301 MHz, 99 %, 84.00 W, 66, 0x0000000000000400
2026/09/19 19:07:17.287, 2940 MHz, 14301 MHz, 98 %, 84.12 W, 66, 0x0000000000000400
2026/09/19 19:07:17.790, 2940 MHz, 14301 MHz, 99 %, 84.26 W, 66, 0x0000000000000400
2026/09/19 19:07:18.292, 2940 MHz, 14301 MHz, 99 %, 84.57 W, 66, 0x0000000000000400
2026/09/19 19:07:18.794, 2940 MHz, 14301 MHz, 99 %, 84.47 W, 66, 0x0000000000000400
2026/09/19 19:07:19.296, 2940 MHz, 14301 MHz, 99 %, 84.19 W, 66, 0x0000000000000400
2026/09/19 19:07:19.810, 2940 MHz, 14301 MHz, 99 %, 84.19 W, 66, 0x0000000000000400
2026/09/19 19:07:20.311, 2940 MHz, 14301 MHz, 99 %, 84.39 W, 66, 0x0000000000000400
2026/09/19 19:07:20.816, 2940 MHz, 14301 MHz, 99 %, 84.46 W, 66, 0x0000000000000400
2026/09/19 19:07:21.331, 2940 MHz, 14301 MHz, 92 %, 84.38 W, 66, 0x0000000000000400
2026/09/19 19:07:21.846, 2940 MHz, 14301 MHz, 98 %, 83.75 W, 66, 0x0000000000000400
2026/09/19 19:07:22.361, 2940 MHz, 14301 MHz, 99 %, 83.69 W, 66, 0x0000000000000400
2026/09/19 19:07:22.863, 2940 MHz, 14301 MHz, 99 %, 84.25 W, 66, 0x0000000000000400
2026/09/19 19:07:23.364, 2760 MHz, 14301 MHz, 53 %, 76.49 W, 64, 0x0000000000000400
2026/09/19 19:07:23.878, 2512 MHz, 14301 MHz, 49 %, 54.31 W, 64, 0x0000000000000400
2026/09/19 19:07:24.392, 2550 MHz, 14301 MHz, 55 %, 54.83 W, 63, 0x0000000000000400
2026/09/19 19:07:24.907, 2512 MHz, 14301 MHz, 51 %, 54.67 W, 63, 0x0000000000000400
2026/09/19 19:07:25.422, 2535 MHz, 14301 MHz, 53 %, 54.79 W, 63, 0x0000000000000400
2026/09/19 19:07:25.935, 2512 MHz, 14301 MHz, 55 %, 55.50 W, 64, 0x0000000000000400
2026/09/19 19:07:26.451, 2565 MHz, 14301 MHz, 54 %, 55.46 W, 63, 0x0000000000000400
2026/09/19 19:07:26.966, 2482 MHz, 14301 MHz, 54 %, 55.15 W, 63, 0x0000000000000400
2026/09/19 19:07:27.481, 2527 MHz, 14301 MHz, 50 %, 55.04 W, 63, 0x0000000000000400
2026/09/19 19:07:27.996, 2557 MHz, 14301 MHz, 52 %, 54.92 W, 63, 0x0000000000000400
2026/09/19 19:07:28.497, 2512 MHz, 14301 MHz, 57 %, 55.06 W, 64, 0x0000000000000400
2026/09/19 19:07:29.001, 2572 MHz, 14301 MHz, 54 %, 55.24 W, 63, 0x0000000000000400
2026/09/19 19:07:29.502, 2565 MHz, 14301 MHz, 55 %, 55.25 W, 63, 0x0000000000000400
2026/09/19 19:07:30.015, 2490 MHz, 14301 MHz, 52 %, 54.84 W, 63, 0x0000000000000400
2026/09/19 19:07:30.530, 2565 MHz, 14301 MHz, 53 %, 54.71 W, 63, 0x0000000000000400
2026/09/19 19:07:31.045, 2512 MHz, 14301 MHz, 56 %, 55.16 W, 63, 0x0000000000000400
2026/09/19 19:07:31.549, 2512 MHz, 14301 MHz, 54 %, 55.27 W, 63, 0x0000000000000400
2026/09/19 19:07:32.050, 2580 MHz, 14301 MHz, 99 %, 59.74 W, 65, 0x0000000000000400
2026/09/19 19:07:32.551, 2940 MHz, 14301 MHz, 99 %, 72.12 W, 65, 0x0000000000000400
2026/09/19 19:07:33.063, 2940 MHz, 14301 MHz, 99 %, 83.67 W, 65, 0x0000000000000400
2026/09/19 19:07:33.577, 2940 MHz, 14301 MHz, 99 %, 83.97 W, 66, 0x0000000000000400
2026/09/19 19:07:34.079, 2940 MHz, 14301 MHz, 98 %, 83.89 W, 65, 0x0000000000000400
2026/09/19 19:07:34.593, 2940 MHz, 14301 MHz, 99 %, 83.67 W, 66, 0x0000000000000400
2026/09/19 19:07:35.107, 2940 MHz, 14301 MHz, 98 %, 83.65 W, 66, 0x0000000000000400
2026/09/19 19:07:35.621, 2940 MHz, 14301 MHz, 99 %, 83.89 W, 66, 0x0000000000000400
2026/09/19 19:07:36.121, 2940 MHz, 14301 MHz, 99 %, 83.97 W, 66, 0x0000000000000400
2026/09/19 19:07:36.636, 2940 MHz, 14301 MHz, 99 %, 84.02 W, 66, 0x0000000000000400
2026/09/19 19:07:37.140, 2940 MHz, 14301 MHz, 99 %, 84.29 W, 66, 0x0000000000000400
2026/09/19 19:07:37.653, 2940 MHz, 14301 MHz, 99 %, 84.45 W, 66, 0x0000000000000400
2026/09/19 19:07:38.154, 2940 MHz, 14301 MHz, 99 %, 84.30 W, 66, 0x0000000000000400
2026/09/19 19:07:38.669, 2940 MHz, 14301 MHz, 99 %, 84.18 W, 66, 0x0000000000000400
2026/09/19 19:07:39.182, 2940 MHz, 14301 MHz, 99 %, 84.16 W, 67, 0x0000000000000400
2026/09/19 19:07:39.696, 2940 MHz, 14301 MHz, 99 %, 84.16 W, 66, 0x0000000000000400
2026/09/19 19:07:40.211, 2940 MHz, 14301 MHz, 98 %, 83.50 W, 67, 0x0000000000000400
2026/09/19 19:07:40.727, 2940 MHz, 14301 MHz, 99 %, 83.51 W, 66, 0x0000000000000400
2026/09/19 19:07:41.241, 2940 MHz, 14301 MHz, 99 %, 84.20 W, 66, 0x0000000000000400
2026/09/19 19:07:41.754, 2557 MHz, 14301 MHz, 46 %, 72.53 W, 64, 0x0000000000000400
2026/09/19 19:07:42.270, 2542 MHz, 14301 MHz, 53 %, 58.01 W, 63, 0x0000000000000400
2026/09/19 19:07:42.784, 2520 MHz, 14301 MHz, 51 %, 54.60 W, 64, 0x0000000000000400
2026/09/19 19:07:43.285, 2527 MHz, 14301 MHz, 55 %, 54.68 W, 64, 0x0000000000000400
2026/09/19 19:07:43.788, 2520 MHz, 14301 MHz, 52 %, 54.87 W, 63, 0x0000000000000400
2026/09/19 19:07:44.290, 2535 MHz, 14301 MHz, 56 %, 55.16 W, 63, 0x0000000000000400
2026/09/19 19:07:44.794, 2557 MHz, 14301 MHz, 51 %, 55.20 W, 63, 0x0000000000000400
2026/09/19 19:07:45.309, 2542 MHz, 14301 MHz, 50 %, 54.75 W, 63, 0x0000000000000400
2026/09/19 19:07:45.822, 2505 MHz, 14301 MHz, 51 %, 54.84 W, 63, 0x0000000000000400
2026/09/19 19:07:46.336, 2535 MHz, 14301 MHz, 54 %, 55.09 W, 63, 0x0000000000000400
2026/09/19 19:07:46.852, 2512 MHz, 14301 MHz, 54 %, 55.13 W, 63, 0x0000000000000400
2026/09/19 19:07:47.365, 2490 MHz, 14301 MHz, 52 %, 54.79 W, 63, 0x0000000000000400
2026/09/19 19:07:47.868, 2535 MHz, 14301 MHz, 50 %, 54.69 W, 63, 0x0000000000000400
2026/09/19 19:07:48.385, 2565 MHz, 14301 MHz, 52 %, 54.86 W, 63, 0x0000000000000400
2026/09/19 19:07:48.898, 2527 MHz, 14301 MHz, 54 %, 54.94 W, 62, 0x0000000000000400
2026/09/19 19:07:49.413, 2497 MHz, 14301 MHz, 53 %, 54.46 W, 63, 0x0000000000000400
2026/09/19 19:07:49.926, 2527 MHz, 14301 MHz, 53 %, 54.26 W, 63, 0x0000000000000400
2026/09/19 19:07:50.442, 2790 MHz, 14301 MHz, 99 %, 62.94 W, 64, 0x0000000000000400
2026/09/19 19:07:50.953, 2940 MHz, 14301 MHz, 98 %, 75.41 W, 65, 0x0000000000000400
2026/09/19 19:07:51.467, 2940 MHz, 14301 MHz, 99 %, 83.54 W, 65, 0x0000000000000400
2026/09/19 19:07:51.983, 2940 MHz, 14301 MHz, 99 %, 83.74 W, 65, 0x0000000000000400
2026/09/19 19:07:52.485, 2940 MHz, 14301 MHz, 99 %, 84.00 W, 66, 0x0000000000000400
2026/09/19 19:07:52.999, 2940 MHz, 14301 MHz, 99 %, 84.07 W, 66, 0x0000000000000400
2026/09/19 19:07:53.501, 2940 MHz, 14301 MHz, 99 %, 84.08 W, 66, 0x0000000000000400
2026/09/19 19:07:54.015, 2940 MHz, 14301 MHz, 99 %, 84.12 W, 66, 0x0000000000000400
2026/09/19 19:07:54.531, 2940 MHz, 14301 MHz, 99 %, 84.32 W, 66, 0x0000000000000400
2026/09/19 19:07:55.044, 2940 MHz, 14301 MHz, 99 %, 84.41 W, 66, 0x0000000000000400
2026/09/19 19:07:55.546, 2940 MHz, 14301 MHz, 99 %, 84.30 W, 66, 0x0000000000000400
2026/09/19 19:07:56.060, 2947 MHz, 14301 MHz, 99 %, 83.91 W, 66, 0x0000000000000400
2026/09/19 19:07:56.575, 2947 MHz, 14301 MHz, 99 %, 83.73 W, 66, 0x0000000000000400
2026/09/19 19:07:57.076, 2940 MHz, 14301 MHz, 99 %, 84.03 W, 66, 0x0000000000000400
2026/09/19 19:07:57.592, 2940 MHz, 14301 MHz, 99 %, 84.25 W, 66, 0x0000000000000400
2026/09/19 19:07:58.105, 2940 MHz, 14301 MHz, 99 %, 84.29 W, 66, 0x0000000000000400
2026/09/19 19:07:58.606, 2940 MHz, 14301 MHz, 74 %, 83.51 W, 65, 0x0000000000000400
2026/09/19 19:07:59.107, 2940 MHz, 14301 MHz, 99 %, 83.23 W, 66, 0x0000000000000400
2026/09/19 19:07:59.608, 2940 MHz, 14301 MHz, 98 %, 84.05 W, 66, 0x0000000000000400
2026/09/19 19:08:00.122, 2692 MHz, 14301 MHz, 50 %, 75.20 W, 64, 0x0000000000000400
2026/09/19 19:08:00.636, 2550 MHz, 14301 MHz, 53 %, 59.88 W, 64, 0x0000000000000400
2026/09/19 19:08:01.150, 2527 MHz, 14301 MHz, 52 %, 55.03 W, 63, 0x0000000000000400
2026/09/19 19:08:01.665, 2527 MHz, 14301 MHz, 51 %, 54.93 W, 63, 0x0000000000000400
2026/09/19 19:08:02.180, 2535 MHz, 14301 MHz, 52 %, 54.97 W, 63, 0x0000000000000400
2026/09/19 19:08:02.693, 2535 MHz, 14301 MHz, 52 %, 55.12 W, 64, 0x0000000000000400
2026/09/19 19:08:03.208, 2512 MHz, 14301 MHz, 52 %, 54.94 W, 63, 0x0000000000000400
2026/09/19 19:08:03.708, 2550 MHz, 14301 MHz, 52 %, 55.01 W, 63, 0x0000000000000400
2026/09/19 19:08:04.223, 2475 MHz, 14301 MHz, 52 %, 54.74 W, 63, 0x0000000000000400
2026/09/19 19:08:04.739, 2580 MHz, 14301 MHz, 44 %, 54.24 W, 63, 0x0000000000000400
2026/09/19 19:08:05.240, 2445 MHz, 14301 MHz, 54 %, 53.20 W, 63, 0x0000000000000400
2026/09/19 19:08:05.755, 2490 MHz, 14301 MHz, 47 %, 51.75 W, 63, 0x0000000000000400
2026/09/19 19:08:06.270, 2505 MHz, 14301 MHz, 50 %, 52.25 W, 63, 0x0000000000000400
2026/09/19 19:08:06.773, 2505 MHz, 14301 MHz, 48 %, 52.48 W, 62, 0x0000000000000400
2026/09/19 19:08:07.287, 2490 MHz, 14301 MHz, 48 %, 52.60 W, 63, 0x0000000000000400
2026/09/19 19:08:07.788, 2460 MHz, 14301 MHz, 48 %, 52.23 W, 63, 0x0000000000000400
2026/09/19 19:08:08.289, 2475 MHz, 14301 MHz, 38 %, 51.98 W, 63, 0x0000000000000400
2026/09/19 19:08:08.801, 2505 MHz, 14301 MHz, 46 %, 51.95 W, 63, 0x0000000000000400
2026/09/19 19:08:09.316, 2460 MHz, 14301 MHz, 51 %, 51.93 W, 62, 0x0000000000000400
2026/09/19 19:08:09.831, 2895 MHz, 14301 MHz, 98 %, 63.07 W, 64, 0x0000000000000400
2026/09/19 19:08:10.334, 2955 MHz, 14301 MHz, 99 %, 78.80 W, 65, 0x0000000000000400
2026/09/19 19:08:10.837, 2880 MHz, 14301 MHz, 97 %, 82.27 W, 66, 0x0000000000000400
2026/09/19 19:08:11.339, 2917 MHz, 14301 MHz, 99 %, 81.27 W, 65, 0x0000000000000400
2026/09/19 19:08:11.853, 2940 MHz, 14301 MHz, 99 %, 81.92 W, 65, 0x0000000000000400
2026/09/19 19:08:12.354, 2940 MHz, 14301 MHz, 99 %, 83.04 W, 65, 0x0000000000000400
2026/09/19 19:08:12.868, 2947 MHz, 14301 MHz, 93 %, 82.74 W, 65, 0x0000000000000400
2026/09/19 19:08:13.383, 2857 MHz, 14301 MHz, 84 %, 78.80 W, 65, 0x0000000000000400
2026/09/19 19:08:13.896, 2895 MHz, 14301 MHz, 88 %, 79.00 W, 65, 0x0000000000000400
2026/09/19 19:08:14.397, 2940 MHz, 14301 MHz, 99 %, 81.65 W, 66, 0x0000000000000400
2026/09/19 19:08:14.910, 2940 MHz, 14301 MHz, 99 %, 83.29 W, 66, 0x0000000000000400
2026/09/19 19:08:15.424, 2940 MHz, 14301 MHz, 99 %, 84.24 W, 66, 0x0000000000000400
2026/09/19 19:08:15.939, 2940 MHz, 14301 MHz, 99 %, 84.43 W, 66, 0x0000000000000400
2026/09/19 19:08:16.454, 2940 MHz, 14301 MHz, 98 %, 84.65 W, 66, 0x0000000000000400
2026/09/19 19:08:16.955, 2940 MHz, 14301 MHz, 99 %, 84.63 W, 66, 0x0000000000000400
2026/09/19 19:08:17.468, 2940 MHz, 14301 MHz, 99 %, 84.58 W, 66, 0x0000000000000400
2026/09/19 19:08:17.984, 2940 MHz, 14301 MHz, 99 %, 84.31 W, 66, 0x0000000000000400
2026/09/19 19:08:18.499, 2940 MHz, 14301 MHz, 98 %, 83.88 W, 66, 0x0000000000000400
2026/09/19 19:08:19.014, 2445 MHz, 14301 MHz, 54 %, 70.24 W, 64, 0x0000000000000400
2026/09/19 19:08:19.524, 2527 MHz, 14301 MHz, 51 %, 57.97 W, 63, 0x0000000000000400
2026/09/19 19:08:20.025, 2460 MHz, 14301 MHz, 51 %, 54.24 W, 64, 0x0000000000000400
2026/09/19 19:08:20.538, 2512 MHz, 14301 MHz, 51 %, 54.50 W, 63, 0x0000000000000400
2026/09/19 19:08:21.039, 2535 MHz, 14301 MHz, 53 %, 54.93 W, 63, 0x0000000000000400
2026/09/19 19:08:21.540, 2452 MHz, 14301 MHz, 53 %, 54.81 W, 63, 0x0000000000000400
2026/09/19 19:08:22.042, 2557 MHz, 14301 MHz, 56 %, 54.98 W, 63, 0x0000000000000400
2026/09/19 19:08:22.544, 2542 MHz, 14301 MHz, 53 %, 55.28 W, 63, 0x0000000000000400
2026/09/19 19:08:23.058, 2497 MHz, 14301 MHz, 53 %, 54.86 W, 63, 0x0000000000000400
2026/09/19 19:08:23.572, 2572 MHz, 14301 MHz, 57 %, 54.94 W, 63, 0x0000000000000400
2026/09/19 19:08:24.073, 2497 MHz, 14301 MHz, 55 %, 55.55 W, 63, 0x0000000000000400
2026/09/19 19:08:24.587, 2520 MHz, 14301 MHz, 51 %, 54.92 W, 63, 0x0000000000000400
2026/09/19 19:08:25.100, 2527 MHz, 14301 MHz, 54 %, 54.96 W, 63, 0x0000000000000400
2026/09/19 19:08:25.601, 2565 MHz, 14301 MHz, 50 %, 55.04 W, 63, 0x0000000000000400
2026/09/19 19:08:26.113, 2572 MHz, 14301 MHz, 53 %, 55.17 W, 62, 0x0000000000000400
2026/09/19 19:08:26.629, 2527 MHz, 14301 MHz, 53 %, 54.77 W, 62, 0x0000000000000400
2026/09/19 19:08:27.142, 2512 MHz, 14301 MHz, 55 %, 54.70 W, 63, 0x0000000000000400
2026/09/19 19:08:27.643, 2535 MHz, 14301 MHz, 52 %, 54.74 W, 63, 0x0000000000000400
2026/09/19 19:08:28.158, 2820 MHz, 14301 MHz, 99 %, 63.70 W, 65, 0x0000000000000400
2026/09/19 19:08:28.659, 2955 MHz, 14301 MHz, 99 %, 76.36 W, 65, 0x0000000000000400
2026/09/19 19:08:29.160, 2947 MHz, 14301 MHz, 99 %, 84.12 W, 65, 0x0000000000000400
2026/09/19 19:08:29.663, 2947 MHz, 14301 MHz, 98 %, 83.99 W, 66, 0x0000000000000400
2026/09/19 19:08:30.177, 2947 MHz, 14301 MHz, 99 %, 83.83 W, 66, 0x0000000000000400
2026/09/19 19:08:30.679, 2947 MHz, 14301 MHz, 99 %, 83.90 W, 66, 0x0000000000000400
2026/09/19 19:08:31.180, 2940 MHz, 14301 MHz, 99 %, 84.03 W, 66, 0x0000000000000400
2026/09/19 19:08:31.682, 2940 MHz, 14301 MHz, 99 %, 84.14 W, 66, 0x0000000000000400
2026/09/19 19:08:32.193, 2940 MHz, 14301 MHz, 99 %, 84.20 W, 66, 0x0000000000000400
2026/09/19 19:08:32.693, 2940 MHz, 14301 MHz, 99 %, 84.21 W, 66, 0x0000000000000400
2026/09/19 19:08:33.194, 2940 MHz, 14301 MHz, 99 %, 84.17 W, 66, 0x0000000000000400
2026/09/19 19:08:33.709, 2940 MHz, 14301 MHz, 99 %, 84.22 W, 66, 0x0000000000000400
2026/09/19 19:08:34.224, 2940 MHz, 14301 MHz, 99 %, 84.12 W, 66, 0x0000000000000400
2026/09/19 19:08:34.736, 2940 MHz, 14301 MHz, 99 %, 84.18 W, 66, 0x0000000000000400
2026/09/19 19:08:35.237, 2940 MHz, 14301 MHz, 98 %, 84.31 W, 66, 0x0000000000000400
2026/09/19 19:08:35.739, 2947 MHz, 14301 MHz, 99 %, 84.28 W, 66, 0x0000000000000400
2026/09/19 19:08:36.242, 2917 MHz, 14301 MHz, 99 %, 83.46 W, 66, 0x0000000000000400
2026/09/19 19:08:36.744, 2940 MHz, 14301 MHz, 99 %, 83.51 W, 66, 0x0000000000000400
2026/09/19 19:08:37.248, 2947 MHz, 14301 MHz, 99 %, 84.01 W, 66, 0x0000000000000400
2026/09/19 19:08:37.763, 2490 MHz, 14301 MHz, 51 %, 71.57 W, 64, 0x0000000000000400
2026/09/19 19:08:38.265, 2475 MHz, 14301 MHz, 53 %, 58.80 W, 63, 0x0000000000000400
2026/09/19 19:08:38.776, 2565 MHz, 14301 MHz, 51 %, 53.95 W, 63, 0x0000000000000400
2026/09/19 19:08:39.290, 2490 MHz, 14301 MHz, 57 %, 54.88 W, 64, 0x0000000000000400
2026/09/19 19:08:39.806, 2542 MHz, 14301 MHz, 52 %, 54.88 W, 63, 0x0000000000000400
2026/09/19 19:08:40.319, 2535 MHz, 14301 MHz, 52 %, 54.59 W, 63, 0x0000000000000400
2026/09/19 19:08:40.833, 2535 MHz, 14301 MHz, 53 %, 54.79 W, 63, 0x0000000000000400
2026/09/19 19:08:41.347, 2527 MHz, 14301 MHz, 54 %, 55.00 W, 63, 0x0000000000000400
2026/09/19 19:08:41.863, 2490 MHz, 14301 MHz, 54 %, 54.82 W, 63, 0x0000000000000400
2026/09/19 19:08:42.377, 2535 MHz, 14301 MHz, 55 %, 55.24 W, 63, 0x0000000000000400
2026/09/19 19:08:42.892, 2535 MHz, 14301 MHz, 51 %, 54.82 W, 63, 0x0000000000000400
2026/09/19 19:08:43.393, 2512 MHz, 14301 MHz, 53 %, 54.71 W, 63, 0x0000000000000400
2026/09/19 19:08:43.894, 2572 MHz, 14301 MHz, 51 %, 54.52 W, 63, 0x0000000000000400
2026/09/19 19:08:44.410, 2505 MHz, 14301 MHz, 56 %, 54.44 W, 63, 0x0000000000000400
2026/09/19 19:08:44.923, 2520 MHz, 14301 MHz, 52 %, 54.41 W, 63, 0x0000000000000400
2026/09/19 19:08:45.426, 2475 MHz, 14301 MHz, 58 %, 54.00 W, 63, 0x0000000000000400
2026/09/19 19:08:45.940, 2520 MHz, 14301 MHz, 56 %, 54.52 W, 62, 0x0000000000000400
2026/09/19 19:08:46.455, 2497 MHz, 14301 MHz, 93 %, 57.18 W, 64, 0x0000000000000400
2026/09/19 19:08:46.970, 2955 MHz, 14301 MHz, 99 %, 71.18 W, 65, 0x0000000000000400
2026/09/19 19:08:47.470, 2955 MHz, 14301 MHz, 99 %, 83.21 W, 65, 0x0000000000000400
2026/09/19 19:08:47.974, 2947 MHz, 14301 MHz, 99 %, 83.62 W, 65, 0x0000000000000400
2026/09/19 19:08:48.474, 2940 MHz, 14301 MHz, 99 %, 83.56 W, 65, 0x0000000000000400
2026/09/19 19:08:48.974, 2940 MHz, 14301 MHz, 99 %, 83.29 W, 65, 0x0000000000000400
2026/09/19 19:08:49.489, 2940 MHz, 14301 MHz, 99 %, 83.06 W, 66, 0x0000000000000400
2026/09/19 19:08:49.992, 2940 MHz, 14301 MHz, 99 %, 83.03 W, 66, 0x0000000000000400
2026/09/19 19:08:50.504, 2940 MHz, 14301 MHz, 98 %, 83.24 W, 66, 0x0000000000000400
2026/09/19 19:08:51.004, 2940 MHz, 14301 MHz, 99 %, 83.62 W, 66, 0x0000000000000400
2026/09/19 19:08:51.511, 2940 MHz, 14301 MHz, 99 %, 84.08 W, 66, 0x0000000000000400
2026/09/19 19:08:52.015, 2940 MHz, 14301 MHz, 99 %, 83.93 W, 66, 0x0000000000000400
2026/09/19 19:08:52.517, 2940 MHz, 14301 MHz, 99 %, 83.57 W, 66, 0x0000000000000400
2026/09/19 19:08:53.017, 2940 MHz, 14301 MHz, 99 %, 83.17 W, 66, 0x0000000000000400
2026/09/19 19:08:53.533, 2940 MHz, 14301 MHz, 99 %, 83.47 W, 66, 0x0000000000000400
2026/09/19 19:08:54.033, 2940 MHz, 14301 MHz, 98 %, 83.82 W, 66, 0x0000000000000400
2026/09/19 19:08:54.548, 2940 MHz, 14301 MHz, 85 %, 83.45 W, 66, 0x0000000000000400
2026/09/19 19:08:55.062, 2940 MHz, 14301 MHz, 99 %, 83.51 W, 66, 0x0000000000000400
2026/09/19 19:08:55.576, 2940 MHz, 14301 MHz, 99 %, 83.38 W, 66, 0x0000000000000400
2026/09/19 19:08:56.090, 2910 MHz, 14301 MHz, 51 %, 78.54 W, 65, 0x0000000000000400
2026/09/19 19:08:56.591, 2505 MHz, 14301 MHz, 48 %, 63.85 W, 64, 0x0000000000000400
2026/09/19 19:08:57.091, 2557 MHz, 14301 MHz, 49 %, 54.31 W, 63, 0x0000000000000400
2026/09/19 19:08:57.593, 2497 MHz, 14301 MHz, 50 %, 54.54 W, 64, 0x0000000000000400
2026/09/19 19:08:58.094, 2497 MHz, 14301 MHz, 52 %, 54.31 W, 63, 0x0000000000000400
2026/09/19 19:08:58.596, 2527 MHz, 14301 MHz, 56 %, 54.82 W, 63, 0x0000000000000400
2026/09/19 19:08:59.109, 2512 MHz, 14301 MHz, 51 %, 54.50 W, 63, 0x0000000000000400
2026/09/19 19:08:59.622, 2497 MHz, 14301 MHz, 56 %, 54.79 W, 63, 0x0000000000000400
2026/09/19 19:09:00.124, 2490 MHz, 14301 MHz, 49 %, 54.82 W, 63, 0x0000000000000400
2026/09/19 19:09:00.639, 2490 MHz, 14301 MHz, 52 %, 54.40 W, 63, 0x0000000000000400
2026/09/19 19:09:01.141, 2527 MHz, 14301 MHz, 52 %, 54.45 W, 63, 0x0000000000000400
2026/09/19 19:09:01.656, 2512 MHz, 14301 MHz, 54 %, 54.52 W, 62, 0x0000000000000400
2026/09/19 19:09:02.171, 2467 MHz, 14301 MHz, 52 %, 54.22 W, 63, 0x0000000000000400
2026/09/19 19:09:02.684, 2535 MHz, 14301 MHz, 54 %, 54.28 W, 63, 0x0000000000000400
2026/09/19 19:09:03.199, 2505 MHz, 14301 MHz, 52 %, 54.81 W, 63, 0x0000000000000400
2026/09/19 19:09:03.700, 2490 MHz, 14301 MHz, 55 %, 54.49 W, 62, 0x0000000000000400
2026/09/19 19:09:04.215, 2490 MHz, 14301 MHz, 52 %, 54.41 W, 63, 0x0000000000000400
2026/09/19 19:09:04.730, 2550 MHz, 14301 MHz, 51 %, 54.45 W, 63, 0x0000000000000400
2026/09/19 19:09:05.231, 2550 MHz, 14301 MHz, 53 %, 54.92 W, 62, 0x0000000000000400
2026/09/19 19:09:05.744, 2812 MHz, 14301 MHz, 98 %, 62.27 W, 65, 0x0000000000000400
2026/09/19 19:09:06.246, 2955 MHz, 14301 MHz, 99 %, 75.43 W, 65, 0x0000000000000400
2026/09/19 19:09:06.748, 2947 MHz, 14301 MHz, 99 %, 83.58 W, 65, 0x0000000000000400
2026/09/19 19:09:07.261, 2940 MHz, 14301 MHz, 99 %, 83.50 W, 66, 0x0000000000000400
2026/09/19 19:09:07.777, 2940 MHz, 14301 MHz, 99 %, 83.53 W, 66, 0x0000000000000400
2026/09/19 19:09:08.277, 2940 MHz, 14301 MHz, 99 %, 83.39 W, 66, 0x0000000000000400
2026/09/19 19:09:08.791, 2940 MHz, 14301 MHz, 99 %, 83.27 W, 66, 0x0000000000000400
2026/09/19 19:09:09.305, 2940 MHz, 14301 MHz, 99 %, 83.52 W, 66, 0x0000000000000400
2026/09/19 19:09:09.807, 2947 MHz, 14301 MHz, 98 %, 83.79 W, 66, 0x0000000000000400
2026/09/19 19:09:10.307, 2940 MHz, 14301 MHz, 99 %, 84.07 W, 66, 0x0000000000000400
2026/09/19 19:09:10.809, 2940 MHz, 14301 MHz, 99 %, 84.03 W, 66, 0x0000000000000400
2026/09/19 19:09:11.310, 2940 MHz, 14301 MHz, 99 %, 83.72 W, 66, 0x0000000000000400
2026/09/19 19:09:11.815, 2857 MHz, 14301 MHz, 2 %, 74.51 W, 63, 0x0000000000000400
2026/09/19 19:09:12.321, 1665 MHz, 14301 MHz, 1 %, 45.86 W, 61, 0x0000000000000400
2026/09/19 19:09:12.825, 1642 MHz, 14301 MHz, 2 %, 25.52 W, 60, 0x0000000000000400
2026/09/19 19:09:13.330, 1642 MHz, 14301 MHz, 1 %, 24.90 W, 60, 0x0000000000000400
2026/09/19 19:09:13.835, 1650 MHz, 14301 MHz, 1 %, 24.77 W, 60, 0x0000000000000400
2026/09/19 19:09:14.340, 1650 MHz, 14301 MHz, 2 %, 24.56 W, 59, 0x0000000000000400
2026/09/19 19:09:14.843, 1635 MHz, 14301 MHz, 1 %, 24.41 W, 59, 0x0000000000000400
2026/09/19 19:09:15.347, 1650 MHz, 14301 MHz, 2 %, 24.55 W, 59, 0x0000000000000400
2026/09/19 19:09:15.852, 1650 MHz, 14301 MHz, 1 %, 24.59 W, 59, 0x0000000000000400
2026/09/19 19:09:16.360, 1650 MHz, 14301 MHz, 1 %, 24.54 W, 59, 0x0000000000000400
