timestamp, clocks.current.sm [MHz], clocks.current.memory [MHz], utilization.gpu [%], power.draw [W], temperature.gpu, clocks_event_reasons.active
2026/09/19 20:52:40.119, 1650 MHz, 14301 MHz, 2 %, 22.81 W, 50, 0x0000000000000400
2026/09/19 20:52:40.624, 1635 MHz, 14301 MHz, 2 %, 22.74 W, 50, 0x0000000000000400
2026/09/19 20:52:41.129, 1702 MHz, 14301 MHz, 4 %, 23.56 W, 50, 0x0000000000000400
2026/09/19 20:52:41.634, 1680 MHz, 14301 MHz, 1 %, 23.52 W, 50, 0x0000000000000400
2026/09/19 20:52:42.138, 1642 MHz, 14301 MHz, 1 %, 22.79 W, 50, 0x0000000000000400
2026/09/19 20:52:42.645, 1642 MHz, 14301 MHz, 2 %, 22.85 W, 50, 0x0000000000000400
2026/09/19 20:52:43.151, 1642 MHz, 14301 MHz, 2 %, 22.87 W, 50, 0x0000000000000400
2026/09/19 20:52:43.672, 1620 MHz, 14301 MHz, 1 %, 22.88 W, 51, 0x0000000000000400
2026/09/19 20:52:44.177, 1665 MHz, 14301 MHz, 2 %, 22.94 W, 50, 0x0000000000000400
2026/09/19 20:52:44.682, 1635 MHz, 14301 MHz, 2 %, 22.88 W, 51, 0x0000000000000400
2026/09/19 20:52:45.187, 1635 MHz, 14301 MHz, 1 %, 22.96 W, 51, 0x0000000000000400
2026/09/19 20:52:45.691, 1650 MHz, 14301 MHz, 2 %, 23.01 W, 51, 0x0000000000000400
2026/09/19 20:52:46.193, 1665 MHz, 14301 MHz, 2 %, 22.93 W, 51, 0x0000000000000400
2026/09/19 20:52:46.700, 1635 MHz, 14301 MHz, 3 %, 22.94 W, 51, 0x0000000000000400
2026/09/19 20:52:47.200, 1785 MHz, 14301 MHz, 9 %, 24.48 W, 51, 0x0000000000000400
2026/09/19 20:52:47.708, 1657 MHz, 14301 MHz, 2 %, 24.91 W, 51, 0x0000000000000400
2026/09/19 20:52:48.212, 1650 MHz, 14301 MHz, 1 %, 24.14 W, 51, 0x0000000000000400
2026/09/19 20:52:48.714, 2302 MHz, 14301 MHz, 32 %, 34.96 W, 53, 0x0000000000000400
2026/09/19 20:52:49.218, 2047 MHz, 14301 MHz, 16 %, 42.45 W, 53, 0x0000000000000400
2026/09/19 20:52:49.718, 2002 MHz, 14301 MHz, 15 %, 42.30 W, 54, 0x0000000000000400
2026/09/19 20:52:50.231, 2025 MHz, 14301 MHz, 15 %, 41.33 W, 54, 0x0000000000000400
2026/09/19 20:52:50.734, 2040 MHz, 14301 MHz, 19 %, 41.84 W, 53, 0x0000000000000400
2026/09/19 20:52:51.234, 1995 MHz, 14301 MHz, 14 %, 41.71 W, 54, 0x0000000000000400
2026/09/19 20:52:51.740, 2812 MHz, 14301 MHz, 96 %, 53.08 W, 56, 0x0000000000000400
2026/09/19 20:52:52.241, 2947 MHz, 14301 MHz, 98 %, 71.55 W, 57, 0x0000000000000400
2026/09/19 20:52:52.743, 2955 MHz, 14301 MHz, 98 %, 82.35 W, 58, 0x0000000000000400
2026/09/19 20:52:53.247, 2962 MHz, 14301 MHz, 98 %, 79.44 W, 58, 0x0000000000000400
2026/09/19 20:52:53.749, 2955 MHz, 14301 MHz, 99 %, 76.93 W, 58, 0x0000000000000400
2026/09/19 20:52:54.255, 2962 MHz, 14301 MHz, 99 %, 76.08 W, 58, 0x0000000000000400
2026/09/19 20:52:54.756, 2962 MHz, 14301 MHz, 99 %, 76.38 W, 58, 0x0000000000000400
2026/09/19 20:52:55.271, 2955 MHz, 14301 MHz, 99 %, 76.48 W, 58, 0x0000000000000400
2026/09/19 20:52:55.773, 2962 MHz, 14301 MHz, 98 %, 76.46 W, 59, 0x0000000000000400
2026/09/19 20:52:56.274, 2962 MHz, 14301 MHz, 99 %, 76.04 W, 59, 0x0000000000000400
2026/09/19 20:52:56.777, 2962 MHz, 14301 MHz, 99 %, 76.10 W, 59, 0x0000000000000400
2026/09/19 20:52:57.279, 2962 MHz, 14301 MHz, 99 %, 76.16 W, 59, 0x0000000000000400
2026/09/19 20:52:57.781, 2962 MHz, 14301 MHz, 99 %, 76.24 W, 59, 0x0000000000000400
2026/09/19 20:52:58.295, 2962 MHz, 14301 MHz, 99 %, 76.32 W, 59, 0x0000000000000400
2026/09/19 20:52:58.796, 2962 MHz, 14301 MHz, 99 %, 76.28 W, 59, 0x0000000000000400
2026/09/19 20:52:59.297, 2962 MHz, 14301 MHz, 99 %, 76.32 W, 60, 0x0000000000000400
2026/09/19 20:52:59.800, 2962 MHz, 14301 MHz, 99 %, 76.18 W, 60, 0x0000000000000400
2026/09/19 20:53:00.301, 2962 MHz, 14301 MHz, 99 %, 76.40 W, 60, 0x0000000000000400
2026/09/19 20:53:00.804, 2962 MHz, 14301 MHz, 99 %, 76.57 W, 60, 0x0000000000000400
2026/09/19 20:53:01.305, 2962 MHz, 14301 MHz, 99 %, 76.68 W, 60, 0x0000000000000400
2026/09/19 20:53:01.810, 2962 MHz, 14301 MHz, 99 %, 76.73 W, 60, 0x0000000000000400
2026/09/19 20:53:02.313, 2962 MHz, 14301 MHz, 99 %, 76.69 W, 61, 0x0000000000000400
2026/09/19 20:53:02.813, 2962 MHz, 14301 MHz, 99 %, 76.53 W, 60, 0x0000000000000400
2026/09/19 20:53:03.316, 2962 MHz, 14301 MHz, 99 %, 76.55 W, 61, 0x0000000000000400
2026/09/19 20:53:03.831, 2962 MHz, 14301 MHz, 99 %, 76.76 W, 61, 0x0000000000000400
2026/09/19 20:53:04.348, 2962 MHz, 14301 MHz, 99 %, 76.94 W, 61, 0x0000000000000400
2026/09/19 20:53:04.848, 2962 MHz, 14301 MHz, 99 %, 77.06 W, 61, 0x0000000000000400
2026/09/19 20:53:05.353, 2962 MHz, 14301 MHz, 99 %, 77.21 W, 61, 0x0000000000000400
2026/09/19 20:53:05.867, 2962 MHz, 14301 MHz, 99 %, 77.41 W, 62, 0x0000000000000400
2026/09/19 20:53:06.367, 2962 MHz, 14301 MHz, 99 %, 77.66 W, 62, 0x0000000000000400
2026/09/19 20:53:06.869, 2962 MHz, 14301 MHz, 99 %, 77.59 W, 61, 0x0000000000000400
2026/09/19 20:53:07.384, 2962 MHz, 14301 MHz, 99 %, 77.93 W, 62, 0x0000000000000400
2026/09/19 20:53:07.886, 2722 MHz, 14301 MHz, 81 %, 75.86 W, 62, 0x0000000000000400
2026/09/19 20:53:08.390, 2940 MHz, 14301 MHz, 89 %, 75.32 W, 61, 0x0000000000000400
2026/09/19 20:53:08.895, 2940 MHz, 14301 MHz, 91 %, 76.40 W, 62, 0x0000000000000400
2026/09/19 20:53:09.397, 2940 MHz, 14301 MHz, 99 %, 77.50 W, 62, 0x0000000000000400
2026/09/19 20:53:09.897, 2962 MHz, 14301 MHz, 99 %, 77.60 W, 62, 0x0000000000000400
2026/09/19 20:53:10.413, 2910 MHz, 14301 MHz, 97 %, 77.29 W, 63, 0x0000000000000400
2026/09/19 20:53:10.914, 2947 MHz, 14301 MHz, 97 %, 77.69 W, 62, 0x0000000000000400
2026/09/19 20:53:11.418, 2902 MHz, 14301 MHz, 96 %, 78.26 W, 63, 0x0000000000000400
2026/09/19 20:53:11.932, 2925 MHz, 14301 MHz, 94 %, 78.31 W, 62, 0x0000000000000400
2026/09/19 20:53:12.433, 2932 MHz, 14301 MHz, 92 %, 78.02 W, 62, 0x0000000000000400
2026/09/19 20:53:12.933, 2932 MHz, 14301 MHz, 94 %, 77.46 W, 62, 0x0000000000000400
2026/09/19 20:53:13.448, 2932 MHz, 14301 MHz, 97 %, 77.81 W, 63, 0x0000000000000400
2026/09/19 20:53:13.964, 2910 MHz, 14301 MHz, 99 %, 77.60 W, 63, 0x0000000000000400
2026/09/19 20:53:14.465, 2925 MHz, 14301 MHz, 88 %, 77.10 W, 62, 0x0000000000000400
2026/09/19 20:53:14.967, 2925 MHz, 14301 MHz, 91 %, 77.40 W, 62, 0x0000000000000400
2026/09/19 20:53:15.469, 2932 MHz, 14301 MHz, 94 %, 78.13 W, 63, 0x0000000000000400
2026/09/19 20:53:15.972, 2910 MHz, 14301 MHz, 96 %, 78.22 W, 63, 0x0000000000000400
2026/09/19 20:53:16.474, 2947 MHz, 14301 MHz, 97 %, 78.36 W, 63, 0x0000000000000400
2026/09/19 20:53:16.978, 2940 MHz, 14301 MHz, 98 %, 79.06 W, 63, 0x0000000000000400
2026/09/19 20:53:17.482, 2925 MHz, 14301 MHz, 92 %, 78.92 W, 63, 0x0000000000000400
2026/09/19 20:53:17.982, 2940 MHz, 14301 MHz, 93 %, 78.61 W, 63, 0x0000000000000400
2026/09/19 20:53:18.487, 2932 MHz, 14301 MHz, 96 %, 78.96 W, 63, 0x0000000000000400
2026/09/19 20:53:18.991, 2917 MHz, 14301 MHz, 94 %, 79.19 W, 63, 0x0000000000000400
2026/09/19 20:53:19.493, 2955 MHz, 14301 MHz, 99 %, 79.65 W, 63, 0x0000000000000400
2026/09/19 20:53:19.999, 2925 MHz, 14301 MHz, 98 %, 79.60 W, 63, 0x0000000000000400
2026/09/19 20:53:20.505, 2940 MHz, 14301 MHz, 99 %, 79.51 W, 63, 0x0000000000000400
2026/09/19 20:53:21.007, 2917 MHz, 14301 MHz, 95 %, 79.00 W, 63, 0x0000000000000400
2026/09/19 20:53:21.512, 2932 MHz, 14301 MHz, 89 %, 78.90 W, 63, 0x0000000000000400
2026/09/19 20:53:22.017, 2932 MHz, 14301 MHz, 95 %, 79.27 W, 64, 0x0000000000000400
2026/09/19 20:53:22.521, 2917 MHz, 14301 MHz, 95 %, 79.81 W, 63, 0x0000000000000400
2026/09/19 20:53:23.024, 2925 MHz, 14301 MHz, 94 %, 80.13 W, 63, 0x0000000000000400
2026/09/19 20:53:23.527, 2955 MHz, 14301 MHz, 98 %, 80.76 W, 64, 0x0000000000000400
2026/09/19 20:53:24.034, 2955 MHz, 14301 MHz, 98 %, 80.87 W, 64, 0x0000000000000400
2026/09/19 20:53:24.538, 2932 MHz, 14301 MHz, 96 %, 80.26 W, 64, 0x0000000000000400
2026/09/19 20:53:25.052, 2955 MHz, 14301 MHz, 98 %, 80.36 W, 64, 0x0000000000000400
2026/09/19 20:53:25.565, 2932 MHz, 14301 MHz, 96 %, 80.71 W, 63, 0x0000000000000400
2026/09/19 20:53:26.067, 2925 MHz, 14301 MHz, 93 %, 80.42 W, 64, 0x0000000000000400
2026/09/19 20:53:26.580, 2955 MHz, 14301 MHz, 95 %, 80.25 W, 64, 0x0000000000000400
2026/09/19 20:53:27.081, 2917 MHz, 14301 MHz, 92 %, 79.76 W, 64, 0x0000000000000400
2026/09/19 20:53:27.583, 2932 MHz, 14301 MHz, 99 %, 79.46 W, 64, 0x0000000000000400
2026/09/19 20:53:28.087, 2955 MHz, 14301 MHz, 99 %, 79.19 W, 64, 0x0000000000000400
2026/09/19 20:53:28.590, 2940 MHz, 14301 MHz, 98 %, 79.08 W, 64, 0x0000000000000400
2026/09/19 20:53:29.093, 2947 MHz, 14301 MHz, 99 %, 78.92 W, 64, 0x0000000000000400
2026/09/19 20:53:29.594, 2947 MHz, 14301 MHz, 95 %, 79.11 W, 64, 0x0000000000000400
2026/09/19 20:53:30.110, 2917 MHz, 14301 MHz, 99 %, 78.64 W, 63, 0x0000000000000400
2026/09/19 20:53:30.626, 2910 MHz, 14301 MHz, 98 %, 77.56 W, 64, 0x0000000000000400
2026/09/19 20:53:31.128, 2955 MHz, 14301 MHz, 96 %, 77.63 W, 64, 0x0000000000000400
2026/09/19 20:53:31.633, 2925 MHz, 14301 MHz, 94 %, 77.83 W, 63, 0x0000000000000400
2026/09/19 20:53:32.148, 2917 MHz, 14301 MHz, 89 %, 76.94 W, 63, 0x0000000000000400
2026/09/19 20:53:32.650, 2917 MHz, 14301 MHz, 99 %, 77.00 W, 63, 0x0000000000000400
2026/09/19 20:53:33.153, 2932 MHz, 14301 MHz, 95 %, 77.44 W, 64, 0x0000000000000400
2026/09/19 20:53:33.665, 2902 MHz, 14301 MHz, 94 %, 76.60 W, 63, 0x0000000000000400
2026/09/19 20:53:34.180, 2962 MHz, 14301 MHz, 99 %, 77.31 W, 64, 0x0000000000000400
2026/09/19 20:53:34.684, 2932 MHz, 14301 MHz, 94 %, 78.11 W, 64, 0x0000000000000400
2026/09/19 20:53:35.197, 2955 MHz, 14301 MHz, 99 %, 78.31 W, 64, 0x0000000000000400
2026/09/19 20:53:35.699, 2962 MHz, 14301 MHz, 98 %, 78.78 W, 64, 0x0000000000000400
2026/09/19 20:53:36.202, 2962 MHz, 14301 MHz, 99 %, 78.96 W, 64, 0x0000000000000400
2026/09/19 20:53:36.707, 2962 MHz, 14301 MHz, 99 %, 78.95 W, 64, 0x0000000000000400
2026/09/19 20:53:37.209, 2962 MHz, 14301 MHz, 99 %, 79.03 W, 64, 0x0000000000000400
2026/09/19 20:53:37.713, 2962 MHz, 14301 MHz, 99 %, 78.96 W, 64, 0x0000000000000400
2026/09/19 20:53:38.218, 2962 MHz, 14301 MHz, 99 %, 79.05 W, 64, 0x0000000000000400
2026/09/19 20:53:38.733, 2962 MHz, 14301 MHz, 99 %, 79.48 W, 64, 0x0000000000000400
2026/09/19 20:53:39.235, 2962 MHz, 14301 MHz, 99 %, 79.57 W, 64, 0x0000000000000400
2026/09/19 20:53:39.736, 2962 MHz, 14301 MHz, 99 %, 79.55 W, 64, 0x0000000000000400
2026/09/19 20:53:40.241, 2962 MHz, 14301 MHz, 99 %, 79.55 W, 64, 0x0000000000000400
2026/09/19 20:53:40.742, 2962 MHz, 14301 MHz, 99 %, 79.81 W, 64, 0x0000000000000400
2026/09/19 20:53:41.242, 2962 MHz, 14301 MHz, 99 %, 79.94 W, 65, 0x0000000000000400
2026/09/19 20:53:41.758, 2955 MHz, 14301 MHz, 99 %, 80.48 W, 64, 0x0000000000000400
2026/09/19 20:53:42.274, 2955 MHz, 14301 MHz, 99 %, 81.56 W, 65, 0x0000000000000400
2026/09/19 20:53:42.786, 2955 MHz, 14301 MHz, 99 %, 82.74 W, 65, 0x0000000000000400
2026/09/19 20:53:43.292, 2955 MHz, 14301 MHz, 99 %, 83.39 W, 65, 0x0000000000000400
2026/09/19 20:53:43.806, 2955 MHz, 14301 MHz, 99 %, 83.52 W, 65, 0x0000000000000400
2026/09/19 20:53:44.308, 2955 MHz, 14301 MHz, 99 %, 83.63 W, 65, 0x0000000000000400
2026/09/19 20:53:44.824, 2955 MHz, 14301 MHz, 99 %, 83.37 W, 65, 0x0000000000000400
2026/09/19 20:53:45.328, 2955 MHz, 14301 MHz, 99 %, 83.05 W, 65, 0x0000000000000400
2026/09/19 20:53:45.832, 2955 MHz, 14301 MHz, 99 %, 82.85 W, 64, 0x0000000000000400
2026/09/19 20:53:46.339, 2955 MHz, 14301 MHz, 99 %, 82.83 W, 65, 0x0000000000000400
2026/09/19 20:53:46.842, 2955 MHz, 14301 MHz, 99 %, 83.00 W, 65, 0x0000000000000400
2026/09/19 20:53:47.344, 2955 MHz, 14301 MHz, 99 %, 83.04 W, 65, 0x0000000000000400
2026/09/19 20:53:47.846, 2955 MHz, 14301 MHz, 99 %, 82.89 W, 65, 0x0000000000000400
2026/09/19 20:53:48.354, 2955 MHz, 14301 MHz, 99 %, 82.71 W, 65, 0x0000000000000400
2026/09/19 20:53:48.857, 2955 MHz, 14301 MHz, 99 %, 82.80 W, 65, 0x0000000000000400
2026/09/19 20:53:49.359, 2955 MHz, 14301 MHz, 99 %, 82.73 W, 65, 0x0000000000000400
2026/09/19 20:53:49.861, 2955 MHz, 14301 MHz, 99 %, 82.83 W, 65, 0x0000000000000400
2026/09/19 20:53:50.364, 2955 MHz, 14301 MHz, 99 %, 83.11 W, 65, 0x0000000000000400
2026/09/19 20:53:50.872, 2955 MHz, 14301 MHz, 99 %, 83.19 W, 65, 0x0000000000000400
2026/09/19 20:53:51.378, 2955 MHz, 14301 MHz, 99 %, 82.98 W, 65, 0x0000000000000400
2026/09/19 20:53:51.883, 2955 MHz, 14301 MHz, 99 %, 83.05 W, 65, 0x0000000000000400
2026/09/19 20:53:52.388, 2955 MHz, 14301 MHz, 99 %, 83.23 W, 65, 0x0000000000000400
2026/09/19 20:53:52.894, 2955 MHz, 14301 MHz, 99 %, 83.25 W, 65, 0x0000000000000400
2026/09/19 20:53:53.398, 2955 MHz, 14301 MHz, 99 %, 83.32 W, 65, 0x0000000000000400
2026/09/19 20:53:53.904, 2947 MHz, 14301 MHz, 99 %, 83.39 W, 65, 0x0000000000000400
2026/09/19 20:53:54.408, 2947 MHz, 14301 MHz, 99 %, 83.35 W, 65, 0x0000000000000400
2026/09/19 20:53:54.911, 2947 MHz, 14301 MHz, 99 %, 83.33 W, 65, 0x0000000000000400
2026/09/19 20:53:55.426, 2947 MHz, 14301 MHz, 99 %, 83.43 W, 65, 0x0000000000000400
2026/09/19 20:53:55.929, 2947 MHz, 14301 MHz, 99 %, 83.38 W, 65, 0x0000000000000400
2026/09/19 20:53:56.436, 2947 MHz, 14301 MHz, 99 %, 83.41 W, 65, 0x0000000000000400
2026/09/19 20:53:56.938, 2947 MHz, 14301 MHz, 99 %, 83.44 W, 65, 0x0000000000000400
2026/09/19 20:53:57.448, 2947 MHz, 14301 MHz, 99 %, 83.41 W, 65, 0x0000000000000400
2026/09/19 20:53:57.952, 2940 MHz, 14301 MHz, 99 %, 83.53 W, 65, 0x0000000000000400
2026/09/19 20:53:58.459, 2940 MHz, 14301 MHz, 99 %, 83.59 W, 65, 0x0000000000000400
2026/09/19 20:53:58.966, 2940 MHz, 14301 MHz, 99 %, 83.57 W, 65, 0x0000000000000400
2026/09/19 20:53:59.470, 2940 MHz, 14301 MHz, 98 %, 83.57 W, 65, 0x0000000000000400
2026/09/19 20:53:59.972, 2940 MHz, 14301 MHz, 99 %, 83.48 W, 65, 0x0000000000000400
2026/09/19 20:54:00.488, 2940 MHz, 14301 MHz, 99 %, 83.32 W, 65, 0x0000000000000400
2026/09/19 20:54:00.994, 2940 MHz, 14301 MHz, 99 %, 83.43 W, 66, 0x0000000000000400
2026/09/19 20:54:01.495, 2947 MHz, 14301 MHz, 99 %, 83.61 W, 65, 0x0000000000000400
2026/09/19 20:54:02.000, 2940 MHz, 14301 MHz, 99 %, 83.65 W, 65, 0x0000000000000400
2026/09/19 20:54:02.502, 2940 MHz, 14301 MHz, 99 %, 83.64 W, 66, 0x0000000000000400
2026/09/19 20:54:03.008, 2940 MHz, 14301 MHz, 98 %, 83.48 W, 65, 0x0000000000000400
2026/09/19 20:54:03.511, 2940 MHz, 14301 MHz, 99 %, 83.34 W, 65, 0x0000000000000400
2026/09/19 20:54:04.019, 2940 MHz, 14301 MHz, 98 %, 83.47 W, 66, 0x0000000000000400
2026/09/19 20:54:04.524, 2947 MHz, 14301 MHz, 99 %, 83.57 W, 66, 0x0000000000000400
2026/09/19 20:54:05.026, 2940 MHz, 14301 MHz, 99 %, 83.55 W, 66, 0x0000000000000400
2026/09/19 20:54:05.531, 2940 MHz, 14301 MHz, 98 %, 83.61 W, 65, 0x0000000000000400
2026/09/19 20:54:06.036, 2940 MHz, 14301 MHz, 99 %, 83.40 W, 66, 0x0000000000000400
2026/09/19 20:54:06.538, 2947 MHz, 14301 MHz, 99 %, 83.42 W, 66, 0x0000000000000400
2026/09/19 20:54:07.040, 2940 MHz, 14301 MHz, 99 %, 83.68 W, 66, 0x0000000000000400
2026/09/19 20:54:07.544, 2940 MHz, 14301 MHz, 99 %, 83.75 W, 66, 0x0000000000000400
2026/09/19 20:54:08.046, 2940 MHz, 14301 MHz, 99 %, 83.89 W, 66, 0x0000000000000400
2026/09/19 20:54:08.556, 2940 MHz, 14301 MHz, 99 %, 84.11 W, 66, 0x0000000000000400
2026/09/19 20:54:09.059, 2940 MHz, 14301 MHz, 99 %, 84.06 W, 66, 0x0000000000000400
2026/09/19 20:54:09.562, 2940 MHz, 14301 MHz, 99 %, 83.86 W, 66, 0x0000000000000400
2026/09/19 20:54:10.066, 2940 MHz, 14301 MHz, 99 %, 84.01 W, 66, 0x0000000000000400
2026/09/19 20:54:10.567, 2947 MHz, 14301 MHz, 98 %, 84.12 W, 66, 0x0000000000000400
2026/09/19 20:54:11.068, 2940 MHz, 14301 MHz, 99 %, 84.05 W, 66, 0x0000000000000400
2026/09/19 20:54:11.570, 2940 MHz, 14301 MHz, 99 %, 83.96 W, 66, 0x0000000000000400
2026/09/19 20:54:12.076, 2940 MHz, 14301 MHz, 98 %, 83.88 W, 66, 0x0000000000000400
2026/09/19 20:54:12.577, 2940 MHz, 14301 MHz, 99 %, 83.97 W, 66, 0x0000000000000400
2026/09/19 20:54:13.082, 2940 MHz, 14301 MHz, 98 %, 84.09 W, 66, 0x0000000000000400
2026/09/19 20:54:13.588, 2940 MHz, 14301 MHz, 99 %, 84.15 W, 66, 0x0000000000000400
2026/09/19 20:54:14.091, 2940 MHz, 14301 MHz, 98 %, 84.07 W, 66, 0x0000000000000400
2026/09/19 20:54:14.594, 2940 MHz, 14301 MHz, 99 %, 84.03 W, 66, 0x0000000000000400
2026/09/19 20:54:15.104, 2940 MHz, 14301 MHz, 98 %, 83.97 W, 66, 0x0000000000000400
2026/09/19 20:54:15.607, 2940 MHz, 14301 MHz, 98 %, 83.88 W, 66, 0x0000000000000400
2026/09/19 20:54:16.113, 2940 MHz, 14301 MHz, 99 %, 83.82 W, 66, 0x0000000000000400
2026/09/19 20:54:16.626, 2947 MHz, 14301 MHz, 99 %, 84.02 W, 66, 0x0000000000000400
2026/09/19 20:54:17.132, 2940 MHz, 14301 MHz, 98 %, 84.17 W, 66, 0x0000000000000400
2026/09/19 20:54:17.633, 2940 MHz, 14301 MHz, 99 %, 84.10 W, 66, 0x0000000000000400
2026/09/19 20:54:18.144, 2940 MHz, 14301 MHz, 99 %, 84.06 W, 66, 0x0000000000000400
2026/09/19 20:54:18.659, 2940 MHz, 14301 MHz, 99 %, 84.07 W, 67, 0x0000000000000400
2026/09/19 20:54:19.162, 2940 MHz, 14301 MHz, 99 %, 84.08 W, 66, 0x0000000000000400
2026/09/19 20:54:19.667, 2940 MHz, 14301 MHz, 99 %, 84.14 W, 66, 0x0000000000000400
2026/09/19 20:54:20.170, 2940 MHz, 14301 MHz, 99 %, 84.18 W, 66, 0x0000000000000400
2026/09/19 20:54:20.670, 2940 MHz, 14301 MHz, 99 %, 84.21 W, 66, 0x0000000000000400
2026/09/19 20:54:21.178, 2940 MHz, 14301 MHz, 99 %, 84.28 W, 66, 0x0000000000000400
2026/09/19 20:54:21.680, 2940 MHz, 14301 MHz, 99 %, 84.27 W, 66, 0x0000000000000400
2026/09/19 20:54:22.184, 2940 MHz, 14301 MHz, 99 %, 84.29 W, 66, 0x0000000000000400
2026/09/19 20:54:22.689, 2940 MHz, 14301 MHz, 98 %, 84.42 W, 67, 0x0000000000000400
2026/09/19 20:54:23.195, 2940 MHz, 14301 MHz, 99 %, 84.54 W, 66, 0x0000000000000400
2026/09/19 20:54:23.700, 2940 MHz, 14301 MHz, 99 %, 84.62 W, 67, 0x0000000000000400
2026/09/19 20:54:24.202, 2940 MHz, 14301 MHz, 99 %, 84.46 W, 66, 0x0000000000000400
2026/09/19 20:54:24.702, 2940 MHz, 14301 MHz, 99 %, 84.36 W, 66, 0x0000000000000400
2026/09/19 20:54:25.218, 2805 MHz, 14301 MHz, 53 %, 80.92 W, 65, 0x0000000000000400
2026/09/19 20:54:25.718, 2527 MHz, 14301 MHz, 53 %, 66.14 W, 64, 0x0000000000000400
2026/09/19 20:54:26.223, 2505 MHz, 14301 MHz, 53 %, 55.12 W, 63, 0x0000000000000400
2026/09/19 20:54:26.725, 2557 MHz, 14301 MHz, 54 %, 55.26 W, 63, 0x0000000000000400
2026/09/19 20:54:27.228, 2557 MHz, 14301 MHz, 52 %, 55.67 W, 63, 0x0000000000000400
2026/09/19 20:54:27.735, 2527 MHz, 14301 MHz, 52 %, 55.74 W, 63, 0x0000000000000400
2026/09/19 20:54:28.235, 2490 MHz, 14301 MHz, 53 %, 54.97 W, 63, 0x0000000000000400
2026/09/19 20:54:28.740, 2557 MHz, 14301 MHz, 52 %, 54.82 W, 63, 0x0000000000000400
2026/09/19 20:54:29.244, 2475 MHz, 14301 MHz, 54 %, 54.61 W, 63, 0x0000000000000400
2026/09/19 20:54:29.745, 2445 MHz, 14301 MHz, 51 %, 54.49 W, 63, 0x0000000000000400
2026/09/19 20:54:30.247, 2550 MHz, 14301 MHz, 51 %, 54.69 W, 63, 0x0000000000000400
2026/09/19 20:54:30.759, 2512 MHz, 14301 MHz, 53 %, 54.83 W, 63, 0x0000000000000400
2026/09/19 20:54:31.263, 2542 MHz, 14301 MHz, 53 %, 54.51 W, 63, 0x0000000000000400
2026/09/19 20:54:31.771, 2572 MHz, 14301 MHz, 54 %, 55.13 W, 63, 0x0000000000000400
2026/09/19 20:54:32.273, 2527 MHz, 14301 MHz, 52 %, 55.09 W, 63, 0x0000000000000400
2026/09/19 20:54:32.787, 2505 MHz, 14301 MHz, 52 %, 54.85 W, 63, 0x0000000000000400
2026/09/19 20:54:33.287, 2565 MHz, 14301 MHz, 55 %, 54.66 W, 62, 0x0000000000000400
2026/09/19 20:54:33.800, 2535 MHz, 14301 MHz, 51 %, 54.83 W, 63, 0x0000000000000400
2026/09/19 20:54:34.303, 2955 MHz, 14301 MHz, 99 %, 66.86 W, 65, 0x0000000000000400
2026/09/19 20:54:34.808, 2955 MHz, 14301 MHz, 99 %, 81.54 W, 65, 0x0000000000000400
2026/09/19 20:54:35.310, 2940 MHz, 14301 MHz, 98 %, 84.41 W, 65, 0x0000000000000400
2026/09/19 20:54:35.811, 2940 MHz, 14301 MHz, 99 %, 84.41 W, 65, 0x0000000000000400
2026/09/19 20:54:36.313, 2940 MHz, 14301 MHz, 98 %, 83.99 W, 65, 0x0000000000000400
2026/09/19 20:54:36.816, 2940 MHz, 14301 MHz, 99 %, 84.00 W, 66, 0x0000000000000400
2026/09/19 20:54:37.317, 2940 MHz, 14301 MHz, 99 %, 84.47 W, 66, 0x0000000000000400
2026/09/19 20:54:37.821, 2940 MHz, 14301 MHz, 99 %, 84.73 W, 66, 0x0000000000000400
2026/09/19 20:54:38.322, 2940 MHz, 14301 MHz, 99 %, 84.82 W, 66, 0x0000000000000400
2026/09/19 20:54:38.838, 2940 MHz, 14301 MHz, 99 %, 84.85 W, 66, 0x0000000000000400
2026/09/19 20:54:39.352, 2940 MHz, 14301 MHz, 99 %, 84.71 W, 66, 0x0000000000000400
2026/09/19 20:54:39.856, 2940 MHz, 14301 MHz, 99 %, 84.89 W, 66, 0x0000000000000400
2026/09/19 20:54:40.358, 2940 MHz, 14301 MHz, 99 %, 84.96 W, 66, 0x0000000000000400
2026/09/19 20:54:40.862, 2940 MHz, 14301 MHz, 99 %, 85.15 W, 66, 0x0000000000000400
2026/09/19 20:54:41.366, 2940 MHz, 14301 MHz, 99 %, 85.10 W, 66, 0x0000000000000400
2026/09/19 20:54:41.870, 2940 MHz, 14301 MHz, 99 %, 84.97 W, 66, 0x0000000000000400
2026/09/19 20:54:42.383, 2940 MHz, 14301 MHz, 98 %, 84.86 W, 66, 0x0000000000000400
2026/09/19 20:54:42.897, 2775 MHz, 14301 MHz, 50 %, 79.97 W, 64, 0x0000000000000400
2026/09/19 20:54:43.399, 2475 MHz, 14301 MHz, 51 %, 64.89 W, 63, 0x0000000000000400
2026/09/19 20:54:43.902, 2512 MHz, 14301 MHz, 49 %, 54.73 W, 63, 0x0000000000000400
2026/09/19 20:54:44.405, 2475 MHz, 14301 MHz, 52 %, 54.71 W, 63, 0x0000000000000400
2026/09/19 20:54:44.907, 2572 MHz, 14301 MHz, 55 %, 54.64 W, 63, 0x0000000000000400
2026/09/19 20:54:45.408, 2512 MHz, 14301 MHz, 52 %, 55.21 W, 63, 0x0000000000000400
2026/09/19 20:54:45.911, 2437 MHz, 14301 MHz, 50 %, 54.90 W, 63, 0x0000000000000400
2026/09/19 20:54:46.412, 2550 MHz, 14301 MHz, 51 %, 54.64 W, 62, 0x0000000000000400
2026/09/19 20:54:46.912, 2467 MHz, 14301 MHz, 51 %, 55.12 W, 63, 0x0000000000000400
2026/09/19 20:54:47.414, 2527 MHz, 14301 MHz, 55 %, 54.80 W, 63, 0x0000000000000400
2026/09/19 20:54:47.920, 2467 MHz, 14301 MHz, 50 %, 54.65 W, 63, 0x0000000000000400
2026/09/19 20:54:48.424, 2572 MHz, 14301 MHz, 52 %, 54.58 W, 63, 0x0000000000000400
2026/09/19 20:54:48.927, 2527 MHz, 14301 MHz, 52 %, 54.82 W, 62, 0x0000000000000400
2026/09/19 20:54:49.429, 2520 MHz, 14301 MHz, 53 %, 54.61 W, 62, 0x0000000000000400
2026/09/19 20:54:49.934, 2542 MHz, 14301 MHz, 50 %, 54.67 W, 62, 0x0000000000000400
2026/09/19 20:54:50.439, 2520 MHz, 14301 MHz, 54 %, 54.92 W, 62, 0x0000000000000400
2026/09/19 20:54:50.945, 2587 MHz, 14301 MHz, 78 %, 56.49 W, 64, 0x0000000000000400
2026/09/19 20:54:51.463, 2955 MHz, 14301 MHz, 99 %, 69.75 W, 65, 0x0000000000000400
2026/09/19 20:54:51.969, 2955 MHz, 14301 MHz, 99 %, 83.88 W, 65, 0x0000000000000400
2026/09/19 20:54:52.472, 2947 MHz, 14301 MHz, 99 %, 84.17 W, 65, 0x0000000000000400
2026/09/19 20:54:52.976, 2940 MHz, 14301 MHz, 99 %, 84.00 W, 65, 0x0000000000000400
2026/09/19 20:54:53.477, 2940 MHz, 14301 MHz, 97 %, 83.56 W, 65, 0x0000000000000400
2026/09/19 20:54:53.979, 2947 MHz, 14301 MHz, 98 %, 82.98 W, 65, 0x0000000000000400
2026/09/19 20:54:54.494, 2940 MHz, 14301 MHz, 99 %, 83.35 W, 65, 0x0000000000000400
2026/09/19 20:54:55.009, 2940 MHz, 14301 MHz, 99 %, 84.00 W, 65, 0x0000000000000400
2026/09/19 20:54:55.511, 2940 MHz, 14301 MHz, 99 %, 84.08 W, 66, 0x0000000000000400
2026/09/19 20:54:56.021, 2940 MHz, 14301 MHz, 99 %, 83.96 W, 65, 0x0000000000000400
2026/09/19 20:54:56.531, 2940 MHz, 14301 MHz, 98 %, 83.87 W, 65, 0x0000000000000400
2026/09/19 20:54:57.033, 2940 MHz, 14301 MHz, 98 %, 84.09 W, 65, 0x0000000000000400
2026/09/19 20:54:57.535, 2940 MHz, 14301 MHz, 99 %, 84.19 W, 65, 0x0000000000000400
2026/09/19 20:54:58.039, 2940 MHz, 14301 MHz, 99 %, 84.14 W, 66, 0x0000000000000400
2026/09/19 20:54:58.541, 2940 MHz, 14301 MHz, 99 %, 84.07 W, 65, 0x0000000000000400
2026/09/19 20:54:59.056, 2940 MHz, 14301 MHz, 99 %, 83.90 W, 66, 0x0000000000000400
2026/09/19 20:54:59.560, 2940 MHz, 14301 MHz, 99 %, 83.64 W, 66, 0x0000000000000400
2026/09/19 20:55:00.061, 2940 MHz, 14301 MHz, 93 %, 80.42 W, 64, 0x0000000000000400
2026/09/19 20:55:00.563, 2505 MHz, 14301 MHz, 51 %, 67.39 W, 63, 0x0000000000000400
2026/09/19 20:55:01.067, 2497 MHz, 14301 MHz, 50 %, 54.42 W, 63, 0x0000000000000400
2026/09/19 20:55:01.570, 2490 MHz, 14301 MHz, 53 %, 54.38 W, 63, 0x0000000000000400
2026/09/19 20:55:02.085, 2550 MHz, 14301 MHz, 54 %, 54.69 W, 63, 0x0000000000000400
2026/09/19 20:55:02.590, 2512 MHz, 14301 MHz, 54 %, 54.64 W, 63, 0x0000000000000400
2026/09/19 20:55:03.091, 2445 MHz, 14301 MHz, 52 %, 54.12 W, 62, 0x0000000000000400
2026/09/19 20:55:03.606, 2550 MHz, 14301 MHz, 54 %, 54.50 W, 63, 0x0000000000000400
2026/09/19 20:55:04.110, 2512 MHz, 14301 MHz, 53 %, 54.92 W, 62, 0x0000000000000400
2026/09/19 20:55:04.615, 2572 MHz, 14301 MHz, 47 %, 54.99 W, 62, 0x0000000000000400
2026/09/19 20:55:05.118, 2550 MHz, 14301 MHz, 52 %, 55.15 W, 62, 0x0000000000000400
2026/09/19 20:55:05.623, 2535 MHz, 14301 MHz, 53 %, 54.99 W, 62, 0x0000000000000400
2026/09/19 20:55:06.126, 2520 MHz, 14301 MHz, 51 %, 54.58 W, 62, 0x0000000000000400
2026/09/19 20:55:06.629, 2535 MHz, 14301 MHz, 54 %, 54.45 W, 62, 0x0000000000000400
2026/09/19 20:55:07.133, 2467 MHz, 14301 MHz, 51 %, 54.29 W, 62, 0x0000000000000400
2026/09/19 20:55:07.638, 2595 MHz, 14301 MHz, 53 %, 54.54 W, 62, 0x0000000000000400
2026/09/19 20:55:08.139, 2520 MHz, 14301 MHz, 54 %, 55.03 W, 62, 0x0000000000000400
2026/09/19 20:55:08.642, 2535 MHz, 14301 MHz, 53 %, 55.02 W, 62, 0x0000000000000400
2026/09/19 20:55:09.146, 2812 MHz, 14301 MHz, 98 %, 63.55 W, 64, 0x0000000000000400
2026/09/19 20:55:09.650, 2955 MHz, 14301 MHz, 99 %, 75.57 W, 65, 0x0000000000000400
2026/09/19 20:55:10.166, 2955 MHz, 14301 MHz, 99 %, 83.47 W, 65, 0x0000000000000400
2026/09/19 20:55:10.680, 2955 MHz, 14301 MHz, 98 %, 83.57 W, 65, 0x0000000000000400
2026/09/19 20:55:11.182, 2940 MHz, 14301 MHz, 98 %, 83.39 W, 65, 0x0000000000000400
2026/09/19 20:55:11.696, 2947 MHz, 14301 MHz, 98 %, 82.89 W, 65, 0x0000000000000400
2026/09/19 20:55:12.197, 2940 MHz, 14301 MHz, 99 %, 83.14 W, 65, 0x0000000000000400
2026/09/19 20:55:12.698, 2940 MHz, 14301 MHz, 99 %, 83.58 W, 65, 0x0000000000000400
2026/09/19 20:55:13.213, 2940 MHz, 14301 MHz, 99 %, 83.77 W, 65, 0x0000000000000400
2026/09/19 20:55:13.719, 2940 MHz, 14301 MHz, 99 %, 83.85 W, 65, 0x0000000000000400
2026/09/19 20:55:14.225, 2940 MHz, 14301 MHz, 99 %, 83.58 W, 65, 0x0000000000000400
2026/09/19 20:55:14.725, 2940 MHz, 14301 MHz, 99 %, 83.58 W, 65, 0x0000000000000400
2026/09/19 20:55:15.230, 2940 MHz, 14301 MHz, 99 %, 84.11 W, 65, 0x0000000000000400
2026/09/19 20:55:15.732, 2940 MHz, 14301 MHz, 98 %, 84.14 W, 66, 0x0000000000000400
2026/09/19 20:55:16.248, 2940 MHz, 14301 MHz, 99 %, 84.14 W, 65, 0x0000000000000400
2026/09/19 20:55:16.763, 2940 MHz, 14301 MHz, 98 %, 84.06 W, 65, 0x0000000000000400
2026/09/19 20:55:17.264, 2940 MHz, 14301 MHz, 99 %, 84.07 W, 65, 0x0000000000000400
2026/09/19 20:55:17.779, 2940 MHz, 14301 MHz, 99 %, 84.13 W, 65, 0x0000000000000400
2026/09/19 20:55:18.293, 2700 MHz, 14301 MHz, 53 %, 75.18 W, 63, 0x0000000000000400
2026/09/19 20:55:18.798, 2527 MHz, 14301 MHz, 51 %, 60.34 W, 63, 0x0000000000000400
2026/09/19 20:55:19.301, 2452 MHz, 14301 MHz, 52 %, 54.05 W, 62, 0x0000000000000400
2026/09/19 20:55:19.802, 2497 MHz, 14301 MHz, 54 %, 53.72 W, 62, 0x0000000000000400
2026/09/19 20:55:20.304, 2482 MHz, 14301 MHz, 53 %, 54.17 W, 62, 0x0000000000000400
2026/09/19 20:55:20.819, 2460 MHz, 14301 MHz, 52 %, 53.93 W, 62, 0x0000000000000400
2026/09/19 20:55:21.324, 2587 MHz, 14301 MHz, 54 %, 54.49 W, 62, 0x0000000000000400
2026/09/19 20:55:21.829, 2520 MHz, 14301 MHz, 54 %, 54.94 W, 62, 0x0000000000000400
2026/09/19 20:55:22.344, 2445 MHz, 14301 MHz, 51 %, 54.74 W, 62, 0x0000000000000400
2026/09/19 20:55:22.845, 2565 MHz, 14301 MHz, 52 %, 54.40 W, 62, 0x0000000000000400
2026/09/19 20:55:23.350, 2467 MHz, 14301 MHz, 53 %, 54.39 W, 62, 0x0000000000000400
2026/09/19 20:55:23.853, 2542 MHz, 14301 MHz, 53 %, 54.34 W, 62, 0x0000000000000400
2026/09/19 20:55:24.356, 2475 MHz, 14301 MHz, 53 %, 54.29 W, 62, 0x0000000000000400
2026/09/19 20:55:24.861, 2587 MHz, 14301 MHz, 54 %, 54.65 W, 62, 0x0000000000000400
2026/09/19 20:55:25.364, 2482 MHz, 14301 MHz, 53 %, 54.83 W, 62, 0x0000000000000400
2026/09/19 20:55:25.867, 2505 MHz, 14301 MHz, 52 %, 54.01 W, 62, 0x0000000000000400
2026/09/19 20:55:26.368, 2527 MHz, 14301 MHz, 54 %, 54.36 W, 62, 0x0000000000000400
2026/09/19 20:55:26.873, 2527 MHz, 14301 MHz, 76 %, 56.19 W, 63, 0x0000000000000400
2026/09/19 20:55:27.376, 2955 MHz, 14301 MHz, 98 %, 69.18 W, 64, 0x0000000000000400
2026/09/19 20:55:27.880, 2955 MHz, 14301 MHz, 98 %, 82.33 W, 65, 0x0000000000000400
2026/09/19 20:55:28.382, 2955 MHz, 14301 MHz, 99 %, 83.83 W, 65, 0x0000000000000400
2026/09/19 20:55:28.887, 2955 MHz, 14301 MHz, 99 %, 83.69 W, 65, 0x0000000000000400
2026/09/19 20:55:29.390, 2955 MHz, 14301 MHz, 98 %, 83.30 W, 65, 0x0000000000000400
2026/09/19 20:55:29.892, 2955 MHz, 14301 MHz, 98 %, 83.32 W, 65, 0x0000000000000400
2026/09/19 20:55:30.398, 2955 MHz, 14301 MHz, 99 %, 83.57 W, 65, 0x0000000000000400
2026/09/19 20:55:30.900, 2955 MHz, 14301 MHz, 98 %, 83.90 W, 65, 0x0000000000000400
2026/09/19 20:55:31.401, 2955 MHz, 14301 MHz, 99 %, 84.11 W, 65, 0x0000000000000400
2026/09/19 20:55:31.903, 2955 MHz, 14301 MHz, 99 %, 83.99 W, 65, 0x0000000000000400
2026/09/19 20:55:32.408, 2955 MHz, 14301 MHz, 99 %, 83.81 W, 65, 0x0000000000000400
2026/09/19 20:55:32.916, 2955 MHz, 14301 MHz, 98 %, 83.87 W, 65, 0x0000000000000400
2026/09/19 20:55:33.421, 2955 MHz, 14301 MHz, 99 %, 84.03 W, 65, 0x0000000000000400
2026/09/19 20:55:33.933, 2955 MHz, 14301 MHz, 99 %, 84.17 W, 65, 0x0000000000000400
2026/09/19 20:55:34.434, 2955 MHz, 14301 MHz, 99 %, 84.07 W, 65, 0x0000000000000400
2026/09/19 20:55:34.940, 2955 MHz, 14301 MHz, 99 %, 84.00 W, 65, 0x0000000000000400
2026/09/19 20:55:35.444, 2940 MHz, 14301 MHz, 56 %, 80.76 W, 64, 0x0000000000000400
2026/09/19 20:55:35.946, 2497 MHz, 14301 MHz, 51 %, 66.18 W, 62, 0x0000000000000400
2026/09/19 20:55:36.449, 2475 MHz, 14301 MHz, 52 %, 54.65 W, 62, 0x0000000000000400
2026/09/19 20:55:36.951, 2542 MHz, 14301 MHz, 56 %, 54.52 W, 62, 0x0000000000000400
2026/09/19 20:55:37.451, 2490 MHz, 14301 MHz, 53 %, 54.50 W, 62, 0x0000000000000400
2026/09/19 20:55:37.954, 2535 MHz, 14301 MHz, 52 %, 54.41 W, 62, 0x0000000000000400
2026/09/19 20:55:38.469, 2520 MHz, 14301 MHz, 53 %, 54.79 W, 62, 0x0000000000000400
2026/09/19 20:55:38.984, 2497 MHz, 14301 MHz, 52 %, 54.56 W, 62, 0x0000000000000400
2026/09/19 20:55:39.499, 2542 MHz, 14301 MHz, 51 %, 54.10 W, 62, 0x0000000000000400
2026/09/19 20:55:40.004, 2565 MHz, 14301 MHz, 54 %, 54.22 W, 62, 0x0000000000000400
2026/09/19 20:55:40.520, 2460 MHz, 14301 MHz, 56 %, 54.19 W, 62, 0x0000000000000400
2026/09/19 20:55:41.021, 2550 MHz, 14301 MHz, 52 %, 54.54 W, 62, 0x0000000000000400
2026/09/19 20:55:41.526, 2542 MHz, 14301 MHz, 55 %, 54.70 W, 62, 0x0000000000000400
2026/09/19 20:55:42.032, 2497 MHz, 14301 MHz, 51 %, 53.81 W, 62, 0x0000000000000400
2026/09/19 20:55:42.537, 2437 MHz, 14301 MHz, 52 %, 53.18 W, 62, 0x0000000000000400
2026/09/19 20:55:43.039, 2572 MHz, 14301 MHz, 54 %, 53.68 W, 62, 0x0000000000000400
2026/09/19 20:55:43.542, 2535 MHz, 14301 MHz, 53 %, 54.70 W, 62, 0x0000000000000400
2026/09/19 20:55:44.045, 2527 MHz, 14301 MHz, 51 %, 54.75 W, 62, 0x0000000000000400
2026/09/19 20:55:44.548, 2895 MHz, 14301 MHz, 98 %, 64.85 W, 64, 0x0000000000000400
2026/09/19 20:55:45.052, 2955 MHz, 14301 MHz, 99 %, 79.35 W, 64, 0x0000000000000400
2026/09/19 20:55:45.558, 2955 MHz, 14301 MHz, 99 %, 83.68 W, 65, 0x0000000000000400
2026/09/19 20:55:46.063, 2955 MHz, 14301 MHz, 99 %, 83.67 W, 65, 0x0000000000000400
2026/09/19 20:55:46.568, 2955 MHz, 14301 MHz, 98 %, 83.54 W, 65, 0x0000000000000400
2026/09/19 20:55:47.070, 2955 MHz, 14301 MHz, 98 %, 83.39 W, 65, 0x0000000000000400
2026/09/19 20:55:47.579, 2955 MHz, 14301 MHz, 99 %, 83.53 W, 65, 0x0000000000000400
2026/09/19 20:55:48.080, 2955 MHz, 14301 MHz, 99 %, 83.91 W, 65, 0x0000000000000400
2026/09/19 20:55:48.584, 2955 MHz, 14301 MHz, 99 %, 83.83 W, 65, 0x0000000000000400
2026/09/19 20:55:49.089, 2955 MHz, 14301 MHz, 99 %, 83.74 W, 65, 0x0000000000000400
2026/09/19 20:55:49.595, 2955 MHz, 14301 MHz, 99 %, 83.64 W, 65, 0x0000000000000400
2026/09/19 20:55:50.100, 2955 MHz, 14301 MHz, 99 %, 83.64 W, 65, 0x0000000000000400
2026/09/19 20:55:50.606, 2955 MHz, 14301 MHz, 99 %, 83.64 W, 65, 0x0000000000000400
2026/09/19 20:55:51.111, 2955 MHz, 14301 MHz, 99 %, 83.63 W, 65, 0x0000000000000400
2026/09/19 20:55:51.613, 2955 MHz, 14301 MHz, 99 %, 83.69 W, 65, 0x0000000000000400
2026/09/19 20:55:52.119, 2955 MHz, 14301 MHz, 99 %, 83.76 W, 65, 0x0000000000000400
2026/09/19 20:55:52.624, 2955 MHz, 14301 MHz, 99 %, 83.54 W, 65, 0x0000000000000400
2026/09/19 20:55:53.126, 2955 MHz, 14301 MHz, 99 %, 83.50 W, 65, 0x0000000000000400
2026/09/19 20:55:53.629, 2670 MHz, 14301 MHz, 52 %, 75.06 W, 63, 0x0000000000000400
2026/09/19 20:55:54.143, 2527 MHz, 14301 MHz, 50 %, 62.33 W, 62, 0x0000000000000400
2026/09/19 20:55:54.655, 2490 MHz, 14301 MHz, 51 %, 54.09 W, 62, 0x0000000000000400
2026/09/19 20:55:55.159, 2475 MHz, 14301 MHz, 54 %, 53.90 W, 62, 0x0000000000000400
2026/09/19 20:55:55.666, 2512 MHz, 14301 MHz, 53 %, 54.04 W, 62, 0x0000000000000400
2026/09/19 20:55:56.180, 2505 MHz, 14301 MHz, 51 %, 54.33 W, 62, 0x0000000000000400
2026/09/19 20:55:56.695, 2512 MHz, 14301 MHz, 53 %, 54.37 W, 62, 0x0000000000000400
2026/09/19 20:55:57.199, 2527 MHz, 14301 MHz, 52 %, 54.36 W, 62, 0x0000000000000400
2026/09/19 20:55:57.712, 2512 MHz, 14301 MHz, 52 %, 54.39 W, 62, 0x0000000000000400
2026/09/19 20:55:58.228, 2542 MHz, 14301 MHz, 54 %, 54.56 W, 62, 0x0000000000000400
2026/09/19 20:55:58.733, 2512 MHz, 14301 MHz, 54 %, 54.55 W, 62, 0x0000000000000400
2026/09/19 20:55:59.237, 2520 MHz, 14301 MHz, 53 %, 54.29 W, 62, 0x0000000000000400
2026/09/19 20:55:59.753, 2482 MHz, 14301 MHz, 53 %, 53.71 W, 62, 0x0000000000000400
2026/09/19 20:56:00.256, 2452 MHz, 14301 MHz, 53 %, 53.67 W, 62, 0x0000000000000400
2026/09/19 20:56:00.765, 2505 MHz, 14301 MHz, 54 %, 53.68 W, 61, 0x0000000000000400
2026/09/19 20:56:01.269, 2550 MHz, 14301 MHz, 54 %, 54.02 W, 61, 0x0000000000000400
2026/09/19 20:56:01.774, 2542 MHz, 14301 MHz, 53 %, 54.54 W, 61, 0x0000000000000400
2026/09/19 20:56:02.276, 2475 MHz, 14301 MHz, 53 %, 54.37 W, 61, 0x0000000000000400
2026/09/19 20:56:02.778, 2917 MHz, 14301 MHz, 99 %, 63.35 W, 64, 0x0000000000000400
2026/09/19 20:56:03.292, 2955 MHz, 14301 MHz, 99 %, 78.65 W, 64, 0x0000000000000400
2026/09/19 20:56:03.798, 2955 MHz, 14301 MHz, 99 %, 82.94 W, 64, 0x0000000000000400
2026/09/19 20:56:04.304, 2955 MHz, 14301 MHz, 99 %, 82.84 W, 64, 0x0000000000000400
2026/09/19 20:56:04.808, 2955 MHz, 14301 MHz, 98 %, 82.63 W, 64, 0x0000000000000400
2026/09/19 20:56:05.314, 2955 MHz, 14301 MHz, 99 %, 82.72 W, 65, 0x0000000000000400
2026/09/19 20:56:05.819, 2955 MHz, 14301 MHz, 99 %, 82.90 W, 64, 0x0000000000000400
2026/09/19 20:56:06.323, 2955 MHz, 14301 MHz, 99 %, 83.26 W, 65, 0x0000000000000400
2026/09/19 20:56:06.827, 2955 MHz, 14301 MHz, 99 %, 83.31 W, 65, 0x0000000000000400
2026/09/19 20:56:07.334, 2955 MHz, 14301 MHz, 99 %, 83.18 W, 65, 0x0000000000000400
2026/09/19 20:56:07.837, 2955 MHz, 14301 MHz, 98 %, 82.95 W, 65, 0x0000000000000400
2026/09/19 20:56:08.341, 2955 MHz, 14301 MHz, 98 %, 82.95 W, 65, 0x0000000000000400
2026/09/19 20:56:08.855, 2955 MHz, 14301 MHz, 99 %, 83.13 W, 65, 0x0000000000000400
2026/09/19 20:56:09.359, 2955 MHz, 14301 MHz, 99 %, 83.28 W, 65, 0x0000000000000400
2026/09/19 20:56:09.861, 2955 MHz, 14301 MHz, 99 %, 83.14 W, 65, 0x0000000000000400
2026/09/19 20:56:10.364, 2955 MHz, 14301 MHz, 99 %, 83.18 W, 65, 0x0000000000000400
2026/09/19 20:56:10.865, 2955 MHz, 14301 MHz, 99 %, 83.44 W, 66, 0x0000000000000400
2026/09/19 20:56:11.380, 2940 MHz, 14301 MHz, 99 %, 83.66 W, 65, 0x0000000000000400
2026/09/19 20:56:11.885, 2947 MHz, 14301 MHz, 52 %, 80.93 W, 63, 0x0000000000000400
2026/09/19 20:56:12.390, 2542 MHz, 14301 MHz, 50 %, 67.49 W, 62, 0x0000000000000400
2026/09/19 20:56:12.893, 2505 MHz, 14301 MHz, 48 %, 53.74 W, 63, 0x0000000000000400
2026/09/19 20:56:13.395, 2535 MHz, 14301 MHz, 54 %, 53.90 W, 62, 0x0000000000000400
2026/09/19 20:56:13.900, 2505 MHz, 14301 MHz, 53 %, 54.09 W, 62, 0x0000000000000400
2026/09/19 20:56:14.403, 2482 MHz, 14301 MHz, 53 %, 54.14 W, 62, 0x0000000000000400
2026/09/19 20:56:14.906, 2535 MHz, 14301 MHz, 53 %, 54.67 W, 62, 0x0000000000000400
2026/09/19 20:56:15.410, 2497 MHz, 14301 MHz, 54 %, 54.28 W, 62, 0x0000000000000400
2026/09/19 20:56:15.913, 2475 MHz, 14301 MHz, 52 %, 53.72 W, 62, 0x0000000000000400
2026/09/19 20:56:16.420, 2520 MHz, 14301 MHz, 54 %, 53.67 W, 62, 0x0000000000000400
2026/09/19 20:56:16.935, 2490 MHz, 14301 MHz, 53 %, 53.58 W, 62, 0x0000000000000400
2026/09/19 20:56:17.442, 2587 MHz, 14301 MHz, 51 %, 54.31 W, 62, 0x0000000000000400
2026/09/19 20:56:17.946, 2550 MHz, 14301 MHz, 52 %, 54.96 W, 62, 0x0000000000000400
2026/09/19 20:56:18.461, 2467 MHz, 14301 MHz, 53 %, 54.15 W, 62, 0x0000000000000400
2026/09/19 20:56:18.964, 2535 MHz, 14301 MHz, 54 %, 53.99 W, 61, 0x0000000000000400
2026/09/19 20:56:19.468, 2550 MHz, 14301 MHz, 53 %, 54.38 W, 61, 0x0000000000000400
2026/09/19 20:56:19.975, 2505 MHz, 14301 MHz, 53 %, 54.15 W, 61, 0x0000000000000400
2026/09/19 20:56:20.483, 2505 MHz, 14301 MHz, 99 %, 56.65 W, 63, 0x0000000000000400
2026/09/19 20:56:20.988, 2955 MHz, 14301 MHz, 99 %, 69.87 W, 64, 0x0000000000000400
2026/09/19 20:56:21.492, 2955 MHz, 14301 MHz, 99 %, 82.66 W, 64, 0x0000000000000400
2026/09/19 20:56:21.994, 2955 MHz, 14301 MHz, 99 %, 82.92 W, 64, 0x0000000000000400
2026/09/19 20:56:22.498, 2955 MHz, 14301 MHz, 99 %, 82.86 W, 64, 0x0000000000000400
2026/09/19 20:56:23.000, 2955 MHz, 14301 MHz, 99 %, 82.59 W, 65, 0x0000000000000400
2026/09/19 20:56:23.504, 2955 MHz, 14301 MHz, 99 %, 82.81 W, 64, 0x0000000000000400
2026/09/19 20:56:24.007, 2955 MHz, 14301 MHz, 99 %, 83.24 W, 65, 0x0000000000000400
2026/09/19 20:56:24.512, 2955 MHz, 14301 MHz, 99 %, 83.25 W, 65, 0x0000000000000400
2026/09/19 20:56:25.015, 2955 MHz, 14301 MHz, 99 %, 83.44 W, 65, 0x0000000000000400
2026/09/19 20:56:25.520, 2955 MHz, 14301 MHz, 99 %, 83.43 W, 65, 0x0000000000000400
2026/09/19 20:56:26.030, 2955 MHz, 14301 MHz, 99 %, 83.11 W, 65, 0x0000000000000400
2026/09/19 20:56:26.545, 2955 MHz, 14301 MHz, 99 %, 83.03 W, 65, 0x0000000000000400
2026/09/19 20:56:27.050, 2955 MHz, 14301 MHz, 98 %, 83.44 W, 65, 0x0000000000000400
2026/09/19 20:56:27.551, 2955 MHz, 14301 MHz, 99 %, 83.69 W, 65, 0x0000000000000400
2026/09/19 20:56:28.051, 2955 MHz, 14301 MHz, 98 %, 83.65 W, 65, 0x0000000000000400
2026/09/19 20:56:28.559, 2955 MHz, 14301 MHz, 99 %, 83.53 W, 65, 0x0000000000000400
2026/09/19 20:56:29.063, 2955 MHz, 14301 MHz, 99 %, 83.44 W, 65, 0x0000000000000400
2026/09/19 20:56:29.563, 2955 MHz, 14301 MHz, 99 %, 83.50 W, 65, 0x0000000000000400
2026/09/19 20:56:30.064, 2752 MHz, 14301 MHz, 52 %, 75.90 W, 63, 0x0000000000000400
2026/09/19 20:56:30.568, 2520 MHz, 14301 MHz, 52 %, 61.10 W, 62, 0x0000000000000400
2026/09/19 20:56:31.071, 2497 MHz, 14301 MHz, 52 %, 53.41 W, 62, 0x0000000000000400
2026/09/19 20:56:31.574, 2482 MHz, 14301 MHz, 55 %, 53.18 W, 62, 0x0000000000000400
2026/09/19 20:56:32.080, 2505 MHz, 14301 MHz, 54 %, 53.72 W, 62, 0x0000000000000400
2026/09/19 20:56:32.582, 2520 MHz, 14301 MHz, 53 %, 54.01 W, 62, 0x0000000000000400
2026/09/19 20:56:33.086, 2542 MHz, 14301 MHz, 54 %, 54.39 W, 62, 0x0000000000000400
2026/09/19 20:56:33.596, 2527 MHz, 14301 MHz, 53 %, 54.53 W, 62, 0x0000000000000400
2026/09/19 20:56:34.101, 2565 MHz, 14301 MHz, 52 %, 54.53 W, 62, 0x0000000000000400
2026/09/19 20:56:34.605, 2550 MHz, 14301 MHz, 53 %, 54.65 W, 62, 0x0000000000000400
2026/09/19 20:56:35.120, 2565 MHz, 14301 MHz, 51 %, 54.88 W, 62, 0x0000000000000400
2026/09/19 20:56:35.627, 2527 MHz, 14301 MHz, 54 %, 54.61 W, 62, 0x0000000000000400
2026/09/19 20:56:36.128, 2542 MHz, 14301 MHz, 51 %, 54.45 W, 62, 0x0000000000000400
2026/09/19 20:56:36.630, 2542 MHz, 14301 MHz, 53 %, 54.75 W, 62, 0x0000000000000400
2026/09/19 20:56:37.134, 2535 MHz, 14301 MHz, 52 %, 54.42 W, 62, 0x0000000000000400
2026/09/19 20:56:37.648, 2580 MHz, 14301 MHz, 52 %, 54.51 W, 62, 0x0000000000000400
2026/09/19 20:56:38.155, 2512 MHz, 14301 MHz, 52 %, 54.63 W, 62, 0x0000000000000400
2026/09/19 20:56:38.660, 2535 MHz, 14301 MHz, 53 %, 54.58 W, 62, 0x0000000000000400
2026/09/19 20:56:39.161, 2872 MHz, 14301 MHz, 99 %, 63.40 W, 63, 0x0000000000000400
2026/09/19 20:56:39.666, 2955 MHz, 14301 MHz, 98 %, 76.19 W, 64, 0x0000000000000400
2026/09/19 20:56:40.169, 2955 MHz, 14301 MHz, 99 %, 83.00 W, 64, 0x0000000000000400
2026/09/19 20:56:40.674, 2955 MHz, 14301 MHz, 99 %, 83.19 W, 64, 0x0000000000000400
2026/09/19 20:56:41.175, 2955 MHz, 14301 MHz, 99 %, 83.17 W, 64, 0x0000000000000400
2026/09/19 20:56:41.684, 2955 MHz, 14301 MHz, 99 %, 82.91 W, 64, 0x0000000000000400
2026/09/19 20:56:42.186, 2955 MHz, 14301 MHz, 99 %, 83.32 W, 65, 0x0000000000000400
2026/09/19 20:56:42.695, 2955 MHz, 14301 MHz, 99 %, 83.65 W, 65, 0x0000000000000400
2026/09/19 20:56:43.200, 2955 MHz, 14301 MHz, 99 %, 83.76 W, 65, 0x0000000000000400
2026/09/19 20:56:43.701, 2955 MHz, 14301 MHz, 99 %, 83.81 W, 65, 0x0000000000000400
2026/09/19 20:56:44.206, 2955 MHz, 14301 MHz, 99 %, 83.64 W, 65, 0x0000000000000400
2026/09/19 20:56:44.712, 2955 MHz, 14301 MHz, 99 %, 83.57 W, 65, 0x0000000000000400
2026/09/19 20:56:45.217, 2955 MHz, 14301 MHz, 99 %, 83.72 W, 65, 0x0000000000000400
2026/09/19 20:56:45.718, 2955 MHz, 14301 MHz, 99 %, 84.19 W, 65, 0x0000000000000400
2026/09/19 20:56:46.224, 2955 MHz, 14301 MHz, 99 %, 84.34 W, 65, 0x0000000000000400
2026/09/19 20:56:46.725, 2955 MHz, 14301 MHz, 99 %, 84.29 W, 66, 0x0000000000000400
2026/09/19 20:56:47.231, 2955 MHz, 14301 MHz, 99 %, 84.27 W, 65, 0x0000000000000400
2026/09/19 20:56:47.738, 2955 MHz, 14301 MHz, 99 %, 84.26 W, 65, 0x0000000000000400
2026/09/19 20:56:48.240, 2955 MHz, 14301 MHz, 64 %, 81.81 W, 63, 0x0000000000000400
2026/09/19 20:56:48.754, 2467 MHz, 14301 MHz, 50 %, 68.15 W, 63, 0x0000000000000400
2026/09/19 20:56:49.261, 2520 MHz, 14301 MHz, 51 %, 53.51 W, 62, 0x0000000000000400
2026/09/19 20:56:49.767, 2490 MHz, 14301 MHz, 52 %, 53.70 W, 62, 0x0000000000000400
2026/09/19 20:56:50.281, 2565 MHz, 14301 MHz, 53 %, 54.51 W, 62, 0x0000000000000400
2026/09/19 20:56:50.792, 2542 MHz, 14301 MHz, 56 %, 55.07 W, 62, 0x0000000000000400
2026/09/19 20:56:51.294, 2520 MHz, 14301 MHz, 53 %, 54.78 W, 62, 0x0000000000000400
2026/09/19 20:56:51.807, 2535 MHz, 14301 MHz, 55 %, 54.70 W, 62, 0x0000000000000400
2026/09/19 20:56:52.309, 2535 MHz, 14301 MHz, 52 %, 54.74 W, 62, 0x0000000000000400
2026/09/19 20:56:52.815, 2527 MHz, 14301 MHz, 53 %, 54.63 W, 62, 0x0000000000000400
2026/09/19 20:56:53.328, 2550 MHz, 14301 MHz, 53 %, 54.69 W, 62, 0x0000000000000400
2026/09/19 20:56:53.829, 2557 MHz, 14301 MHz, 54 %, 54.80 W, 62, 0x0000000000000400
2026/09/19 20:56:54.343, 2497 MHz, 14301 MHz, 52 %, 54.45 W, 62, 0x0000000000000400
2026/09/19 20:56:54.847, 2452 MHz, 14301 MHz, 55 %, 53.96 W, 61, 0x0000000000000400
2026/09/19 20:56:55.347, 2482 MHz, 14301 MHz, 53 %, 53.72 W, 61, 0x0000000000000400
2026/09/19 20:56:55.851, 2550 MHz, 14301 MHz, 51 %, 54.64 W, 62, 0x0000000000000400
2026/09/19 20:56:56.354, 2505 MHz, 14301 MHz, 52 %, 54.75 W, 61, 0x0000000000000400
2026/09/19 20:56:56.869, 2505 MHz, 14301 MHz, 52 %, 53.92 W, 61, 0x0000000000000400
2026/09/19 20:56:57.374, 2692 MHz, 14301 MHz, 98 %, 60.29 W, 63, 0x0000000000000400
2026/09/19 20:56:57.881, 2955 MHz, 14301 MHz, 98 %, 73.11 W, 64, 0x0000000000000400
2026/09/19 20:56:58.396, 2955 MHz, 14301 MHz, 98 %, 83.63 W, 64, 0x0000000000000400
2026/09/19 20:56:58.901, 2955 MHz, 14301 MHz, 99 %, 83.56 W, 64, 0x0000000000000400
2026/09/19 20:56:59.403, 2955 MHz, 14301 MHz, 99 %, 83.44 W, 64, 0x0000000000000400
2026/09/19 20:56:59.905, 2955 MHz, 14301 MHz, 99 %, 83.31 W, 64, 0x0000000000000400
2026/09/19 20:57:00.407, 2955 MHz, 14301 MHz, 99 %, 83.70 W, 65, 0x0000000000000400
2026/09/19 20:57:00.912, 2955 MHz, 14301 MHz, 99 %, 84.14 W, 65, 0x0000000000000400
2026/09/19 20:57:01.416, 2955 MHz, 14301 MHz, 99 %, 84.19 W, 65, 0x0000000000000400
2026/09/19 20:57:01.920, 2955 MHz, 14301 MHz, 99 %, 84.09 W, 65, 0x0000000000000400
2026/09/19 20:57:02.424, 2955 MHz, 14301 MHz, 98 %, 84.04 W, 65, 0x0000000000000400
2026/09/19 20:57:02.929, 2955 MHz, 14301 MHz, 99 %, 83.92 W, 65, 0x0000000000000400
2026/09/19 20:57:03.433, 2955 MHz, 14301 MHz, 99 %, 84.12 W, 65, 0x0000000000000400
2026/09/19 20:57:03.935, 2955 MHz, 14301 MHz, 99 %, 84.26 W, 65, 0x0000000000000400
2026/09/19 20:57:04.436, 2955 MHz, 14301 MHz, 99 %, 84.26 W, 65, 0x0000000000000400
2026/09/19 20:57:04.940, 2955 MHz, 14301 MHz, 99 %, 84.09 W, 65, 0x0000000000000400
2026/09/19 20:57:05.442, 2955 MHz, 14301 MHz, 99 %, 83.85 W, 65, 0x0000000000000400
2026/09/19 20:57:05.945, 2955 MHz, 14301 MHz, 98 %, 83.83 W, 65, 0x0000000000000400
2026/09/19 20:57:06.447, 2872 MHz, 14301 MHz, 53 %, 78.60 W, 63, 0x0000000000000400
2026/09/19 20:57:06.949, 2490 MHz, 14301 MHz, 51 %, 63.31 W, 62, 0x0000000000000400
2026/09/19 20:57:07.454, 2460 MHz, 14301 MHz, 52 %, 53.94 W, 62, 0x0000000000000400
2026/09/19 20:57:07.956, 2542 MHz, 14301 MHz, 52 %, 54.15 W, 62, 0x0000000000000400
2026/09/19 20:57:08.459, 2430 MHz, 14301 MHz, 52 %, 54.25 W, 62, 0x0000000000000400
2026/09/19 20:57:08.961, 2527 MHz, 14301 MHz, 52 %, 53.90 W, 62, 0x0000000000000400
2026/09/19 20:57:09.464, 2512 MHz, 14301 MHz, 53 %, 54.39 W, 62, 0x0000000000000400
2026/09/19 20:57:09.967, 2535 MHz, 14301 MHz, 52 %, 54.57 W, 62, 0x0000000000000400
2026/09/19 20:57:10.471, 2475 MHz, 14301 MHz, 54 %, 54.21 W, 62, 0x0000000000000400
2026/09/19 20:57:10.976, 2550 MHz, 14301 MHz, 54 %, 54.03 W, 62, 0x0000000000000400
2026/09/19 20:57:11.477, 2490 MHz, 14301 MHz, 53 %, 54.22 W, 61, 0x0000000000000400
2026/09/19 20:57:11.981, 2550 MHz, 14301 MHz, 51 %, 54.36 W, 61, 0x0000000000000400
2026/09/19 20:57:12.482, 2580 MHz, 14301 MHz, 49 %, 54.56 W, 61, 0x0000000000000400
2026/09/19 20:57:12.996, 2542 MHz, 14301 MHz, 53 %, 54.38 W, 62, 0x0000000000000400
2026/09/19 20:57:13.499, 2505 MHz, 14301 MHz, 55 %, 54.53 W, 62, 0x0000000000000400
2026/09/19 20:57:13.999, 2512 MHz, 14301 MHz, 54 %, 54.44 W, 61, 0x0000000000000400
2026/09/19 20:57:14.506, 2535 MHz, 14301 MHz, 51 %, 54.47 W, 62, 0x0000000000000400
2026/09/19 20:57:15.008, 2955 MHz, 14301 MHz, 99 %, 65.88 W, 64, 0x0000000000000400
2026/09/19 20:57:15.513, 2955 MHz, 14301 MHz, 98 %, 81.59 W, 64, 0x0000000000000400
2026/09/19 20:57:16.016, 2955 MHz, 14301 MHz, 99 %, 83.46 W, 65, 0x0000000000000400
2026/09/19 20:57:16.523, 2955 MHz, 14301 MHz, 99 %, 83.48 W, 65, 0x0000000000000400
2026/09/19 20:57:17.023, 2955 MHz, 14301 MHz, 99 %, 83.51 W, 64, 0x0000000000000400
2026/09/19 20:57:17.528, 2955 MHz, 14301 MHz, 98 %, 83.53 W, 64, 0x0000000000000400
2026/09/19 20:57:18.034, 2955 MHz, 14301 MHz, 99 %, 83.63 W, 65, 0x0000000000000400
2026/09/19 20:57:18.536, 2955 MHz, 14301 MHz, 99 %, 83.90 W, 65, 0x0000000000000400
2026/09/19 20:57:19.052, 2955 MHz, 14301 MHz, 99 %, 83.91 W, 65, 0x0000000000000400
2026/09/19 20:57:19.562, 2955 MHz, 14301 MHz, 99 %, 83.69 W, 65, 0x0000000000000400
2026/09/19 20:57:20.066, 2955 MHz, 14301 MHz, 99 %, 83.58 W, 65, 0x0000000000000400
2026/09/19 20:57:20.569, 2955 MHz, 14301 MHz, 99 %, 83.68 W, 65, 0x0000000000000400
2026/09/19 20:57:21.072, 2955 MHz, 14301 MHz, 99 %, 83.86 W, 65, 0x0000000000000400
2026/09/19 20:57:21.576, 2955 MHz, 14301 MHz, 99 %, 83.92 W, 65, 0x0000000000000400
2026/09/19 20:57:22.078, 2955 MHz, 14301 MHz, 99 %, 83.85 W, 65, 0x0000000000000400
2026/09/19 20:57:22.582, 2955 MHz, 14301 MHz, 99 %, 83.73 W, 65, 0x0000000000000400
2026/09/19 20:57:23.085, 2955 MHz, 14301 MHz, 99 %, 83.70 W, 65, 0x0000000000000400
2026/09/19 20:57:23.590, 2955 MHz, 14301 MHz, 99 %, 83.79 W, 65, 0x0000000000000400
2026/09/19 20:57:24.091, 2482 MHz, 14301 MHz, 52 %, 71.81 W, 62, 0x0000000000000400
2026/09/19 20:57:24.595, 2490 MHz, 14301 MHz, 50 %, 57.91 W, 62, 0x0000000000000400
2026/09/19 20:57:25.098, 2497 MHz, 14301 MHz, 52 %, 53.92 W, 62, 0x0000000000000400
2026/09/19 20:57:25.606, 2565 MHz, 14301 MHz, 51 %, 54.72 W, 62, 0x0000000000000400
2026/09/19 20:57:26.111, 2490 MHz, 14301 MHz, 53 %, 54.48 W, 62, 0x0000000000000400
2026/09/19 20:57:26.624, 2535 MHz, 14301 MHz, 54 %, 54.53 W, 62, 0x0000000000000400
2026/09/19 20:57:27.125, 2490 MHz, 14301 MHz, 52 %, 55.01 W, 62, 0x0000000000000400
2026/09/19 20:57:27.628, 2460 MHz, 14301 MHz, 51 %, 54.24 W, 62, 0x0000000000000400
2026/09/19 20:57:28.131, 2572 MHz, 14301 MHz, 54 %, 54.16 W, 62, 0x0000000000000400
2026/09/19 20:57:28.638, 2497 MHz, 14301 MHz, 53 %, 54.42 W, 61, 0x0000000000000400
2026/09/19 20:57:29.142, 2572 MHz, 14301 MHz, 53 %, 54.54 W, 62, 0x0000000000000400
2026/09/19 20:57:29.643, 2550 MHz, 14301 MHz, 53 %, 54.72 W, 61, 0x0000000000000400
2026/09/19 20:57:30.153, 2452 MHz, 14301 MHz, 53 %, 54.02 W, 62, 0x0000000000000400
2026/09/19 20:57:30.668, 2587 MHz, 14301 MHz, 54 %, 54.10 W, 62, 0x0000000000000400
2026/09/19 20:57:31.172, 2520 MHz, 14301 MHz, 51 %, 54.69 W, 61, 0x0000000000000400
2026/09/19 20:57:31.675, 2527 MHz, 14301 MHz, 51 %, 54.85 W, 61, 0x0000000000000400
2026/09/19 20:57:32.179, 2475 MHz, 14301 MHz, 53 %, 54.30 W, 61, 0x0000000000000400
2026/09/19 20:57:32.683, 2700 MHz, 14301 MHz, 98 %, 60.17 W, 63, 0x0000000000000400
2026/09/19 20:57:33.190, 2955 MHz, 14301 MHz, 99 %, 73.67 W, 64, 0x0000000000000400
2026/09/19 20:57:33.693, 2955 MHz, 14301 MHz, 99 %, 83.40 W, 64, 0x0000000000000400
2026/09/19 20:57:34.198, 2955 MHz, 14301 MHz, 99 %, 83.56 W, 65, 0x0000000000000400
2026/09/19 20:57:34.704, 2955 MHz, 14301 MHz, 99 %, 83.63 W, 65, 0x0000000000000400
2026/09/19 20:57:35.207, 2955 MHz, 14301 MHz, 99 %, 83.49 W, 64, 0x0000000000000400
2026/09/19 20:57:35.711, 2955 MHz, 14301 MHz, 99 %, 83.54 W, 65, 0x0000000000000400
2026/09/19 20:57:36.216, 2955 MHz, 14301 MHz, 98 %, 83.68 W, 65, 0x0000000000000400
2026/09/19 20:57:36.719, 2955 MHz, 14301 MHz, 99 %, 83.67 W, 65, 0x0000000000000400
2026/09/19 20:57:37.223, 2955 MHz, 14301 MHz, 99 %, 83.63 W, 65, 0x0000000000000400
2026/09/19 20:57:37.729, 2955 MHz, 14301 MHz, 99 %, 83.64 W, 65, 0x0000000000000400
2026/09/19 20:57:38.230, 2955 MHz, 14301 MHz, 99 %, 83.57 W, 65, 0x0000000000000400
2026/09/19 20:57:38.736, 2955 MHz, 14301 MHz, 99 %, 83.68 W, 65, 0x0000000000000400
2026/09/19 20:57:39.250, 2955 MHz, 14301 MHz, 99 %, 83.84 W, 65, 0x0000000000000400
2026/09/19 20:57:39.766, 2955 MHz, 14301 MHz, 99 %, 83.93 W, 65, 0x0000000000000400
2026/09/19 20:57:40.269, 2955 MHz, 14301 MHz, 99 %, 83.97 W, 65, 0x0000000000000400
2026/09/19 20:57:40.772, 2947 MHz, 14301 MHz, 99 %, 84.03 W, 65, 0x0000000000000400
2026/09/19 20:57:41.274, 2940 MHz, 14301 MHz, 98 %, 83.97 W, 65, 0x0000000000000400
2026/09/19 20:57:41.778, 2857 MHz, 14301 MHz, 52 %, 78.50 W, 64, 0x0000000000000400
2026/09/19 20:57:42.280, 2505 MHz, 14301 MHz, 48 %, 63.13 W, 62, 0x0000000000000400
2026/09/19 20:57:42.786, 2520 MHz, 14301 MHz, 48 %, 54.29 W, 62, 0x0000000000000400
2026/09/19 20:57:43.292, 2520 MHz, 14301 MHz, 50 %, 54.29 W, 62, 0x0000000000000400
2026/09/19 20:57:43.795, 2527 MHz, 14301 MHz, 52 %, 54.36 W, 62, 0x0000000000000400
2026/09/19 20:57:44.299, 2542 MHz, 14301 MHz, 52 %, 54.44 W, 62, 0x0000000000000400
2026/09/19 20:57:44.802, 2527 MHz, 14301 MHz, 52 %, 54.29 W, 62, 0x0000000000000400
2026/09/19 20:57:45.304, 2475 MHz, 14301 MHz, 54 %, 53.99 W, 61, 0x0000000000000400
2026/09/19 20:57:45.805, 2557 MHz, 14301 MHz, 51 %, 54.78 W, 62, 0x0000000000000400
2026/09/19 20:57:46.307, 2512 MHz, 14301 MHz, 53 %, 54.79 W, 61, 0x0000000000000400
2026/09/19 20:57:46.809, 2565 MHz, 14301 MHz, 52 %, 54.31 W, 62, 0x0000000000000400
2026/09/19 20:57:47.312, 2527 MHz, 14301 MHz, 54 %, 54.20 W, 62, 0x0000000000000400
2026/09/19 20:57:47.814, 2497 MHz, 14301 MHz, 54 %, 54.29 W, 61, 0x0000000000000400
2026/09/19 20:57:48.315, 2535 MHz, 14301 MHz, 51 %, 54.85 W, 61, 0x0000000000000400
2026/09/19 20:57:48.819, 2535 MHz, 14301 MHz, 54 %, 54.70 W, 61, 0x0000000000000400
2026/09/19 20:57:49.322, 2467 MHz, 14301 MHz, 54 %, 54.03 W, 62, 0x0000000000000400
2026/09/19 20:57:49.836, 2565 MHz, 14301 MHz, 54 %, 54.20 W, 62, 0x0000000000000400
2026/09/19 20:57:50.339, 2520 MHz, 14301 MHz, 53 %, 54.47 W, 61, 0x0000000000000400
2026/09/19 20:57:50.840, 2955 MHz, 14301 MHz, 99 %, 67.70 W, 64, 0x0000000000000400
2026/09/19 20:57:51.343, 2955 MHz, 14301 MHz, 99 %, 82.30 W, 64, 0x0000000000000400
2026/09/19 20:57:51.846, 2955 MHz, 14301 MHz, 98 %, 83.73 W, 64, 0x0000000000000400
2026/09/19 20:57:52.362, 2955 MHz, 14301 MHz, 99 %, 83.76 W, 64, 0x0000000000000400
2026/09/19 20:57:52.865, 2955 MHz, 14301 MHz, 98 %, 83.41 W, 64, 0x0000000000000400
2026/09/19 20:57:53.367, 2955 MHz, 14301 MHz, 99 %, 83.24 W, 65, 0x0000000000000400
2026/09/19 20:57:53.872, 2955 MHz, 14301 MHz, 99 %, 83.44 W, 65, 0x0000000000000400
2026/09/19 20:57:54.387, 2955 MHz, 14301 MHz, 99 %, 83.75 W, 65, 0x0000000000000400
2026/09/19 20:57:54.892, 2955 MHz, 14301 MHz, 99 %, 83.83 W, 65, 0x0000000000000400
2026/09/19 20:57:55.397, 2955 MHz, 14301 MHz, 98 %, 83.74 W, 65, 0x0000000000000400
2026/09/19 20:57:55.905, 2940 MHz, 14301 MHz, 99 %, 83.83 W, 65, 0x0000000000000400
2026/09/19 20:57:56.419, 2940 MHz, 14301 MHz, 99 %, 83.93 W, 65, 0x0000000000000400
2026/09/19 20:57:56.921, 2947 MHz, 14301 MHz, 98 %, 83.97 W, 65, 0x0000000000000400
2026/09/19 20:57:57.424, 2940 MHz, 14301 MHz, 99 %, 83.92 W, 65, 0x0000000000000400
2026/09/19 20:57:57.929, 2940 MHz, 14301 MHz, 99 %, 83.91 W, 65, 0x0000000000000400
2026/09/19 20:57:58.445, 2947 MHz, 14301 MHz, 99 %, 83.78 W, 65, 0x0000000000000400
2026/09/19 20:57:58.946, 2947 MHz, 14301 MHz, 99 %, 83.67 W, 65, 0x0000000000000400
2026/09/19 20:57:59.447, 2947 MHz, 14301 MHz, 99 %, 83.57 W, 65, 0x0000000000000400
2026/09/19 20:57:59.959, 2482 MHz, 14301 MHz, 52 %, 71.66 W, 63, 0x0000000000000400
2026/09/19 20:58:00.460, 2520 MHz, 14301 MHz, 49 %, 57.15 W, 62, 0x0000000000000400
2026/09/19 20:58:00.961, 2535 MHz, 14301 MHz, 51 %, 54.49 W, 62, 0x0000000000000400
2026/09/19 20:58:01.466, 2505 MHz, 14301 MHz, 53 %, 54.54 W, 62, 0x0000000000000400
2026/09/19 20:58:01.973, 2490 MHz, 14301 MHz, 53 %, 54.58 W, 62, 0x0000000000000400
2026/09/19 20:58:02.474, 2497 MHz, 14301 MHz, 54 %, 54.06 W, 62, 0x0000000000000400
2026/09/19 20:58:02.978, 2535 MHz, 14301 MHz, 53 %, 54.15 W, 62, 0x0000000000000400
2026/09/19 20:58:03.484, 2497 MHz, 14301 MHz, 53 %, 54.64 W, 62, 0x0000000000000400
2026/09/19 20:58:03.991, 2520 MHz, 14301 MHz, 52 %, 54.76 W, 61, 0x0000000000000400
2026/09/19 20:58:04.496, 2512 MHz, 14301 MHz, 51 %, 54.49 W, 62, 0x0000000000000400
2026/09/19 20:58:05.010, 2482 MHz, 14301 MHz, 52 %, 54.34 W, 62, 0x0000000000000400
2026/09/19 20:58:05.514, 2572 MHz, 14301 MHz, 54 %, 54.33 W, 62, 0x0000000000000400
2026/09/19 20:58:06.029, 2452 MHz, 14301 MHz, 52 %, 54.32 W, 62, 0x0000000000000400
2026/09/19 20:58:06.535, 2527 MHz, 14301 MHz, 53 %, 54.50 W, 61, 0x0000000000000400
2026/09/19 20:58:07.041, 2527 MHz, 14301 MHz, 51 %, 54.46 W, 61, 0x0000000000000400
2026/09/19 20:58:07.543, 2497 MHz, 14301 MHz, 54 %, 54.08 W, 62, 0x0000000000000400
2026/09/19 20:58:08.043, 2565 MHz, 14301 MHz, 98 %, 58.88 W, 63, 0x0000000000000400
2026/09/19 20:58:08.546, 2955 MHz, 14301 MHz, 99 %, 73.23 W, 64, 0x0000000000000400
2026/09/19 20:58:09.053, 2955 MHz, 14301 MHz, 99 %, 82.97 W, 64, 0x0000000000000400
2026/09/19 20:58:09.555, 2955 MHz, 14301 MHz, 99 %, 83.10 W, 64, 0x0000000000000400
2026/09/19 20:58:10.070, 2955 MHz, 14301 MHz, 99 %, 83.14 W, 65, 0x0000000000000400
2026/09/19 20:58:10.574, 2955 MHz, 14301 MHz, 99 %, 83.10 W, 65, 0x0000000000000400
2026/09/19 20:58:11.077, 2955 MHz, 14301 MHz, 99 %, 83.22 W, 65, 0x0000000000000400
2026/09/19 20:58:11.592, 2955 MHz, 14301 MHz, 99 %, 83.47 W, 64, 0x0000000000000400
2026/09/19 20:58:12.095, 2947 MHz, 14301 MHz, 99 %, 83.48 W, 65, 0x0000000000000400
2026/09/19 20:58:12.601, 2947 MHz, 14301 MHz, 99 %, 83.55 W, 65, 0x0000000000000400
2026/09/19 20:58:13.102, 2940 MHz, 14301 MHz, 99 %, 83.65 W, 65, 0x0000000000000400
2026/09/19 20:58:13.605, 2940 MHz, 14301 MHz, 99 %, 83.58 W, 65, 0x0000000000000400
2026/09/19 20:58:14.106, 2940 MHz, 14301 MHz, 99 %, 83.66 W, 65, 0x0000000000000400
2026/09/19 20:58:14.621, 2940 MHz, 14301 MHz, 99 %, 83.93 W, 65, 0x0000000000000400
2026/09/19 20:58:15.122, 2947 MHz, 14301 MHz, 99 %, 83.90 W, 65, 0x0000000000000400
2026/09/19 20:58:15.627, 2940 MHz, 14301 MHz, 99 %, 83.82 W, 65, 0x0000000000000400
2026/09/19 20:58:16.131, 2940 MHz, 14301 MHz, 99 %, 83.73 W, 65, 0x0000000000000400
2026/09/19 20:58:16.632, 2940 MHz, 14301 MHz, 98 %, 83.60 W, 65, 0x0000000000000400
2026/09/19 20:58:17.132, 2940 MHz, 14301 MHz, 73 %, 81.92 W, 64, 0x0000000000000400
2026/09/19 20:58:17.635, 2542 MHz, 14301 MHz, 52 %, 67.47 W, 63, 0x0000000000000400
2026/09/19 20:58:18.139, 2460 MHz, 14301 MHz, 50 %, 55.32 W, 62, 0x0000000000000400
2026/09/19 20:58:18.641, 2535 MHz, 14301 MHz, 51 %, 53.99 W, 62, 0x0000000000000400
2026/09/19 20:58:19.143, 2467 MHz, 14301 MHz, 52 %, 54.34 W, 62, 0x0000000000000400
2026/09/19 20:58:19.648, 2550 MHz, 14301 MHz, 53 %, 54.38 W, 62, 0x0000000000000400
2026/09/19 20:58:20.149, 2497 MHz, 14301 MHz, 54 %, 54.43 W, 62, 0x0000000000000400
2026/09/19 20:58:20.652, 2497 MHz, 14301 MHz, 53 %, 54.21 W, 61, 0x0000000000000400
2026/09/19 20:58:21.165, 2497 MHz, 14301 MHz, 51 %, 54.28 W, 61, 0x0000000000000400
2026/09/19 20:58:21.671, 2512 MHz, 14301 MHz, 53 %, 54.39 W, 61, 0x0000000000000400
2026/09/19 20:58:22.185, 2542 MHz, 14301 MHz, 52 %, 54.49 W, 62, 0x0000000000000400
2026/09/19 20:58:22.692, 2542 MHz, 14301 MHz, 53 %, 54.38 W, 62, 0x0000000000000400
2026/09/19 20:58:23.206, 2520 MHz, 14301 MHz, 54 %, 54.06 W, 61, 0x0000000000000400
2026/09/19 20:58:23.721, 2520 MHz, 14301 MHz, 51 %, 54.68 W, 61, 0x0000000000000400
2026/09/19 20:58:24.228, 2490 MHz, 14301 MHz, 54 %, 54.28 W, 61, 0x0000000000000400
2026/09/19 20:58:24.743, 2505 MHz, 14301 MHz, 52 %, 53.75 W, 62, 0x0000000000000400
2026/09/19 20:58:25.245, 2542 MHz, 14301 MHz, 54 %, 54.04 W, 61, 0x0000000000000400
2026/09/19 20:58:25.746, 2475 MHz, 14301 MHz, 53 %, 54.40 W, 61, 0x0000000000000400
2026/09/19 20:58:26.250, 2857 MHz, 14301 MHz, 98 %, 63.67 W, 64, 0x0000000000000400
2026/09/19 20:58:26.756, 2955 MHz, 14301 MHz, 99 %, 76.28 W, 64, 0x0000000000000400
2026/09/19 20:58:27.260, 2955 MHz, 14301 MHz, 98 %, 83.81 W, 64, 0x0000000000000400
2026/09/19 20:58:27.764, 2955 MHz, 14301 MHz, 99 %, 83.64 W, 65, 0x0000000000000400
2026/09/19 20:58:28.269, 2955 MHz, 14301 MHz, 99 %, 83.56 W, 64, 0x0000000000000400
2026/09/19 20:58:28.784, 2955 MHz, 14301 MHz, 99 %, 83.50 W, 64, 0x0000000000000400
2026/09/19 20:58:29.288, 2955 MHz, 14301 MHz, 98 %, 83.65 W, 65, 0x0000000000000400
2026/09/19 20:58:29.790, 2955 MHz, 14301 MHz, 98 %, 83.93 W, 64, 0x0000000000000400
2026/09/19 20:58:30.297, 2955 MHz, 14301 MHz, 98 %, 83.96 W, 65, 0x0000000000000400
2026/09/19 20:58:30.799, 2955 MHz, 14301 MHz, 98 %, 83.80 W, 65, 0x0000000000000400
2026/09/19 20:58:31.302, 2955 MHz, 14301 MHz, 99 %, 83.67 W, 65, 0x0000000000000400
2026/09/19 20:58:31.804, 2955 MHz, 14301 MHz, 99 %, 83.56 W, 65, 0x0000000000000400
2026/09/19 20:58:32.309, 2955 MHz, 14301 MHz, 99 %, 83.86 W, 65, 0x0000000000000400
2026/09/19 20:58:32.809, 2955 MHz, 14301 MHz, 99 %, 83.97 W, 65, 0x0000000000000400
2026/09/19 20:58:33.313, 2955 MHz, 14301 MHz, 98 %, 83.94 W, 65, 0x0000000000000400
2026/09/19 20:58:33.815, 2955 MHz, 14301 MHz, 99 %, 83.96 W, 65, 0x0000000000000400
2026/09/19 20:58:34.318, 2955 MHz, 14301 MHz, 99 %, 83.68 W, 65, 0x0000000000000400
2026/09/19 20:58:34.824, 2955 MHz, 14301 MHz, 98 %, 83.70 W, 65, 0x0000000000000400
2026/09/19 20:58:35.325, 2632 MHz, 14301 MHz, 51 %, 74.43 W, 63, 0x0000000000000400
2026/09/19 20:58:35.829, 2482 MHz, 14301 MHz, 51 %, 58.41 W, 62, 0x0000000000000400
2026/09/19 20:58:36.344, 2535 MHz, 14301 MHz, 53 %, 53.88 W, 62, 0x0000000000000400
2026/09/19 20:58:36.857, 2550 MHz, 14301 MHz, 52 %, 54.53 W, 62, 0x0000000000000400
2026/09/19 20:58:37.358, 2527 MHz, 14301 MHz, 54 %, 54.75 W, 62, 0x0000000000000400
2026/09/19 20:58:37.872, 2535 MHz, 14301 MHz, 53 %, 54.29 W, 61, 0x0000000000000400
2026/09/19 20:58:38.374, 2535 MHz, 14301 MHz, 53 %, 54.15 W, 61, 0x0000000000000400
2026/09/19 20:58:38.875, 2497 MHz, 14301 MHz, 52 %, 54.06 W, 62, 0x0000000000000400
2026/09/19 20:58:39.389, 2535 MHz, 14301 MHz, 53 %, 54.57 W, 62, 0x0000000000000400
2026/09/19 20:58:39.893, 2482 MHz, 14301 MHz, 53 %, 54.56 W, 62, 0x0000000000000400
2026/09/19 20:58:40.395, 2520 MHz, 14301 MHz, 54 %, 54.02 W, 62, 0x0000000000000400
2026/09/19 20:58:40.903, 2505 MHz, 14301 MHz, 54 %, 53.71 W, 62, 0x0000000000000400
2026/09/19 20:58:41.406, 2520 MHz, 14301 MHz, 54 %, 53.76 W, 62, 0x0000000000000400
2026/09/19 20:58:41.907, 2572 MHz, 14301 MHz, 47 %, 54.36 W, 62, 0x0000000000000400
2026/09/19 20:58:42.409, 2527 MHz, 14301 MHz, 52 %, 54.54 W, 62, 0x0000000000000400
2026/09/19 20:58:42.913, 2467 MHz, 14301 MHz, 53 %, 53.75 W, 62, 0x0000000000000400
2026/09/19 20:58:43.419, 2497 MHz, 14301 MHz, 54 %, 53.61 W, 62, 0x0000000000000400
2026/09/19 20:58:43.934, 2587 MHz, 14301 MHz, 57 %, 54.61 W, 62, 0x0000000000000400
2026/09/19 20:58:44.436, 2790 MHz, 14301 MHz, 76 %, 64.87 W, 63, 0x0000000000000400
2026/09/19 20:58:44.952, 2925 MHz, 14301 MHz, 99 %, 75.68 W, 64, 0x0000000000000400
2026/09/19 20:58:45.456, 2955 MHz, 14301 MHz, 99 %, 80.63 W, 64, 0x0000000000000400
2026/09/19 20:58:45.959, 2955 MHz, 14301 MHz, 99 %, 82.65 W, 64, 0x0000000000000400
2026/09/19 20:58:46.462, 2955 MHz, 14301 MHz, 99 %, 82.80 W, 65, 0x0000000000000400
2026/09/19 20:58:46.966, 2955 MHz, 14301 MHz, 98 %, 82.92 W, 64, 0x0000000000000400
2026/09/19 20:58:47.471, 2947 MHz, 14301 MHz, 99 %, 82.89 W, 65, 0x0000000000000400
2026/09/19 20:58:47.984, 2947 MHz, 14301 MHz, 99 %, 82.84 W, 65, 0x0000000000000400
2026/09/19 20:58:48.486, 2940 MHz, 14301 MHz, 99 %, 83.03 W, 65, 0x0000000000000400
2026/09/19 20:58:48.993, 2947 MHz, 14301 MHz, 99 %, 83.27 W, 65, 0x0000000000000400
2026/09/19 20:58:49.507, 2947 MHz, 14301 MHz, 99 %, 83.10 W, 65, 0x0000000000000400
2026/09/19 20:58:50.011, 2947 MHz, 14301 MHz, 98 %, 83.17 W, 65, 0x0000000000000400
2026/09/19 20:58:50.514, 2940 MHz, 14301 MHz, 99 %, 83.31 W, 65, 0x0000000000000400
2026/09/19 20:58:51.017, 2947 MHz, 14301 MHz, 99 %, 83.24 W, 65, 0x0000000000000400
2026/09/19 20:58:51.524, 2947 MHz, 14301 MHz, 99 %, 83.16 W, 65, 0x0000000000000400
2026/09/19 20:58:52.025, 2835 MHz, 14301 MHz, 84 %, 80.72 W, 64, 0x0000000000000400
2026/09/19 20:58:52.530, 2827 MHz, 14301 MHz, 98 %, 77.78 W, 64, 0x0000000000000400
2026/09/19 20:58:53.033, 2955 MHz, 14301 MHz, 78 %, 78.90 W, 65, 0x0000000000000400
2026/09/19 20:58:53.534, 2490 MHz, 14301 MHz, 50 %, 67.28 W, 62, 0x0000000000000400
2026/09/19 20:58:54.035, 2527 MHz, 14301 MHz, 50 %, 55.60 W, 62, 0x0000000000000400
2026/09/19 20:58:54.541, 2460 MHz, 14301 MHz, 52 %, 53.87 W, 62, 0x0000000000000400
2026/09/19 20:58:55.043, 2512 MHz, 14301 MHz, 54 %, 53.95 W, 62, 0x0000000000000400
2026/09/19 20:58:55.546, 2527 MHz, 14301 MHz, 53 %, 54.40 W, 62, 0x0000000000000400
2026/09/19 20:58:56.060, 2475 MHz, 14301 MHz, 52 %, 54.08 W, 62, 0x0000000000000400
2026/09/19 20:58:56.564, 2445 MHz, 14301 MHz, 52 %, 53.69 W, 62, 0x0000000000000400
2026/09/19 20:58:57.066, 2505 MHz, 14301 MHz, 53 %, 53.68 W, 62, 0x0000000000000400
2026/09/19 20:58:57.581, 2505 MHz, 14301 MHz, 53 %, 53.88 W, 62, 0x0000000000000400
2026/09/19 20:58:58.082, 2565 MHz, 14301 MHz, 52 %, 54.22 W, 61, 0x0000000000000400
2026/09/19 20:58:58.588, 2482 MHz, 14301 MHz, 54 %, 54.22 W, 61, 0x0000000000000400
2026/09/19 20:58:59.091, 2527 MHz, 14301 MHz, 53 %, 54.06 W, 61, 0x0000000000000400
2026/09/19 20:58:59.596, 2572 MHz, 14301 MHz, 51 %, 54.41 W, 62, 0x0000000000000400
2026/09/19 20:59:00.100, 2422 MHz, 14301 MHz, 47 %, 52.67 W, 61, 0x0000000000000400
2026/09/19 20:59:00.604, 2490 MHz, 14301 MHz, 51 %, 51.50 W, 62, 0x0000000000000400
2026/09/19 20:59:01.107, 2512 MHz, 14301 MHz, 54 %, 53.27 W, 61, 0x0000000000000400
2026/09/19 20:59:01.612, 2520 MHz, 14301 MHz, 51 %, 54.18 W, 62, 0x0000000000000400
2026/09/19 20:59:02.126, 2542 MHz, 14301 MHz, 52 %, 54.33 W, 61, 0x0000000000000400
2026/09/19 20:59:02.627, 2955 MHz, 14301 MHz, 99 %, 65.19 W, 63, 0x0000000000000400
2026/09/19 20:59:03.134, 2955 MHz, 14301 MHz, 99 %, 78.07 W, 64, 0x0000000000000400
2026/09/19 20:59:03.652, 2955 MHz, 14301 MHz, 99 %, 82.63 W, 64, 0x0000000000000400
2026/09/19 20:59:04.156, 2955 MHz, 14301 MHz, 98 %, 82.86 W, 64, 0x0000000000000400
2026/09/19 20:59:04.660, 2955 MHz, 14301 MHz, 99 %, 82.93 W, 64, 0x0000000000000400
2026/09/19 20:59:05.163, 2955 MHz, 14301 MHz, 99 %, 83.06 W, 64, 0x0000000000000400
2026/09/19 20:59:05.665, 2955 MHz, 14301 MHz, 99 %, 83.17 W, 65, 0x0000000000000400
2026/09/19 20:59:06.167, 2955 MHz, 14301 MHz, 99 %, 83.10 W, 64, 0x0000000000000400
2026/09/19 20:59:06.669, 2955 MHz, 14301 MHz, 99 %, 83.19 W, 65, 0x0000000000000400
2026/09/19 20:59:07.172, 2947 MHz, 14301 MHz, 99 %, 83.17 W, 65, 0x0000000000000400
2026/09/19 20:59:07.677, 2947 MHz, 14301 MHz, 99 %, 82.76 W, 64, 0x0000000000000400
2026/09/19 20:59:08.178, 2850 MHz, 14301 MHz, 69 %, 79.90 W, 64, 0x0000000000000400
2026/09/19 20:59:08.682, 2857 MHz, 14301 MHz, 99 %, 78.59 W, 64, 0x0000000000000400
2026/09/19 20:59:09.184, 2955 MHz, 14301 MHz, 99 %, 79.87 W, 65, 0x0000000000000400
2026/09/19 20:59:09.700, 2947 MHz, 14301 MHz, 99 %, 83.26 W, 65, 0x0000000000000400
2026/09/19 20:59:10.202, 2947 MHz, 14301 MHz, 99 %, 83.16 W, 65, 0x0000000000000400
2026/09/19 20:59:10.715, 2947 MHz, 14301 MHz, 99 %, 83.12 W, 65, 0x0000000000000400
2026/09/19 20:59:11.219, 2947 MHz, 14301 MHz, 99 %, 83.09 W, 65, 0x0000000000000400
2026/09/19 20:59:11.724, 2947 MHz, 14301 MHz, 82 %, 82.34 W, 65, 0x0000000000000400
2026/09/19 20:59:12.228, 2565 MHz, 14301 MHz, 50 %, 68.07 W, 62, 0x0000000000000400
2026/09/19 20:59:12.732, 2565 MHz, 14301 MHz, 50 %, 56.19 W, 62, 0x0000000000000400
2026/09/19 20:59:13.237, 2445 MHz, 14301 MHz, 53 %, 53.56 W, 62, 0x0000000000000400
2026/09/19 20:59:13.743, 2512 MHz, 14301 MHz, 52 %, 53.52 W, 62, 0x0000000000000400
2026/09/19 20:59:14.258, 2527 MHz, 14301 MHz, 53 %, 54.29 W, 62, 0x0000000000000400
2026/09/19 20:59:14.760, 2550 MHz, 14301 MHz, 54 %, 54.86 W, 62, 0x0000000000000400
2026/09/19 20:59:15.262, 2535 MHz, 14301 MHz, 51 %, 54.62 W, 62, 0x0000000000000400
2026/09/19 20:59:15.778, 2565 MHz, 14301 MHz, 53 %, 54.74 W, 62, 0x0000000000000400
2026/09/19 20:59:16.280, 2437 MHz, 14301 MHz, 48 %, 53.03 W, 61, 0x0000000000000400
2026/09/19 20:59:16.781, 2527 MHz, 14301 MHz, 53 %, 52.24 W, 62, 0x0000000000000400
2026/09/19 20:59:17.293, 2512 MHz, 14301 MHz, 53 %, 53.80 W, 62, 0x0000000000000400
2026/09/19 20:59:17.799, 2520 MHz, 14301 MHz, 53 %, 54.36 W, 62, 0x0000000000000400
2026/09/19 20:59:18.310, 2550 MHz, 14301 MHz, 51 %, 54.60 W, 62, 0x0000000000000400
2026/09/19 20:59:18.810, 2490 MHz, 14301 MHz, 52 %, 54.33 W, 62, 0x0000000000000400
2026/09/19 20:59:19.312, 2482 MHz, 14301 MHz, 54 %, 53.70 W, 62, 0x0000000000000400
2026/09/19 20:59:19.814, 2572 MHz, 14301 MHz, 56 %, 54.03 W, 62, 0x0000000000000400
2026/09/19 20:59:20.316, 2565 MHz, 14301 MHz, 53 %, 54.97 W, 61, 0x0000000000000400
2026/09/19 20:59:20.818, 2520 MHz, 14301 MHz, 56 %, 54.83 W, 61, 0x0000000000000400
2026/09/19 20:59:21.319, 2955 MHz, 14301 MHz, 98 %, 67.57 W, 64, 0x0000000000000400
2026/09/19 20:59:21.821, 2955 MHz, 14301 MHz, 98 %, 80.93 W, 64, 0x0000000000000400
2026/09/19 20:59:22.328, 2955 MHz, 14301 MHz, 99 %, 83.47 W, 64, 0x0000000000000400
2026/09/19 20:59:22.831, 2955 MHz, 14301 MHz, 99 %, 83.40 W, 64, 0x0000000000000400
2026/09/19 20:59:23.334, 2955 MHz, 14301 MHz, 99 %, 83.37 W, 65, 0x0000000000000400
2026/09/19 20:59:23.841, 2955 MHz, 14301 MHz, 98 %, 83.52 W, 64, 0x0000000000000400
2026/09/19 20:59:24.343, 2782 MHz, 14301 MHz, 74 %, 80.17 W, 63, 0x0000000000000400
2026/09/19 20:59:24.845, 2820 MHz, 14301 MHz, 99 %, 77.23 W, 64, 0x0000000000000400
2026/09/19 20:59:25.351, 2955 MHz, 14301 MHz, 98 %, 80.64 W, 64, 0x0000000000000400
2026/09/19 20:59:25.858, 2955 MHz, 14301 MHz, 99 %, 83.94 W, 65, 0x0000000000000400
2026/09/19 20:59:26.360, 2955 MHz, 14301 MHz, 98 %, 83.81 W, 65, 0x0000000000000400
2026/09/19 20:59:26.874, 2955 MHz, 14301 MHz, 98 %, 84.01 W, 65, 0x0000000000000400
2026/09/19 20:59:27.376, 2955 MHz, 14301 MHz, 99 %, 84.31 W, 65, 0x0000000000000400
2026/09/19 20:59:27.883, 2955 MHz, 14301 MHz, 99 %, 84.33 W, 65, 0x0000000000000400
2026/09/19 20:59:28.385, 2955 MHz, 14301 MHz, 99 %, 84.45 W, 65, 0x0000000000000400
2026/09/19 20:59:28.886, 2955 MHz, 14301 MHz, 99 %, 84.19 W, 65, 0x0000000000000400
2026/09/19 20:59:29.391, 2955 MHz, 14301 MHz, 99 %, 83.89 W, 65, 0x0000000000000400
2026/09/19 20:59:29.893, 2955 MHz, 14301 MHz, 98 %, 83.81 W, 65, 0x0000000000000400
2026/09/19 20:59:30.394, 2542 MHz, 14301 MHz, 51 %, 71.24 W, 62, 0x0000000000000400
2026/09/19 20:59:30.910, 2520 MHz, 14301 MHz, 51 %, 57.57 W, 62, 0x0000000000000400
2026/09/19 20:59:31.412, 2475 MHz, 14301 MHz, 54 %, 53.85 W, 61, 0x0000000000000400
2026/09/19 20:59:31.927, 2550 MHz, 14301 MHz, 55 %, 54.15 W, 62, 0x0000000000000400
2026/09/19 20:59:32.428, 2430 MHz, 14301 MHz, 41 %, 52.81 W, 62, 0x0000000000000400
2026/09/19 20:59:32.932, 2520 MHz, 14301 MHz, 53 %, 52.15 W, 61, 0x0000000000000400
2026/09/19 20:59:33.437, 2512 MHz, 14301 MHz, 51 %, 53.46 W, 61, 0x0000000000000400
2026/09/19 20:59:33.942, 2467 MHz, 14301 MHz, 54 %, 54.21 W, 62, 0x0000000000000400
2026/09/19 20:59:34.445, 2527 MHz, 14301 MHz, 52 %, 54.55 W, 62, 0x0000000000000400
2026/09/19 20:59:34.946, 2572 MHz, 14301 MHz, 51 %, 54.97 W, 61, 0x0000000000000400
2026/09/19 20:59:35.453, 2520 MHz, 14301 MHz, 51 %, 54.70 W, 61, 0x0000000000000400
2026/09/19 20:59:35.958, 2535 MHz, 14301 MHz, 52 %, 54.38 W, 61, 0x0000000000000400
2026/09/19 20:59:36.459, 2497 MHz, 14301 MHz, 53 %, 54.17 W, 62, 0x0000000000000400
2026/09/19 20:59:36.961, 2557 MHz, 14301 MHz, 51 %, 54.23 W, 62, 0x0000000000000400
2026/09/19 20:59:37.469, 2497 MHz, 14301 MHz, 54 %, 53.93 W, 62, 0x0000000000000400
2026/09/19 20:59:37.986, 2580 MHz, 14301 MHz, 55 %, 54.33 W, 61, 0x0000000000000400
2026/09/19 20:59:38.492, 2535 MHz, 14301 MHz, 53 %, 54.69 W, 61, 0x0000000000000400
2026/09/19 20:59:38.997, 2505 MHz, 14301 MHz, 79 %, 56.01 W, 62, 0x0000000000000400
2026/09/19 20:59:39.501, 2955 MHz, 14301 MHz, 99 %, 69.03 W, 64, 0x0000000000000400
2026/09/19 20:59:40.004, 2955 MHz, 14301 MHz, 99 %, 83.59 W, 64, 0x0000000000000400
2026/09/19 20:59:40.512, 2850 MHz, 14301 MHz, 98 %, 80.35 W, 64, 0x0000000000000400
2026/09/19 20:59:41.017, 2955 MHz, 14301 MHz, 99 %, 80.95 W, 64, 0x0000000000000400
2026/09/19 20:59:41.532, 2955 MHz, 14301 MHz, 99 %, 83.78 W, 65, 0x0000000000000400
2026/09/19 20:59:42.040, 2955 MHz, 14301 MHz, 99 %, 84.62 W, 65, 0x0000000000000400
2026/09/19 20:59:42.544, 2955 MHz, 14301 MHz, 98 %, 85.47 W, 65, 0x0000000000000400
2026/09/19 20:59:43.044, 2947 MHz, 14301 MHz, 99 %, 86.23 W, 65, 0x0000000000000400
2026/09/19 20:59:43.548, 2947 MHz, 14301 MHz, 99 %, 85.87 W, 65, 0x0000000000000400
2026/09/19 20:59:44.049, 2955 MHz, 14301 MHz, 99 %, 85.33 W, 65, 0x0000000000000400
2026/09/19 20:59:44.554, 2955 MHz, 14301 MHz, 99 %, 85.23 W, 65, 0x0000000000000400
2026/09/19 20:59:45.055, 2940 MHz, 14301 MHz, 99 %, 85.52 W, 65, 0x0000000000000400
2026/09/19 20:59:45.557, 2940 MHz, 14301 MHz, 99 %, 85.42 W, 65, 0x0000000000000400
2026/09/19 20:59:46.063, 2940 MHz, 14301 MHz, 99 %, 85.16 W, 65, 0x0000000000000400
2026/09/19 20:59:46.570, 2940 MHz, 14301 MHz, 98 %, 84.92 W, 65, 0x0000000000000400
2026/09/19 20:59:47.073, 2940 MHz, 14301 MHz, 99 %, 84.67 W, 65, 0x0000000000000400
2026/09/19 20:59:47.578, 2940 MHz, 14301 MHz, 99 %, 84.50 W, 65, 0x0000000000000400
2026/09/19 20:59:48.084, 2362 MHz, 14301 MHz, 36 %, 70.19 W, 62, 0x0000000000000400
2026/09/19 20:59:48.590, 2490 MHz, 14301 MHz, 51 %, 54.88 W, 62, 0x0000000000000400
2026/09/19 20:59:49.092, 2505 MHz, 14301 MHz, 52 %, 52.91 W, 62, 0x0000000000000400
2026/09/19 20:59:49.596, 2520 MHz, 14301 MHz, 52 %, 54.00 W, 62, 0x0000000000000400
2026/09/19 20:59:50.098, 2482 MHz, 14301 MHz, 53 %, 53.87 W, 62, 0x0000000000000400
2026/09/19 20:59:50.602, 2505 MHz, 14301 MHz, 51 %, 53.93 W, 62, 0x0000000000000400
2026/09/19 20:59:51.104, 2557 MHz, 14301 MHz, 52 %, 54.36 W, 62, 0x0000000000000400
2026/09/19 20:59:51.609, 2497 MHz, 14301 MHz, 52 %, 54.48 W, 61, 0x0000000000000400
2026/09/19 20:59:52.113, 2557 MHz, 14301 MHz, 52 %, 54.26 W, 61, 0x0000000000000400
2026/09/19 20:59:52.613, 2512 MHz, 14301 MHz, 53 %, 54.27 W, 62, 0x0000000000000400
2026/09/19 20:59:53.118, 2542 MHz, 14301 MHz, 52 %, 54.33 W, 62, 0x0000000000000400
2026/09/19 20:59:53.620, 2565 MHz, 14301 MHz, 53 %, 54.77 W, 62, 0x0000000000000400
2026/09/19 20:59:54.120, 2497 MHz, 14301 MHz, 53 %, 54.41 W, 61, 0x0000000000000400
2026/09/19 20:59:54.625, 2527 MHz, 14301 MHz, 54 %, 54.17 W, 62, 0x0000000000000400
2026/09/19 20:59:55.130, 2520 MHz, 14301 MHz, 54 %, 54.49 W, 61, 0x0000000000000400
2026/09/19 20:59:55.631, 2527 MHz, 14301 MHz, 54 %, 54.30 W, 61, 0x0000000000000400
2026/09/19 20:59:56.132, 2437 MHz, 14301 MHz, 46 %, 52.32 W, 61, 0x0000000000000400
2026/09/19 20:59:56.637, 2460 MHz, 14301 MHz, 53 %, 51.82 W, 62, 0x0000000000000400
2026/09/19 20:59:57.138, 2782 MHz, 14301 MHz, 99 %, 61.19 W, 64, 0x0000000000000400
2026/09/19 20:59:57.641, 2955 MHz, 14301 MHz, 99 %, 78.91 W, 65, 0x0000000000000400
2026/09/19 20:59:58.156, 2947 MHz, 14301 MHz, 99 %, 85.98 W, 65, 0x0000000000000400
2026/09/19 20:59:58.656, 2947 MHz, 14301 MHz, 99 %, 86.42 W, 65, 0x0000000000000400
2026/09/19 20:59:59.160, 2955 MHz, 14301 MHz, 99 %, 85.26 W, 64, 0x0000000000000400
2026/09/19 20:59:59.674, 2955 MHz, 14301 MHz, 99 %, 83.82 W, 64, 0x0000000000000400
2026/09/19 21:00:00.176, 2955 MHz, 14301 MHz, 98 %, 83.73 W, 65, 0x0000000000000400
2026/09/19 21:00:00.678, 2955 MHz, 14301 MHz, 99 %, 84.06 W, 65, 0x0000000000000400
2026/09/19 21:00:01.184, 2955 MHz, 14301 MHz, 99 %, 84.21 W, 65, 0x0000000000000400
2026/09/19 21:00:01.689, 2955 MHz, 14301 MHz, 99 %, 84.19 W, 65, 0x0000000000000400
2026/09/19 21:00:02.191, 2955 MHz, 14301 MHz, 99 %, 84.12 W, 65, 0x0000000000000400
2026/09/19 21:00:02.706, 2955 MHz, 14301 MHz, 99 %, 83.92 W, 65, 0x0000000000000400
2026/09/19 21:00:03.208, 2955 MHz, 14301 MHz, 99 %, 83.81 W, 65, 0x0000000000000400
2026/09/19 21:00:03.710, 2955 MHz, 14301 MHz, 99 %, 83.94 W, 65, 0x0000000000000400
2026/09/19 21:00:04.212, 2925 MHz, 14301 MHz, 86 %, 82.17 W, 65, 0x0000000000000400
2026/09/19 21:00:04.716, 2880 MHz, 14301 MHz, 98 %, 80.17 W, 65, 0x0000000000000400
2026/09/19 21:00:05.219, 2955 MHz, 14301 MHz, 99 %, 81.44 W, 65, 0x0000000000000400
2026/09/19 21:00:05.720, 2955 MHz, 14301 MHz, 99 %, 83.48 W, 65, 0x0000000000000400
2026/09/19 21:00:06.221, 2955 MHz, 14301 MHz, 50 %, 80.02 W, 64, 0x0000000000000400
2026/09/19 21:00:06.724, 2482 MHz, 14301 MHz, 51 %, 65.21 W, 63, 0x0000000000000400
2026/09/19 21:00:07.227, 2452 MHz, 14301 MHz, 51 %, 53.60 W, 62, 0x0000000000000400
2026/09/19 21:00:07.730, 2535 MHz, 14301 MHz, 52 %, 54.12 W, 62, 0x0000000000000400
2026/09/19 21:00:08.235, 2520 MHz, 14301 MHz, 51 %, 54.57 W, 62, 0x0000000000000400
2026/09/19 21:00:08.739, 2535 MHz, 14301 MHz, 53 %, 54.33 W, 62, 0x0000000000000400
2026/09/19 21:00:09.240, 2572 MHz, 14301 MHz, 53 %, 54.78 W, 62, 0x0000000000000400
2026/09/19 21:00:09.755, 2475 MHz, 14301 MHz, 54 %, 54.48 W, 62, 0x0000000000000400
2026/09/19 21:00:10.260, 2542 MHz, 14301 MHz, 52 %, 54.38 W, 61, 0x0000000000000400
2026/09/19 21:00:10.773, 2475 MHz, 14301 MHz, 52 %, 54.67 W, 62, 0x0000000000000400
2026/09/19 21:00:11.275, 2535 MHz, 14301 MHz, 54 %, 54.56 W, 62, 0x0000000000000400
2026/09/19 21:00:11.778, 2542 MHz, 14301 MHz, 54 %, 54.80 W, 61, 0x0000000000000400
2026/09/19 21:00:12.280, 2377 MHz, 14301 MHz, 50 %, 52.77 W, 62, 0x0000000000000400
2026/09/19 21:00:12.794, 2520 MHz, 14301 MHz, 53 %, 51.80 W, 61, 0x0000000000000400
2026/09/19 21:00:13.294, 2497 MHz, 14301 MHz, 54 %, 53.93 W, 62, 0x0000000000000400
2026/09/19 21:00:13.810, 2482 MHz, 14301 MHz, 55 %, 54.32 W, 61, 0x0000000000000400
2026/09/19 21:00:14.311, 2535 MHz, 14301 MHz, 52 %, 54.27 W, 62, 0x0000000000000400
2026/09/19 21:00:14.814, 2535 MHz, 14301 MHz, 54 %, 54.42 W, 62, 0x0000000000000400
2026/09/19 21:00:15.319, 2715 MHz, 14301 MHz, 98 %, 61.71 W, 63, 0x0000000000000400
2026/09/19 21:00:15.834, 2955 MHz, 14301 MHz, 99 %, 76.46 W, 64, 0x0000000000000400
2026/09/19 21:00:16.338, 2955 MHz, 14301 MHz, 99 %, 83.71 W, 64, 0x0000000000000400
2026/09/19 21:00:16.842, 2955 MHz, 14301 MHz, 99 %, 83.95 W, 64, 0x0000000000000400
2026/09/19 21:00:17.346, 2955 MHz, 14301 MHz, 98 %, 83.90 W, 65, 0x0000000000000400
2026/09/19 21:00:17.853, 2955 MHz, 14301 MHz, 99 %, 83.77 W, 65, 0x0000000000000400
2026/09/19 21:00:18.358, 2955 MHz, 14301 MHz, 99 %, 83.94 W, 65, 0x0000000000000400
2026/09/19 21:00:18.862, 2947 MHz, 14301 MHz, 98 %, 84.34 W, 65, 0x0000000000000400
2026/09/19 21:00:19.368, 2940 MHz, 14301 MHz, 99 %, 84.61 W, 65, 0x0000000000000400
2026/09/19 21:00:19.869, 2940 MHz, 14301 MHz, 98 %, 84.48 W, 65, 0x0000000000000400
2026/09/19 21:00:20.382, 2940 MHz, 14301 MHz, 73 %, 82.84 W, 65, 0x0000000000000400
2026/09/19 21:00:20.884, 2887 MHz, 14301 MHz, 98 %, 81.31 W, 65, 0x0000000000000400
2026/09/19 21:00:21.390, 2940 MHz, 14301 MHz, 98 %, 81.78 W, 65, 0x0000000000000400
2026/09/19 21:00:21.897, 2940 MHz, 14301 MHz, 98 %, 84.25 W, 65, 0x0000000000000400
2026/09/19 21:00:22.400, 2940 MHz, 14301 MHz, 99 %, 84.14 W, 65, 0x0000000000000400
2026/09/19 21:00:22.905, 2940 MHz, 14301 MHz, 99 %, 84.24 W, 65, 0x0000000000000400
2026/09/19 21:00:23.412, 2947 MHz, 14301 MHz, 99 %, 83.89 W, 65, 0x0000000000000400
2026/09/19 21:00:23.913, 2940 MHz, 14301 MHz, 99 %, 83.83 W, 65, 0x0000000000000400
2026/09/19 21:00:24.426, 2940 MHz, 14301 MHz, 52 %, 79.79 W, 64, 0x0000000000000400
2026/09/19 21:00:24.929, 2535 MHz, 14301 MHz, 48 %, 64.82 W, 62, 0x0000000000000400
2026/09/19 21:00:25.432, 2482 MHz, 14301 MHz, 52 %, 54.03 W, 62, 0x0000000000000400
2026/09/19 21:00:25.933, 2505 MHz, 14301 MHz, 52 %, 54.03 W, 62, 0x0000000000000400
2026/09/19 21:00:26.437, 2535 MHz, 14301 MHz, 52 %, 54.32 W, 62, 0x0000000000000400
2026/09/19 21:00:26.939, 2460 MHz, 14301 MHz, 54 %, 53.93 W, 62, 0x0000000000000400
2026/09/19 21:00:27.453, 2542 MHz, 14301 MHz, 55 %, 54.30 W, 62, 0x0000000000000400
2026/09/19 21:00:27.957, 2527 MHz, 14301 MHz, 51 %, 55.18 W, 61, 0x0000000000000400
2026/09/19 21:00:28.460, 2392 MHz, 14301 MHz, 39 %, 52.75 W, 61, 0x0000000000000400
2026/09/19 21:00:28.964, 2475 MHz, 14301 MHz, 52 %, 52.01 W, 62, 0x0000000000000400
2026/09/19 21:00:29.467, 2565 MHz, 14301 MHz, 53 %, 54.22 W, 62, 0x0000000000000400
2026/09/19 21:00:29.970, 2475 MHz, 14301 MHz, 54 %, 53.99 W, 62, 0x0000000000000400
2026/09/19 21:00:30.477, 2535 MHz, 14301 MHz, 53 %, 53.92 W, 62, 0x0000000000000400
2026/09/19 21:00:30.985, 2490 MHz, 14301 MHz, 54 %, 54.34 W, 61, 0x0000000000000400
2026/09/19 21:00:31.488, 2527 MHz, 14301 MHz, 51 %, 54.36 W, 61, 0x0000000000000400
2026/09/19 21:00:31.990, 2505 MHz, 14301 MHz, 54 %, 54.43 W, 61, 0x0000000000000400
2026/09/19 21:00:32.494, 2505 MHz, 14301 MHz, 53 %, 54.12 W, 62, 0x0000000000000400
2026/09/19 21:00:32.997, 2497 MHz, 14301 MHz, 52 %, 53.98 W, 61, 0x0000000000000400
2026/09/19 21:00:33.505, 2812 MHz, 14301 MHz, 99 %, 62.06 W, 64, 0x0000000000000400
2026/09/19 21:00:34.008, 2955 MHz, 14301 MHz, 98 %, 77.49 W, 64, 0x0000000000000400
2026/09/19 21:00:34.510, 2955 MHz, 14301 MHz, 99 %, 83.93 W, 64, 0x0000000000000400
2026/09/19 21:00:35.024, 2955 MHz, 14301 MHz, 99 %, 83.90 W, 65, 0x0000000000000400
2026/09/19 21:00:35.539, 2947 MHz, 14301 MHz, 99 %, 83.96 W, 64, 0x0000000000000400
2026/09/19 21:00:36.042, 2925 MHz, 14301 MHz, 74 %, 82.69 W, 64, 0x0000000000000400
2026/09/19 21:00:36.542, 2895 MHz, 14301 MHz, 99 %, 80.90 W, 65, 0x0000000000000400
2026/09/19 21:00:37.057, 2955 MHz, 14301 MHz, 98 %, 82.35 W, 65, 0x0000000000000400
2026/09/19 21:00:37.563, 2955 MHz, 14301 MHz, 98 %, 84.26 W, 65, 0x0000000000000400
2026/09/19 21:00:38.068, 2955 MHz, 14301 MHz, 99 %, 84.25 W, 65, 0x0000000000000400
2026/09/19 21:00:38.573, 2955 MHz, 14301 MHz, 99 %, 84.09 W, 65, 0x0000000000000400
2026/09/19 21:00:39.082, 2955 MHz, 14301 MHz, 99 %, 84.33 W, 65, 0x0000000000000400
2026/09/19 21:00:39.588, 2955 MHz, 14301 MHz, 99 %, 84.51 W, 65, 0x0000000000000400
2026/09/19 21:00:40.091, 2955 MHz, 14301 MHz, 99 %, 84.45 W, 65, 0x0000000000000400
2026/09/19 21:00:40.591, 2955 MHz, 14301 MHz, 99 %, 84.45 W, 65, 0x0000000000000400
2026/09/19 21:00:41.093, 2955 MHz, 14301 MHz, 99 %, 84.45 W, 65, 0x0000000000000400
2026/09/19 21:00:41.598, 2947 MHz, 14301 MHz, 98 %, 84.58 W, 65, 0x0000000000000400
2026/09/19 21:00:42.113, 2955 MHz, 14301 MHz, 52 %, 80.38 W, 63, 0x0000000000000400
2026/09/19 21:00:42.618, 2542 MHz, 14301 MHz, 48 %, 66.87 W, 62, 0x0000000000000400
2026/09/19 21:00:43.120, 2430 MHz, 14301 MHz, 50 %, 53.74 W, 62, 0x0000000000000400
2026/09/19 21:00:43.622, 2512 MHz, 14301 MHz, 53 %, 53.87 W, 62, 0x0000000000000400
2026/09/19 21:00:44.136, 2422 MHz, 14301 MHz, 41 %, 52.35 W, 62, 0x0000000000000400
2026/09/19 21:00:44.644, 2467 MHz, 14301 MHz, 51 %, 51.57 W, 62, 0x0000000000000400
2026/09/19 21:00:45.146, 2535 MHz, 14301 MHz, 50 %, 53.56 W, 61, 0x0000000000000400
2026/09/19 21:00:45.649, 2475 MHz, 14301 MHz, 55 %, 54.04 W, 61, 0x0000000000000400
2026/09/19 21:00:46.165, 2557 MHz, 14301 MHz, 51 %, 54.01 W, 62, 0x0000000000000400
2026/09/19 21:00:46.669, 2490 MHz, 14301 MHz, 56 %, 53.95 W, 62, 0x0000000000000400
2026/09/19 21:00:47.171, 2550 MHz, 14301 MHz, 54 %, 54.05 W, 62, 0x0000000000000400
2026/09/19 21:00:47.675, 2490 MHz, 14301 MHz, 54 %, 54.44 W, 62, 0x0000000000000400
2026/09/19 21:00:48.178, 2550 MHz, 14301 MHz, 51 %, 54.37 W, 61, 0x0000000000000400
2026/09/19 21:00:48.680, 2505 MHz, 14301 MHz, 52 %, 54.60 W, 62, 0x0000000000000400
2026/09/19 21:00:49.183, 2535 MHz, 14301 MHz, 54 %, 54.25 W, 62, 0x0000000000000400
2026/09/19 21:00:49.691, 2602 MHz, 14301 MHz, 54 %, 54.73 W, 61, 0x0000000000000400
2026/09/19 21:00:50.194, 2550 MHz, 14301 MHz, 53 %, 54.92 W, 61, 0x0000000000000400
2026/09/19 21:00:50.697, 2497 MHz, 14301 MHz, 52 %, 54.61 W, 61, 0x0000000000000400
2026/09/19 21:00:51.200, 2752 MHz, 14301 MHz, 99 %, 61.53 W, 63, 0x0000000000000400
2026/09/19 21:00:51.704, 2955 MHz, 14301 MHz, 99 %, 77.52 W, 64, 0x0000000000000400
2026/09/19 21:00:52.208, 2940 MHz, 14301 MHz, 92 %, 83.65 W, 64, 0x0000000000000400
2026/09/19 21:00:52.722, 2925 MHz, 14301 MHz, 98 %, 82.06 W, 65, 0x0000000000000400
2026/09/19 21:00:53.227, 2955 MHz, 14301 MHz, 99 %, 82.25 W, 64, 0x0000000000000400
2026/09/19 21:00:53.729, 2955 MHz, 14301 MHz, 99 %, 83.53 W, 65, 0x0000000000000400
2026/09/19 21:00:54.230, 2955 MHz, 14301 MHz, 99 %, 83.69 W, 64, 0x0000000000000400
2026/09/19 21:00:54.743, 2955 MHz, 14301 MHz, 99 %, 83.91 W, 64, 0x0000000000000400
2026/09/19 21:00:55.247, 2955 MHz, 14301 MHz, 99 %, 84.03 W, 65, 0x0000000000000400
2026/09/19 21:00:55.748, 2955 MHz, 14301 MHz, 99 %, 83.94 W, 65, 0x0000000000000400
2026/09/19 21:00:56.262, 2955 MHz, 14301 MHz, 98 %, 83.90 W, 65, 0x0000000000000400
2026/09/19 21:00:56.779, 2955 MHz, 14301 MHz, 99 %, 84.07 W, 65, 0x0000000000000400
2026/09/19 21:00:57.282, 2955 MHz, 14301 MHz, 99 %, 84.17 W, 65, 0x0000000000000400
2026/09/19 21:00:57.789, 2955 MHz, 14301 MHz, 99 %, 84.31 W, 65, 0x0000000000000400
2026/09/19 21:00:58.297, 2955 MHz, 14301 MHz, 98 %, 84.33 W, 65, 0x0000000000000400
2026/09/19 21:00:58.803, 2955 MHz, 14301 MHz, 99 %, 84.31 W, 65, 0x0000000000000400
2026/09/19 21:00:59.318, 2955 MHz, 14301 MHz, 99 %, 83.92 W, 65, 0x0000000000000400
2026/09/19 21:00:59.819, 2955 MHz, 14301 MHz, 99 %, 83.76 W, 66, 0x0000000000000400
2026/09/19 21:01:00.324, 2587 MHz, 14301 MHz, 45 %, 74.83 W, 62, 0x0000000000000400
2026/09/19 21:01:00.825, 2422 MHz, 14301 MHz, 51 %, 57.76 W, 62, 0x0000000000000400
2026/09/19 21:01:01.339, 2475 MHz, 14301 MHz, 52 %, 52.47 W, 62, 0x0000000000000400
2026/09/19 21:01:01.839, 2512 MHz, 14301 MHz, 52 %, 53.76 W, 62, 0x0000000000000400
2026/09/19 21:01:02.343, 2505 MHz, 14301 MHz, 52 %, 54.03 W, 63, 0x0000000000000400
2026/09/19 21:01:02.846, 2527 MHz, 14301 MHz, 55 %, 54.10 W, 62, 0x0000000000000400
2026/09/19 21:01:03.353, 2550 MHz, 14301 MHz, 52 %, 54.38 W, 62, 0x0000000000000400
2026/09/19 21:01:03.854, 2505 MHz, 14301 MHz, 52 %, 54.59 W, 62, 0x0000000000000400
2026/09/19 21:01:04.355, 2407 MHz, 14301 MHz, 46 %, 53.27 W, 61, 0x0000000000000400
2026/09/19 21:01:04.860, 2407 MHz, 14301 MHz, 42 %, 51.05 W, 62, 0x0000000000000400
2026/09/19 21:01:05.362, 2542 MHz, 14301 MHz, 54 %, 52.11 W, 62, 0x0000000000000400
2026/09/19 21:01:05.863, 2527 MHz, 14301 MHz, 53 %, 54.65 W, 62, 0x0000000000000400
2026/09/19 21:01:06.367, 2542 MHz, 14301 MHz, 51 %, 54.31 W, 61, 0x0000000000000400
2026/09/19 21:01:06.869, 2497 MHz, 14301 MHz, 53 %, 53.84 W, 61, 0x0000000000000400
2026/09/19 21:01:07.378, 2565 MHz, 14301 MHz, 52 %, 53.96 W, 62, 0x0000000000000400
2026/09/19 21:01:07.885, 2535 MHz, 14301 MHz, 53 %, 54.04 W, 62, 0x0000000000000400
2026/09/19 21:01:08.389, 2587 MHz, 14301 MHz, 54 %, 54.49 W, 61, 0x0000000000000400
2026/09/19 21:01:08.891, 2527 MHz, 14301 MHz, 53 %, 55.05 W, 62, 0x0000000000000400
2026/09/19 21:01:09.399, 2752 MHz, 14301 MHz, 98 %, 62.29 W, 63, 0x0000000000000400
2026/09/19 21:01:09.903, 2955 MHz, 14301 MHz, 99 %, 74.56 W, 64, 0x0000000000000400
2026/09/19 21:01:10.425, 2955 MHz, 14301 MHz, 99 %, 83.52 W, 64, 0x0000000000000400
2026/09/19 21:01:10.926, 2955 MHz, 14301 MHz, 99 %, 84.08 W, 64, 0x0000000000000400
2026/09/19 21:01:11.429, 2955 MHz, 14301 MHz, 99 %, 85.15 W, 65, 0x0000000000000400
2026/09/19 21:01:11.934, 2955 MHz, 14301 MHz, 99 %, 86.14 W, 65, 0x0000000000000400
2026/09/19 21:01:12.438, 2880 MHz, 14301 MHz, 84 %, 83.80 W, 64, 0x0000000000000400
2026/09/19 21:01:12.939, 2917 MHz, 14301 MHz, 98 %, 81.26 W, 65, 0x0000000000000400
2026/09/19 21:01:13.445, 2955 MHz, 14301 MHz, 98 %, 82.37 W, 65, 0x0000000000000400
2026/09/19 21:01:13.949, 2955 MHz, 14301 MHz, 99 %, 84.69 W, 65, 0x0000000000000400
2026/09/19 21:01:14.457, 2955 MHz, 14301 MHz, 99 %, 84.02 W, 65, 0x0000000000000400
2026/09/19 21:01:14.961, 2955 MHz, 14301 MHz, 99 %, 83.52 W, 65, 0x0000000000000400
2026/09/19 21:01:15.466, 2955 MHz, 14301 MHz, 99 %, 83.70 W, 65, 0x0000000000000400
2026/09/19 21:01:15.972, 2955 MHz, 14301 MHz, 99 %, 83.88 W, 65, 0x0000000000000400
2026/09/19 21:01:16.487, 2955 MHz, 14301 MHz, 99 %, 83.69 W, 65, 0x0000000000000400
2026/09/19 21:01:16.995, 2955 MHz, 14301 MHz, 99 %, 83.69 W, 65, 0x0000000000000400
2026/09/19 21:01:17.501, 2955 MHz, 14301 MHz, 99 %, 83.71 W, 65, 0x0000000000000400
2026/09/19 21:01:18.008, 2955 MHz, 14301 MHz, 98 %, 83.52 W, 65, 0x0000000000000400
2026/09/19 21:01:18.512, 2962 MHz, 14301 MHz, 51 %, 79.24 W, 64, 0x0000000000000400
2026/09/19 21:01:19.016, 2497 MHz, 14301 MHz, 51 %, 53.63 W, 62, 0x0000000000000400
2026/09/19 21:01:19.517, 2460 MHz, 14301 MHz, 51 %, 53.68 W, 62, 0x0000000000000400
2026/09/19 21:01:20.020, 2415 MHz, 14301 MHz, 43 %, 51.86 W, 62, 0x0000000000000400
2026/09/19 21:01:20.526, 2505 MHz, 14301 MHz, 53 %, 51.87 W, 62, 0x0000000000000400
2026/09/19 21:01:21.030, 2512 MHz, 14301 MHz, 52 %, 53.77 W, 62, 0x0000000000000400
2026/09/19 21:01:21.535, 2550 MHz, 14301 MHz, 52 %, 54.88 W, 62, 0x0000000000000400
2026/09/19 21:01:22.039, 2550 MHz, 14301 MHz, 53 %, 54.70 W, 62, 0x0000000000000400
2026/09/19 21:01:22.542, 2497 MHz, 14301 MHz, 56 %, 54.52 W, 62, 0x0000000000000400
2026/09/19 21:01:23.044, 2527 MHz, 14301 MHz, 52 %, 54.78 W, 62, 0x0000000000000400
2026/09/19 21:01:23.546, 2520 MHz, 14301 MHz, 53 %, 54.82 W, 61, 0x0000000000000400
2026/09/19 21:01:24.054, 2512 MHz, 14301 MHz, 52 %, 54.38 W, 62, 0x0000000000000400
2026/09/19 21:01:24.559, 2512 MHz, 14301 MHz, 52 %, 54.14 W, 62, 0x0000000000000400
2026/09/19 21:01:25.062, 2535 MHz, 14301 MHz, 53 %, 54.13 W, 61, 0x0000000000000400
2026/09/19 21:01:25.577, 2557 MHz, 14301 MHz, 53 %, 54.89 W, 61, 0x0000000000000400
2026/09/19 21:01:26.077, 2557 MHz, 14301 MHz, 54 %, 54.86 W, 61, 0x0000000000000400
2026/09/19 21:01:26.583, 2497 MHz, 14301 MHz, 56 %, 54.14 W, 61, 0x0000000000000400
2026/09/19 21:01:27.084, 2700 MHz, 14301 MHz, 99 %, 60.51 W, 63, 0x0000000000000400
2026/09/19 21:01:27.586, 2955 MHz, 14301 MHz, 99 %, 73.20 W, 64, 0x0000000000000400
2026/09/19 21:01:28.088, 2842 MHz, 14301 MHz, 79 %, 80.68 W, 63, 0x0000000000000400
2026/09/19 21:01:28.592, 2940 MHz, 14301 MHz, 99 %, 79.73 W, 64, 0x0000000000000400
2026/09/19 21:01:29.094, 2955 MHz, 14301 MHz, 99 %, 81.68 W, 64, 0x0000000000000400
2026/09/19 21:01:29.608, 2955 MHz, 14301 MHz, 99 %, 82.62 W, 64, 0x0000000000000400
2026/09/19 21:01:30.110, 2955 MHz, 14301 MHz, 99 %, 82.88 W, 64, 0x0000000000000400
2026/09/19 21:01:30.613, 2955 MHz, 14301 MHz, 99 %, 83.15 W, 65, 0x0000000000000400
2026/09/19 21:01:31.120, 2955 MHz, 14301 MHz, 99 %, 83.23 W, 64, 0x0000000000000400
2026/09/19 21:01:31.625, 2955 MHz, 14301 MHz, 98 %, 83.14 W, 65, 0x0000000000000400
2026/09/19 21:01:32.132, 2955 MHz, 14301 MHz, 99 %, 82.93 W, 65, 0x0000000000000400
2026/09/19 21:01:32.634, 2955 MHz, 14301 MHz, 99 %, 82.95 W, 65, 0x0000000000000400
2026/09/19 21:01:33.139, 2955 MHz, 14301 MHz, 99 %, 83.15 W, 65, 0x0000000000000400
2026/09/19 21:01:33.644, 2955 MHz, 14301 MHz, 99 %, 83.19 W, 65, 0x0000000000000400
2026/09/19 21:01:34.146, 2955 MHz, 14301 MHz, 99 %, 83.25 W, 65, 0x0000000000000400
2026/09/19 21:01:34.649, 2955 MHz, 14301 MHz, 99 %, 83.12 W, 65, 0x0000000000000400
2026/09/19 21:01:35.151, 2955 MHz, 14301 MHz, 99 %, 82.98 W, 65, 0x0000000000000400
2026/09/19 21:01:35.658, 2955 MHz, 14301 MHz, 99 %, 83.04 W, 65, 0x0000000000000400
2026/09/19 21:01:36.161, 2850 MHz, 14301 MHz, 86 %, 80.64 W, 64, 0x0000000000000400
2026/09/19 21:01:36.675, 2467 MHz, 14301 MHz, 53 %, 67.12 W, 62, 0x0000000000000400
2026/09/19 21:01:37.180, 2482 MHz, 14301 MHz, 50 %, 56.62 W, 62, 0x0000000000000400
2026/09/19 21:01:37.687, 2512 MHz, 14301 MHz, 52 %, 53.91 W, 62, 0x0000000000000400
2026/09/19 21:01:38.189, 2550 MHz, 14301 MHz, 52 %, 54.32 W, 62, 0x0000000000000400
2026/09/19 21:01:38.692, 2415 MHz, 14301 MHz, 49 %, 53.02 W, 61, 0x0000000000000400
2026/09/19 21:01:39.197, 2430 MHz, 14301 MHz, 54 %, 51.56 W, 61, 0x0000000000000400
2026/09/19 21:01:39.712, 2572 MHz, 14301 MHz, 52 %, 53.18 W, 61, 0x0000000000000400
2026/09/19 21:01:40.217, 2512 MHz, 14301 MHz, 53 %, 54.51 W, 61, 0x0000000000000400
2026/09/19 21:01:40.719, 2542 MHz, 14301 MHz, 53 %, 54.42 W, 62, 0x0000000000000400
2026/09/19 21:01:41.221, 2505 MHz, 14301 MHz, 53 %, 54.08 W, 62, 0x0000000000000400
2026/09/19 21:01:41.724, 2482 MHz, 14301 MHz, 53 %, 53.80 W, 62, 0x0000000000000400
2026/09/19 21:01:42.228, 2475 MHz, 14301 MHz, 52 %, 53.56 W, 62, 0x0000000000000400
2026/09/19 21:01:42.730, 2527 MHz, 14301 MHz, 53 %, 53.51 W, 61, 0x0000000000000400
2026/09/19 21:01:43.235, 2535 MHz, 14301 MHz, 50 %, 53.84 W, 61, 0x0000000000000400
2026/09/19 21:01:43.750, 2482 MHz, 14301 MHz, 51 %, 54.04 W, 61, 0x0000000000000400
2026/09/19 21:01:44.266, 2512 MHz, 14301 MHz, 53 %, 54.19 W, 61, 0x0000000000000400
2026/09/19 21:01:44.769, 2527 MHz, 14301 MHz, 52 %, 54.36 W, 62, 0x0000000000000400
2026/09/19 21:01:45.273, 2505 MHz, 14301 MHz, 54 %, 54.17 W, 62, 0x0000000000000400
2026/09/19 21:01:45.779, 2602 MHz, 14301 MHz, 98 %, 59.47 W, 63, 0x0000000000000400
2026/09/19 21:01:46.282, 2955 MHz, 14301 MHz, 99 %, 72.04 W, 64, 0x0000000000000400
2026/09/19 21:01:46.786, 2955 MHz, 14301 MHz, 99 %, 82.79 W, 64, 0x0000000000000400
2026/09/19 21:01:47.289, 2955 MHz, 14301 MHz, 87 %, 81.73 W, 63, 0x0000000000000400
2026/09/19 21:01:47.791, 2955 MHz, 14301 MHz, 99 %, 80.19 W, 65, 0x0000000000000400
2026/09/19 21:01:48.296, 2955 MHz, 14301 MHz, 99 %, 80.84 W, 65, 0x0000000000000400
2026/09/19 21:01:48.811, 2955 MHz, 14301 MHz, 99 %, 83.10 W, 64, 0x0000000000000400
2026/09/19 21:01:49.316, 2955 MHz, 14301 MHz, 99 %, 83.18 W, 65, 0x0000000000000400
2026/09/19 21:01:49.831, 2955 MHz, 14301 MHz, 98 %, 83.43 W, 65, 0x0000000000000400
2026/09/19 21:01:50.338, 2955 MHz, 14301 MHz, 99 %, 83.50 W, 65, 0x0000000000000400
2026/09/19 21:01:50.844, 2955 MHz, 14301 MHz, 99 %, 83.26 W, 65, 0x0000000000000400
2026/09/19 21:01:51.345, 2955 MHz, 14301 MHz, 99 %, 83.29 W, 65, 0x0000000000000400
2026/09/19 21:01:51.849, 2955 MHz, 14301 MHz, 99 %, 83.36 W, 65, 0x0000000000000400
2026/09/19 21:01:52.358, 2955 MHz, 14301 MHz, 99 %, 83.40 W, 65, 0x0000000000000400
2026/09/19 21:01:52.873, 2955 MHz, 14301 MHz, 99 %, 83.65 W, 65, 0x0000000000000400
2026/09/19 21:01:53.374, 2955 MHz, 14301 MHz, 99 %, 83.69 W, 65, 0x0000000000000400
2026/09/19 21:01:53.880, 2947 MHz, 14301 MHz, 99 %, 83.46 W, 65, 0x0000000000000400
2026/09/19 21:01:54.385, 2947 MHz, 14301 MHz, 99 %, 83.29 W, 65, 0x0000000000000400
2026/09/19 21:01:54.899, 2947 MHz, 14301 MHz, 98 %, 82.94 W, 63, 0x0000000000000400
2026/09/19 21:01:55.403, 2370 MHz, 14301 MHz, 47 %, 66.67 W, 62, 0x0000000000000400
2026/09/19 21:01:55.907, 2482 MHz, 14301 MHz, 52 %, 51.79 W, 62, 0x0000000000000400
2026/09/19 21:01:56.411, 2445 MHz, 14301 MHz, 53 %, 53.18 W, 62, 0x0000000000000400
2026/09/19 21:01:56.914, 2497 MHz, 14301 MHz, 55 %, 53.82 W, 62, 0x0000000000000400
2026/09/19 21:01:57.417, 2535 MHz, 14301 MHz, 53 %, 54.29 W, 62, 0x0000000000000400
2026/09/19 21:01:57.924, 2542 MHz, 14301 MHz, 52 %, 54.74 W, 61, 0x0000000000000400
2026/09/19 21:01:58.430, 2550 MHz, 14301 MHz, 52 %, 54.90 W, 62, 0x0000000000000400
2026/09/19 21:01:58.945, 2460 MHz, 14301 MHz, 51 %, 54.23 W, 61, 0x0000000000000400
2026/09/19 21:01:59.446, 2572 MHz, 14301 MHz, 52 %, 54.16 W, 62, 0x0000000000000400
2026/09/19 21:01:59.948, 2505 MHz, 14301 MHz, 53 %, 54.30 W, 62, 0x0000000000000400
2026/09/19 21:02:00.450, 2505 MHz, 14301 MHz, 56 %, 53.82 W, 62, 0x0000000000000400
2026/09/19 21:02:00.963, 2557 MHz, 14301 MHz, 50 %, 54.21 W, 62, 0x0000000000000400
2026/09/19 21:02:01.476, 2557 MHz, 14301 MHz, 53 %, 54.68 W, 62, 0x0000000000000400
2026/09/19 21:02:01.984, 2475 MHz, 14301 MHz, 53 %, 54.58 W, 61, 0x0000000000000400
2026/09/19 21:02:02.487, 2520 MHz, 14301 MHz, 52 %, 54.38 W, 61, 0x0000000000000400
2026/09/19 21:02:02.990, 2550 MHz, 14301 MHz, 52 %, 53.70 W, 61, 0x0000000000000400
2026/09/19 21:02:03.502, 2385 MHz, 14301 MHz, 47 %, 51.17 W, 61, 0x0000000000000400
2026/09/19 21:02:04.018, 2542 MHz, 14301 MHz, 52 %, 52.93 W, 63, 0x0000000000000400
2026/09/19 21:02:04.523, 2955 MHz, 14301 MHz, 98 %, 70.60 W, 64, 0x0000000000000400
2026/09/19 21:02:05.029, 2955 MHz, 14301 MHz, 98 %, 82.39 W, 64, 0x0000000000000400
2026/09/19 21:02:05.531, 2955 MHz, 14301 MHz, 99 %, 83.71 W, 64, 0x0000000000000400
2026/09/19 21:02:06.036, 2955 MHz, 14301 MHz, 99 %, 83.53 W, 65, 0x0000000000000400
2026/09/19 21:02:06.542, 2947 MHz, 14301 MHz, 81 %, 81.51 W, 63, 0x0000000000000400
2026/09/19 21:02:07.052, 2880 MHz, 14301 MHz, 99 %, 80.99 W, 64, 0x0000000000000400
2026/09/19 21:02:07.556, 2955 MHz, 14301 MHz, 98 %, 82.09 W, 65, 0x0000000000000400
2026/09/19 21:02:08.060, 2955 MHz, 14301 MHz, 98 %, 84.23 W, 65, 0x0000000000000400
2026/09/19 21:02:08.562, 2955 MHz, 14301 MHz, 98 %, 84.13 W, 65, 0x0000000000000400
2026/09/19 21:02:09.065, 2955 MHz, 14301 MHz, 99 %, 84.09 W, 65, 0x0000000000000400
2026/09/19 21:02:09.578, 2955 MHz, 14301 MHz, 98 %, 84.11 W, 65, 0x0000000000000400
2026/09/19 21:02:10.080, 2955 MHz, 14301 MHz, 98 %, 84.26 W, 65, 0x0000000000000400
2026/09/19 21:02:10.594, 2955 MHz, 14301 MHz, 99 %, 84.55 W, 65, 0x0000000000000400
2026/09/19 21:02:11.095, 2955 MHz, 14301 MHz, 99 %, 84.41 W, 65, 0x0000000000000400
2026/09/19 21:02:11.598, 2955 MHz, 14301 MHz, 99 %, 84.43 W, 65, 0x0000000000000400
2026/09/19 21:02:12.103, 2955 MHz, 14301 MHz, 99 %, 84.35 W, 65, 0x0000000000000400
2026/09/19 21:02:12.604, 2955 MHz, 14301 MHz, 51 %, 79.34 W, 64, 0x0000000000000400
2026/09/19 21:02:13.120, 2362 MHz, 14301 MHz, 37 %, 61.68 W, 62, 0x0000000000000400
2026/09/19 21:02:13.633, 2475 MHz, 14301 MHz, 51 %, 51.30 W, 62, 0x0000000000000400
2026/09/19 21:02:14.138, 2512 MHz, 14301 MHz, 52 %, 53.44 W, 62, 0x0000000000000400
2026/09/19 21:02:14.640, 2475 MHz, 14301 MHz, 53 %, 53.82 W, 62, 0x0000000000000400
2026/09/19 21:02:15.152, 2565 MHz, 14301 MHz, 51 %, 54.35 W, 62, 0x0000000000000400
2026/09/19 21:02:15.653, 2542 MHz, 14301 MHz, 51 %, 54.54 W, 62, 0x0000000000000400
2026/09/19 21:02:16.166, 2505 MHz, 14301 MHz, 52 %, 53.70 W, 62, 0x0000000000000400
2026/09/19 21:02:16.668, 2520 MHz, 14301 MHz, 52 %, 54.08 W, 62, 0x0000000000000400
2026/09/19 21:02:17.182, 2520 MHz, 14301 MHz, 54 %, 54.76 W, 62, 0x0000000000000400
2026/09/19 21:02:17.687, 2497 MHz, 14301 MHz, 53 %, 54.57 W, 62, 0x0000000000000400
2026/09/19 21:02:18.203, 2490 MHz, 14301 MHz, 53 %, 54.35 W, 61, 0x0000000000000400
2026/09/19 21:02:18.719, 2572 MHz, 14301 MHz, 51 %, 54.28 W, 61, 0x0000000000000400
2026/09/19 21:02:19.235, 2475 MHz, 14301 MHz, 51 %, 54.48 W, 62, 0x0000000000000400
2026/09/19 21:02:19.750, 2550 MHz, 14301 MHz, 52 %, 54.19 W, 62, 0x0000000000000400
2026/09/19 21:02:20.254, 2542 MHz, 14301 MHz, 53 %, 54.22 W, 62, 0x0000000000000400
2026/09/19 21:02:20.755, 2475 MHz, 14301 MHz, 46 %, 53.57 W, 61, 0x0000000000000400
2026/09/19 21:02:21.255, 2362 MHz, 14301 MHz, 54 %, 52.20 W, 61, 0x0000000000000400
2026/09/19 21:02:21.770, 2520 MHz, 14301 MHz, 98 %, 57.26 W, 63, 0x0000000000000400
2026/09/19 21:02:22.285, 2955 MHz, 14301 MHz, 99 %, 73.58 W, 64, 0x0000000000000400
2026/09/19 21:02:22.791, 2955 MHz, 14301 MHz, 99 %, 83.43 W, 64, 0x0000000000000400
2026/09/19 21:02:23.297, 2955 MHz, 14301 MHz, 99 %, 83.51 W, 65, 0x0000000000000400
2026/09/19 21:02:23.804, 2955 MHz, 14301 MHz, 99 %, 83.49 W, 64, 0x0000000000000400
2026/09/19 21:02:24.309, 2955 MHz, 14301 MHz, 99 %, 83.25 W, 64, 0x0000000000000400
2026/09/19 21:02:24.813, 2955 MHz, 14301 MHz, 99 %, 83.44 W, 65, 0x0000000000000400
2026/09/19 21:02:25.319, 2955 MHz, 14301 MHz, 99 %, 83.75 W, 65, 0x0000000000000400
2026/09/19 21:02:25.820, 2955 MHz, 14301 MHz, 98 %, 83.79 W, 65, 0x0000000000000400
2026/09/19 21:02:26.334, 2955 MHz, 14301 MHz, 99 %, 83.80 W, 65, 0x0000000000000400
2026/09/19 21:02:26.850, 2955 MHz, 14301 MHz, 98 %, 83.80 W, 65, 0x0000000000000400
2026/09/19 21:02:27.353, 2955 MHz, 14301 MHz, 99 %, 83.74 W, 65, 0x0000000000000400
2026/09/19 21:02:27.859, 2955 MHz, 14301 MHz, 99 %, 83.90 W, 65, 0x0000000000000400
2026/09/19 21:02:28.364, 2955 MHz, 14301 MHz, 99 %, 84.04 W, 65, 0x0000000000000400
2026/09/19 21:02:28.865, 2955 MHz, 14301 MHz, 99 %, 83.92 W, 65, 0x0000000000000400
2026/09/19 21:02:29.368, 2865 MHz, 14301 MHz, 83 %, 80.50 W, 64, 0x0000000000000400
2026/09/19 21:02:29.878, 2955 MHz, 14301 MHz, 99 %, 80.17 W, 65, 0x0000000000000400
2026/09/19 21:02:30.383, 2955 MHz, 14301 MHz, 99 %, 82.90 W, 65, 0x0000000000000400
2026/09/19 21:02:30.888, 2947 MHz, 14301 MHz, 62 %, 80.97 W, 64, 0x0000000000000400
2026/09/19 21:02:31.392, 2460 MHz, 14301 MHz, 55 %, 67.79 W, 63, 0x0000000000000400
2026/09/19 21:02:31.898, 2497 MHz, 14301 MHz, 52 %, 54.46 W, 62, 0x0000000000000400
2026/09/19 21:02:32.413, 2482 MHz, 14301 MHz, 54 %, 53.68 W, 62, 0x0000000000000400
2026/09/19 21:02:32.917, 2520 MHz, 14301 MHz, 52 %, 53.85 W, 62, 0x0000000000000400
2026/09/19 21:02:33.424, 2565 MHz, 14301 MHz, 52 %, 54.24 W, 62, 0x0000000000000400
2026/09/19 21:02:33.933, 2482 MHz, 14301 MHz, 54 %, 54.03 W, 62, 0x0000000000000400
2026/09/19 21:02:34.448, 2512 MHz, 14301 MHz, 53 %, 54.30 W, 62, 0x0000000000000400
2026/09/19 21:02:34.949, 2542 MHz, 14301 MHz, 53 %, 55.00 W, 62, 0x0000000000000400
2026/09/19 21:02:35.453, 2505 MHz, 14301 MHz, 53 %, 54.86 W, 62, 0x0000000000000400
2026/09/19 21:02:35.958, 2505 MHz, 14301 MHz, 56 %, 54.10 W, 62, 0x0000000000000400
2026/09/19 21:02:36.460, 2512 MHz, 14301 MHz, 54 %, 53.77 W, 61, 0x0000000000000400
2026/09/19 21:02:36.974, 2550 MHz, 14301 MHz, 45 %, 53.88 W, 61, 0x0000000000000400
2026/09/19 21:02:37.479, 2392 MHz, 14301 MHz, 51 %, 52.36 W, 61, 0x0000000000000400
2026/09/19 21:02:37.983, 2512 MHz, 14301 MHz, 54 %, 52.56 W, 61, 0x0000000000000400
2026/09/19 21:02:38.489, 2572 MHz, 14301 MHz, 53 %, 54.01 W, 61, 0x0000000000000400
2026/09/19 21:02:38.996, 2482 MHz, 14301 MHz, 53 %, 53.96 W, 61, 0x0000000000000400
2026/09/19 21:02:39.498, 2520 MHz, 14301 MHz, 53 %, 53.86 W, 61, 0x0000000000000400
2026/09/19 21:02:40.000, 2512 MHz, 14301 MHz, 54 %, 54.15 W, 61, 0x0000000000000400
2026/09/19 21:02:40.502, 2955 MHz, 14301 MHz, 99 %, 68.43 W, 64, 0x0000000000000400
2026/09/19 21:02:41.011, 2955 MHz, 14301 MHz, 99 %, 80.33 W, 64, 0x0000000000000400
2026/09/19 21:02:41.526, 2955 MHz, 14301 MHz, 98 %, 83.04 W, 64, 0x0000000000000400
2026/09/19 21:02:42.033, 2955 MHz, 14301 MHz, 99 %, 83.04 W, 64, 0x0000000000000400
2026/09/19 21:02:42.538, 2955 MHz, 14301 MHz, 99 %, 83.02 W, 64, 0x0000000000000400
2026/09/19 21:02:43.039, 2955 MHz, 14301 MHz, 99 %, 83.24 W, 65, 0x0000000000000400
2026/09/19 21:02:43.547, 2955 MHz, 14301 MHz, 99 %, 83.46 W, 65, 0x0000000000000400
2026/09/19 21:02:44.050, 2940 MHz, 14301 MHz, 99 %, 83.67 W, 65, 0x0000000000000400
2026/09/19 21:02:44.554, 2947 MHz, 14301 MHz, 98 %, 83.40 W, 65, 0x0000000000000400
2026/09/19 21:02:45.056, 2902 MHz, 14301 MHz, 95 %, 81.39 W, 64, 0x0000000000000400
2026/09/19 21:02:45.571, 2955 MHz, 14301 MHz, 99 %, 81.35 W, 65, 0x0000000000000400
2026/09/19 21:02:46.073, 2940 MHz, 14301 MHz, 98 %, 83.49 W, 65, 0x0000000000000400
2026/09/19 21:02:46.573, 2940 MHz, 14301 MHz, 99 %, 83.60 W, 65, 0x0000000000000400
2026/09/19 21:02:47.076, 2947 MHz, 14301 MHz, 90 %, 83.29 W, 64, 0x0000000000000400
2026/09/19 21:02:47.581, 2782 MHz, 14301 MHz, 99 %, 80.96 W, 65, 0x0000000000000400
2026/09/19 21:02:48.088, 2955 MHz, 14301 MHz, 99 %, 81.30 W, 65, 0x0000000000000400
2026/09/19 21:02:48.603, 2955 MHz, 14301 MHz, 99 %, 83.52 W, 65, 0x0000000000000400
2026/09/19 21:02:49.105, 2887 MHz, 14301 MHz, 52 %, 74.97 W, 63, 0x0000000000000400
2026/09/19 21:02:49.605, 2460 MHz, 14301 MHz, 50 %, 61.92 W, 62, 0x0000000000000400
2026/09/19 21:02:50.109, 2467 MHz, 14301 MHz, 50 %, 53.31 W, 62, 0x0000000000000400
2026/09/19 21:02:50.611, 2520 MHz, 14301 MHz, 54 %, 53.63 W, 62, 0x0000000000000400
2026/09/19 21:02:51.115, 2527 MHz, 14301 MHz, 52 %, 54.32 W, 62, 0x0000000000000400
2026/09/19 21:02:51.617, 2505 MHz, 14301 MHz, 53 %, 54.33 W, 62, 0x0000000000000400
2026/09/19 21:02:52.121, 2482 MHz, 14301 MHz, 57 %, 53.96 W, 62, 0x0000000000000400
2026/09/19 21:02:52.626, 2557 MHz, 14301 MHz, 54 %, 54.48 W, 62, 0x0000000000000400
2026/09/19 21:02:53.128, 2527 MHz, 14301 MHz, 53 %, 54.81 W, 62, 0x0000000000000400
2026/09/19 21:02:53.642, 2475 MHz, 14301 MHz, 52 %, 54.33 W, 61, 0x0000000000000400
2026/09/19 21:02:54.156, 2527 MHz, 14301 MHz, 53 %, 54.28 W, 61, 0x0000000000000400
2026/09/19 21:02:54.658, 2535 MHz, 14301 MHz, 41 %, 53.90 W, 61, 0x0000000000000400
2026/09/19 21:02:55.160, 2407 MHz, 14301 MHz, 52 %, 52.13 W, 61, 0x0000000000000400
2026/09/19 21:02:55.664, 2520 MHz, 14301 MHz, 53 %, 52.68 W, 61, 0x0000000000000400
2026/09/19 21:02:56.166, 2490 MHz, 14301 MHz, 53 %, 54.68 W, 61, 0x0000000000000400
2026/09/19 21:02:56.670, 2512 MHz, 14301 MHz, 51 %, 54.08 W, 61, 0x0000000000000400
2026/09/19 21:02:57.177, 2527 MHz, 14301 MHz, 55 %, 54.47 W, 62, 0x0000000000000400
2026/09/19 21:02:57.681, 2505 MHz, 14301 MHz, 54 %, 54.47 W, 62, 0x0000000000000400
2026/09/19 21:02:58.184, 2797 MHz, 14301 MHz, 99 %, 65.22 W, 64, 0x0000000000000400
2026/09/19 21:02:58.685, 2955 MHz, 14301 MHz, 99 %, 81.11 W, 64, 0x0000000000000400
2026/09/19 21:02:59.190, 2955 MHz, 14301 MHz, 99 %, 83.82 W, 65, 0x0000000000000400
2026/09/19 21:02:59.691, 2955 MHz, 14301 MHz, 98 %, 83.80 W, 64, 0x0000000000000400
2026/09/19 21:03:00.201, 2955 MHz, 14301 MHz, 99 %, 83.73 W, 64, 0x0000000000000400
2026/09/19 21:03:00.705, 2955 MHz, 14301 MHz, 98 %, 83.66 W, 65, 0x0000000000000400
2026/09/19 21:03:01.209, 2955 MHz, 14301 MHz, 99 %, 83.72 W, 65, 0x0000000000000400
2026/09/19 21:03:01.714, 2955 MHz, 14301 MHz, 99 %, 83.91 W, 65, 0x0000000000000400
2026/09/19 21:03:02.218, 2955 MHz, 14301 MHz, 99 %, 84.00 W, 65, 0x0000000000000400
2026/09/19 21:03:02.721, 2947 MHz, 14301 MHz, 99 %, 83.85 W, 65, 0x0000000000000400
2026/09/19 21:03:03.236, 2550 MHz, 14301 MHz, 99 %, 78.65 W, 64, 0x0000000000000400
2026/09/19 21:03:03.739, 2955 MHz, 14301 MHz, 99 %, 78.68 W, 65, 0x0000000000000400
2026/09/19 21:03:04.245, 2955 MHz, 14301 MHz, 99 %, 84.10 W, 65, 0x0000000000000400
2026/09/19 21:03:04.750, 2955 MHz, 14301 MHz, 98 %, 84.23 W, 65, 0x0000000000000400
2026/09/19 21:03:05.253, 2925 MHz, 14301 MHz, 99 %, 80.88 W, 65, 0x0000000000000400
2026/09/19 21:03:05.756, 2955 MHz, 14301 MHz, 99 %, 81.10 W, 65, 0x0000000000000400
2026/09/19 21:03:06.268, 2955 MHz, 14301 MHz, 99 %, 83.83 W, 65, 0x0000000000000400
2026/09/19 21:03:06.769, 2955 MHz, 14301 MHz, 99 %, 83.84 W, 65, 0x0000000000000400
2026/09/19 21:03:07.270, 2535 MHz, 14301 MHz, 51 %, 74.12 W, 63, 0x0000000000000400
2026/09/19 21:03:07.770, 2535 MHz, 14301 MHz, 51 %, 60.77 W, 62, 0x0000000000000400
2026/09/19 21:03:08.276, 2467 MHz, 14301 MHz, 52 %, 53.69 W, 62, 0x0000000000000400
2026/09/19 21:03:08.778, 2527 MHz, 14301 MHz, 53 %, 54.12 W, 62, 0x0000000000000400
2026/09/19 21:03:09.282, 2550 MHz, 14301 MHz, 52 %, 54.60 W, 62, 0x0000000000000400
2026/09/19 21:03:09.783, 2497 MHz, 14301 MHz, 54 %, 54.30 W, 62, 0x0000000000000400
2026/09/19 21:03:10.286, 2557 MHz, 14301 MHz, 53 %, 54.36 W, 62, 0x0000000000000400
2026/09/19 21:03:10.789, 2520 MHz, 14301 MHz, 51 %, 54.57 W, 61, 0x0000000000000400
2026/09/19 21:03:11.291, 2497 MHz, 14301 MHz, 52 %, 54.61 W, 62, 0x0000000000000400
2026/09/19 21:03:11.794, 2505 MHz, 14301 MHz, 54 %, 54.46 W, 62, 0x0000000000000400
2026/09/19 21:03:12.300, 2535 MHz, 14301 MHz, 52 %, 54.34 W, 62, 0x0000000000000400
2026/09/19 21:03:12.802, 2505 MHz, 14301 MHz, 54 %, 54.12 W, 61, 0x0000000000000400
2026/09/19 21:03:13.317, 2512 MHz, 14301 MHz, 52 %, 54.58 W, 61, 0x0000000000000400
2026/09/19 21:03:13.820, 2452 MHz, 14301 MHz, 52 %, 54.44 W, 62, 0x0000000000000400
2026/09/19 21:03:14.322, 2550 MHz, 14301 MHz, 54 %, 53.98 W, 62, 0x0000000000000400
2026/09/19 21:03:14.837, 2520 MHz, 14301 MHz, 53 %, 54.40 W, 61, 0x0000000000000400
2026/09/19 21:03:15.352, 2505 MHz, 14301 MHz, 53 %, 54.51 W, 61, 0x0000000000000400
2026/09/19 21:03:15.856, 2820 MHz, 14301 MHz, 98 %, 58.87 W, 63, 0x0000000000000400
2026/09/19 21:03:16.364, 2955 MHz, 14301 MHz, 98 %, 71.70 W, 64, 0x0000000000000400
2026/09/19 21:03:16.869, 2955 MHz, 14301 MHz, 99 %, 83.43 W, 64, 0x0000000000000400
2026/09/19 21:03:17.374, 2955 MHz, 14301 MHz, 99 %, 83.57 W, 64, 0x0000000000000400
2026/09/19 21:03:17.879, 2955 MHz, 14301 MHz, 99 %, 83.52 W, 64, 0x0000000000000400
2026/09/19 21:03:18.380, 2955 MHz, 14301 MHz, 99 %, 83.44 W, 65, 0x0000000000000400
2026/09/19 21:03:18.882, 2955 MHz, 14301 MHz, 99 %, 83.69 W, 65, 0x0000000000000400
2026/09/19 21:03:19.398, 2955 MHz, 14301 MHz, 99 %, 83.89 W, 65, 0x0000000000000400
2026/09/19 21:03:19.905, 2955 MHz, 14301 MHz, 99 %, 84.01 W, 65, 0x0000000000000400
2026/09/19 21:03:20.407, 2955 MHz, 14301 MHz, 99 %, 84.07 W, 65, 0x0000000000000400
2026/09/19 21:03:20.908, 2955 MHz, 14301 MHz, 99 %, 84.00 W, 65, 0x0000000000000400
2026/09/19 21:03:21.411, 2955 MHz, 14301 MHz, 99 %, 83.93 W, 65, 0x0000000000000400
2026/09/19 21:03:21.912, 2872 MHz, 14301 MHz, 80 %, 83.26 W, 65, 0x0000000000000400
2026/09/19 21:03:22.416, 2955 MHz, 14301 MHz, 99 %, 82.68 W, 65, 0x0000000000000400
2026/09/19 21:03:22.920, 2955 MHz, 14301 MHz, 99 %, 82.87 W, 65, 0x0000000000000400
2026/09/19 21:03:23.424, 2955 MHz, 14301 MHz, 99 %, 84.14 W, 65, 0x0000000000000400
2026/09/19 21:03:23.940, 2955 MHz, 14301 MHz, 99 %, 84.13 W, 65, 0x0000000000000400
2026/09/19 21:03:24.444, 2955 MHz, 14301 MHz, 99 %, 84.05 W, 65, 0x0000000000000400
2026/09/19 21:03:24.949, 2790 MHz, 14301 MHz, 52 %, 80.99 W, 64, 0x0000000000000400
2026/09/19 21:03:25.450, 2572 MHz, 14301 MHz, 51 %, 66.68 W, 62, 0x0000000000000400
2026/09/19 21:03:25.953, 2542 MHz, 14301 MHz, 52 %, 55.31 W, 62, 0x0000000000000400
2026/09/19 21:03:26.455, 2542 MHz, 14301 MHz, 55 %, 54.48 W, 62, 0x0000000000000400
2026/09/19 21:03:26.956, 2460 MHz, 14301 MHz, 51 %, 54.16 W, 62, 0x0000000000000400
2026/09/19 21:03:27.460, 2535 MHz, 14301 MHz, 56 %, 54.18 W, 62, 0x0000000000000400
2026/09/19 21:03:27.962, 2572 MHz, 14301 MHz, 54 %, 54.45 W, 62, 0x0000000000000400
2026/09/19 21:03:28.475, 2520 MHz, 14301 MHz, 52 %, 54.59 W, 62, 0x0000000000000400
2026/09/19 21:03:28.976, 2460 MHz, 14301 MHz, 55 %, 54.39 W, 62, 0x0000000000000400
2026/09/19 21:03:29.481, 2595 MHz, 14301 MHz, 53 %, 54.35 W, 62, 0x0000000000000400
2026/09/19 21:03:29.986, 2542 MHz, 14301 MHz, 52 %, 54.51 W, 62, 0x0000000000000400
2026/09/19 21:03:30.490, 2497 MHz, 14301 MHz, 54 %, 54.76 W, 62, 0x0000000000000400
2026/09/19 21:03:30.991, 2505 MHz, 14301 MHz, 52 %, 54.47 W, 61, 0x0000000000000400
2026/09/19 21:03:31.493, 2490 MHz, 14301 MHz, 52 %, 53.99 W, 62, 0x0000000000000400
2026/09/19 21:03:31.994, 2542 MHz, 14301 MHz, 52 %, 54.18 W, 62, 0x0000000000000400
2026/09/19 21:03:32.500, 2587 MHz, 14301 MHz, 56 %, 54.61 W, 62, 0x0000000000000400
2026/09/19 21:03:33.004, 2505 MHz, 14301 MHz, 53 %, 54.41 W, 61, 0x0000000000000400
2026/09/19 21:03:33.508, 2497 MHz, 14301 MHz, 51 %, 54.08 W, 61, 0x0000000000000400
2026/09/19 21:03:34.016, 2955 MHz, 14301 MHz, 98 %, 64.11 W, 64, 0x0000000000000400
2026/09/19 21:03:34.518, 2955 MHz, 14301 MHz, 99 %, 77.60 W, 64, 0x0000000000000400
2026/09/19 21:03:35.022, 2955 MHz, 14301 MHz, 99 %, 83.75 W, 64, 0x0000000000000400
2026/09/19 21:03:35.526, 2955 MHz, 14301 MHz, 98 %, 83.70 W, 65, 0x0000000000000400
2026/09/19 21:03:36.029, 2955 MHz, 14301 MHz, 99 %, 83.68 W, 65, 0x0000000000000400
2026/09/19 21:03:36.532, 2955 MHz, 14301 MHz, 98 %, 83.67 W, 65, 0x0000000000000400
2026/09/19 21:03:37.038, 2955 MHz, 14301 MHz, 99 %, 83.88 W, 65, 0x0000000000000400
2026/09/19 21:03:37.542, 2955 MHz, 14301 MHz, 99 %, 84.12 W, 65, 0x0000000000000400
2026/09/19 21:03:38.042, 2955 MHz, 14301 MHz, 99 %, 84.18 W, 65, 0x0000000000000400
2026/09/19 21:03:38.554, 2955 MHz, 14301 MHz, 99 %, 84.01 W, 65, 0x0000000000000400
2026/09/19 21:03:39.060, 2955 MHz, 14301 MHz, 98 %, 84.01 W, 65, 0x0000000000000400
2026/09/19 21:03:39.564, 2955 MHz, 14301 MHz, 98 %, 84.22 W, 65, 0x0000000000000400
2026/09/19 21:03:40.068, 2955 MHz, 14301 MHz, 99 %, 84.23 W, 65, 0x0000000000000400
2026/09/19 21:03:40.571, 2955 MHz, 14301 MHz, 99 %, 84.29 W, 65, 0x0000000000000400
2026/09/19 21:03:41.076, 2955 MHz, 14301 MHz, 99 %, 84.18 W, 65, 0x0000000000000400
2026/09/19 21:03:41.580, 2955 MHz, 14301 MHz, 99 %, 83.90 W, 65, 0x0000000000000400
2026/09/19 21:03:42.084, 2955 MHz, 14301 MHz, 99 %, 83.98 W, 65, 0x0000000000000400
2026/09/19 21:03:42.591, 2520 MHz, 14301 MHz, 52 %, 72.60 W, 63, 0x0000000000000400
2026/09/19 21:03:43.096, 2512 MHz, 14301 MHz, 52 %, 57.79 W, 62, 0x0000000000000400
2026/09/19 21:03:43.598, 2542 MHz, 14301 MHz, 51 %, 54.71 W, 62, 0x0000000000000400
2026/09/19 21:03:44.111, 2527 MHz, 14301 MHz, 51 %, 54.62 W, 62, 0x0000000000000400
2026/09/19 21:03:44.616, 2490 MHz, 14301 MHz, 52 %, 54.31 W, 62, 0x0000000000000400
2026/09/19 21:03:45.119, 2505 MHz, 14301 MHz, 52 %, 54.25 W, 62, 0x0000000000000400
2026/09/19 21:03:45.625, 2512 MHz, 14301 MHz, 53 %, 54.06 W, 62, 0x0000000000000400
2026/09/19 21:03:46.125, 2542 MHz, 14301 MHz, 53 %, 54.18 W, 62, 0x0000000000000400
2026/09/19 21:03:46.627, 2512 MHz, 14301 MHz, 53 %, 54.60 W, 62, 0x0000000000000400
2026/09/19 21:03:47.133, 2505 MHz, 14301 MHz, 52 %, 54.71 W, 61, 0x0000000000000400
2026/09/19 21:03:47.647, 2535 MHz, 14301 MHz, 53 %, 54.59 W, 62, 0x0000000000000400
2026/09/19 21:03:48.152, 2527 MHz, 14301 MHz, 51 %, 54.59 W, 62, 0x0000000000000400
2026/09/19 21:03:48.657, 2520 MHz, 14301 MHz, 52 %, 54.44 W, 62, 0x0000000000000400
2026/09/19 21:03:49.160, 2580 MHz, 14301 MHz, 53 %, 54.79 W, 61, 0x0000000000000400
2026/09/19 21:03:49.664, 2475 MHz, 14301 MHz, 53 %, 54.87 W, 61, 0x0000000000000400
2026/09/19 21:03:50.165, 2565 MHz, 14301 MHz, 52 %, 54.70 W, 62, 0x0000000000000400
2026/09/19 21:03:50.670, 2460 MHz, 14301 MHz, 56 %, 54.38 W, 62, 0x0000000000000400
2026/09/19 21:03:51.174, 2767 MHz, 14301 MHz, 99 %, 57.39 W, 63, 0x0000000000000400
2026/09/19 21:03:51.679, 2955 MHz, 14301 MHz, 99 %, 72.45 W, 64, 0x0000000000000400
2026/09/19 21:03:52.180, 2955 MHz, 14301 MHz, 99 %, 83.45 W, 64, 0x0000000000000400
2026/09/19 21:03:52.686, 2955 MHz, 14301 MHz, 99 %, 83.72 W, 64, 0x0000000000000400
2026/09/19 21:03:53.201, 2947 MHz, 14301 MHz, 99 %, 83.59 W, 65, 0x0000000000000400
2026/09/19 21:03:53.702, 2940 MHz, 14301 MHz, 99 %, 83.59 W, 64, 0x0000000000000400
2026/09/19 21:03:54.203, 2940 MHz, 14301 MHz, 99 %, 83.86 W, 65, 0x0000000000000400
2026/09/19 21:03:54.704, 2940 MHz, 14301 MHz, 99 %, 84.13 W, 65, 0x0000000000000400
2026/09/19 21:03:55.205, 2947 MHz, 14301 MHz, 99 %, 84.16 W, 65, 0x0000000000000400
2026/09/19 21:03:55.711, 2947 MHz, 14301 MHz, 99 %, 84.06 W, 65, 0x0000000000000400
2026/09/19 21:03:56.218, 2865 MHz, 14301 MHz, 73 %, 82.66 W, 65, 0x0000000000000400
2026/09/19 21:03:56.724, 2947 MHz, 14301 MHz, 98 %, 82.58 W, 65, 0x0000000000000400
2026/09/19 21:03:57.230, 2947 MHz, 14301 MHz, 99 %, 82.73 W, 65, 0x0000000000000400
2026/09/19 21:03:57.745, 2947 MHz, 14301 MHz, 99 %, 84.19 W, 65, 0x0000000000000400
2026/09/19 21:03:58.247, 2947 MHz, 14301 MHz, 99 %, 84.24 W, 65, 0x0000000000000400
2026/09/19 21:03:58.752, 2940 MHz, 14301 MHz, 99 %, 84.25 W, 65, 0x0000000000000400
2026/09/19 21:03:59.253, 2947 MHz, 14301 MHz, 99 %, 84.05 W, 65, 0x0000000000000400
2026/09/19 21:03:59.757, 2947 MHz, 14301 MHz, 99 %, 83.79 W, 65, 0x0000000000000400
2026/09/19 21:04:00.260, 2947 MHz, 14301 MHz, 99 %, 83.78 W, 66, 0x0000000000000400
2026/09/19 21:04:00.774, 2535 MHz, 14301 MHz, 52 %, 70.44 W, 63, 0x0000000000000400
2026/09/19 21:04:01.278, 2497 MHz, 14301 MHz, 52 %, 58.19 W, 63, 0x0000000000000400
2026/09/19 21:04:01.780, 2505 MHz, 14301 MHz, 51 %, 54.25 W, 62, 0x0000000000000400
2026/09/19 21:04:02.283, 2520 MHz, 14301 MHz, 54 %, 54.28 W, 62, 0x0000000000000400
2026/09/19 21:04:02.798, 2565 MHz, 14301 MHz, 52 %, 54.63 W, 62, 0x0000000000000400
2026/09/19 21:04:03.312, 2535 MHz, 14301 MHz, 55 %, 54.92 W, 62, 0x0000000000000400
2026/09/19 21:04:03.822, 2557 MHz, 14301 MHz, 52 %, 54.80 W, 62, 0x0000000000000400
2026/09/19 21:04:04.323, 2490 MHz, 14301 MHz, 50 %, 54.47 W, 62, 0x0000000000000400
2026/09/19 21:04:04.830, 2572 MHz, 14301 MHz, 53 %, 54.31 W, 62, 0x0000000000000400
2026/09/19 21:04:05.333, 2535 MHz, 14301 MHz, 54 %, 54.68 W, 62, 0x0000000000000400
2026/09/19 21:04:05.834, 2520 MHz, 14301 MHz, 54 %, 54.70 W, 62, 0x0000000000000400
2026/09/19 21:04:06.338, 2512 MHz, 14301 MHz, 54 %, 54.54 W, 61, 0x0000000000000400
2026/09/19 21:04:06.846, 2572 MHz, 14301 MHz, 53 %, 54.94 W, 62, 0x0000000000000400
2026/09/19 21:04:07.350, 2535 MHz, 14301 MHz, 53 %, 55.04 W, 62, 0x0000000000000400
2026/09/19 21:04:07.865, 2527 MHz, 14301 MHz, 53 %, 54.68 W, 61, 0x0000000000000400
2026/09/19 21:04:08.371, 2550 MHz, 14301 MHz, 55 %, 54.72 W, 62, 0x0000000000000400
2026/09/19 21:04:08.875, 2520 MHz, 14301 MHz, 53 %, 54.40 W, 61, 0x0000000000000400
2026/09/19 21:04:09.379, 2827 MHz, 14301 MHz, 99 %, 58.67 W, 64, 0x0000000000000400
2026/09/19 21:04:09.883, 2955 MHz, 14301 MHz, 99 %, 71.86 W, 64, 0x0000000000000400
2026/09/19 21:04:10.387, 2955 MHz, 14301 MHz, 99 %, 83.17 W, 64, 0x0000000000000400
2026/09/19 21:04:10.888, 2955 MHz, 14301 MHz, 99 %, 83.20 W, 64, 0x0000000000000400
2026/09/19 21:04:11.393, 2955 MHz, 14301 MHz, 99 %, 83.32 W, 65, 0x0000000000000400
2026/09/19 21:04:11.902, 2955 MHz, 14301 MHz, 99 %, 83.37 W, 65, 0x0000000000000400
2026/09/19 21:04:12.407, 2955 MHz, 14301 MHz, 99 %, 83.51 W, 65, 0x0000000000000400
2026/09/19 21:04:12.914, 2955 MHz, 14301 MHz, 99 %, 83.70 W, 65, 0x0000000000000400
2026/09/19 21:04:13.429, 2955 MHz, 14301 MHz, 98 %, 83.81 W, 65, 0x0000000000000400
2026/09/19 21:04:13.933, 2955 MHz, 14301 MHz, 99 %, 83.94 W, 65, 0x0000000000000400
2026/09/19 21:04:14.439, 2955 MHz, 14301 MHz, 99 %, 83.62 W, 65, 0x0000000000000400
2026/09/19 21:04:14.944, 2955 MHz, 14301 MHz, 99 %, 83.39 W, 65, 0x0000000000000400
2026/09/19 21:04:15.449, 2955 MHz, 14301 MHz, 99 %, 83.57 W, 65, 0x0000000000000400
2026/09/19 21:04:15.953, 2955 MHz, 14301 MHz, 99 %, 83.59 W, 65, 0x0000000000000400
2026/09/19 21:04:16.456, 2955 MHz, 14301 MHz, 99 %, 83.61 W, 65, 0x0000000000000400
2026/09/19 21:04:16.958, 2955 MHz, 14301 MHz, 99 %, 83.56 W, 65, 0x0000000000000400
2026/09/19 21:04:17.460, 2955 MHz, 14301 MHz, 99 %, 83.26 W, 65, 0x0000000000000400
2026/09/19 21:04:17.967, 2955 MHz, 14301 MHz, 99 %, 83.32 W, 65, 0x0000000000000400
2026/09/19 21:04:18.481, 2917 MHz, 14301 MHz, 91 %, 82.75 W, 65, 0x0000000000000400
2026/09/19 21:04:18.986, 2542 MHz, 14301 MHz, 53 %, 69.44 W, 62, 0x0000000000000400
2026/09/19 21:04:19.501, 2490 MHz, 14301 MHz, 49 %, 55.84 W, 62, 0x0000000000000400
2026/09/19 21:04:20.003, 2565 MHz, 14301 MHz, 53 %, 54.14 W, 62, 0x0000000000000400
2026/09/19 21:04:20.504, 2542 MHz, 14301 MHz, 52 %, 54.78 W, 62, 0x0000000000000400
2026/09/19 21:04:21.011, 2557 MHz, 14301 MHz, 51 %, 54.81 W, 62, 0x0000000000000400
2026/09/19 21:04:21.520, 2535 MHz, 14301 MHz, 54 %, 54.82 W, 62, 0x0000000000000400
2026/09/19 21:04:22.026, 2482 MHz, 14301 MHz, 51 %, 54.40 W, 62, 0x0000000000000400
2026/09/19 21:04:22.529, 2512 MHz, 14301 MHz, 53 %, 54.04 W, 62, 0x0000000000000400
2026/09/19 21:04:23.033, 2527 MHz, 14301 MHz, 52 %, 54.20 W, 62, 0x0000000000000400
2026/09/19 21:04:23.537, 2542 MHz, 14301 MHz, 55 %, 54.56 W, 62, 0x0000000000000400
2026/09/19 21:04:24.038, 2587 MHz, 14301 MHz, 52 %, 54.82 W, 62, 0x0000000000000400
2026/09/19 21:04:24.544, 2580 MHz, 14301 MHz, 53 %, 55.07 W, 62, 0x0000000000000400
2026/09/19 21:04:25.047, 2580 MHz, 14301 MHz, 51 %, 55.09 W, 61, 0x0000000000000400
2026/09/19 21:04:25.556, 2520 MHz, 14301 MHz, 52 %, 54.84 W, 62, 0x0000000000000400
2026/09/19 21:04:26.061, 2512 MHz, 14301 MHz, 55 %, 54.53 W, 61, 0x0000000000000400
2026/09/19 21:04:26.562, 2520 MHz, 14301 MHz, 54 %, 54.29 W, 61, 0x0000000000000400
2026/09/19 21:04:27.066, 2850 MHz, 14301 MHz, 98 %, 58.97 W, 63, 0x0000000000000400
2026/09/19 21:04:27.567, 2955 MHz, 14301 MHz, 98 %, 74.13 W, 64, 0x0000000000000400
2026/09/19 21:04:28.082, 2955 MHz, 14301 MHz, 99 %, 83.42 W, 64, 0x0000000000000400
2026/09/19 21:04:28.589, 2955 MHz, 14301 MHz, 99 %, 83.49 W, 65, 0x0000000000000400
2026/09/19 21:04:29.104, 2955 MHz, 14301 MHz, 99 %, 83.35 W, 65, 0x0000000000000400
2026/09/19 21:04:29.606, 2955 MHz, 14301 MHz, 99 %, 83.27 W, 65, 0x0000000000000400
2026/09/19 21:04:30.113, 2955 MHz, 14301 MHz, 99 %, 83.33 W, 65, 0x0000000000000400
2026/09/19 21:04:30.620, 2955 MHz, 14301 MHz, 99 %, 83.56 W, 65, 0x0000000000000400
2026/09/19 21:04:31.127, 2955 MHz, 14301 MHz, 98 %, 83.71 W, 65, 0x0000000000000400
2026/09/19 21:04:31.633, 2955 MHz, 14301 MHz, 99 %, 83.74 W, 65, 0x0000000000000400
2026/09/19 21:04:32.136, 2955 MHz, 14301 MHz, 99 %, 83.67 W, 65, 0x0000000000000400
2026/09/19 21:04:32.642, 2955 MHz, 14301 MHz, 99 %, 83.55 W, 65, 0x0000000000000400
2026/09/19 21:04:33.148, 2955 MHz, 14301 MHz, 98 %, 83.60 W, 65, 0x0000000000000400
2026/09/19 21:04:33.654, 2955 MHz, 14301 MHz, 99 %, 83.81 W, 65, 0x0000000000000400
2026/09/19 21:04:34.160, 2955 MHz, 14301 MHz, 99 %, 83.98 W, 65, 0x0000000000000400
2026/09/19 21:04:34.666, 2955 MHz, 14301 MHz, 99 %, 84.03 W, 65, 0x0000000000000400
2026/09/19 21:04:35.171, 2955 MHz, 14301 MHz, 98 %, 83.88 W, 65, 0x0000000000000400
2026/09/19 21:04:35.673, 2955 MHz, 14301 MHz, 99 %, 83.75 W, 65, 0x0000000000000400
2026/09/19 21:04:36.180, 2692 MHz, 14301 MHz, 52 %, 80.03 W, 63, 0x0000000000000400
2026/09/19 21:04:36.685, 2512 MHz, 14301 MHz, 54 %, 66.80 W, 62, 0x0000000000000400
2026/09/19 21:04:37.187, 2542 MHz, 14301 MHz, 51 %, 54.10 W, 63, 0x0000000000000400
2026/09/19 21:04:37.691, 2482 MHz, 14301 MHz, 53 %, 54.03 W, 62, 0x0000000000000400
2026/09/19 21:04:38.193, 2497 MHz, 14301 MHz, 54 %, 54.56 W, 62, 0x0000000000000400
2026/09/19 21:04:38.697, 2490 MHz, 14301 MHz, 54 %, 54.10 W, 62, 0x0000000000000400
2026/09/19 21:04:39.211, 2475 MHz, 14301 MHz, 54 %, 53.85 W, 62, 0x0000000000000400
2026/09/19 21:04:39.715, 2557 MHz, 14301 MHz, 53 %, 54.41 W, 62, 0x0000000000000400
2026/09/19 21:04:40.217, 2497 MHz, 14301 MHz, 52 %, 54.50 W, 62, 0x0000000000000400
2026/09/19 21:04:40.723, 2445 MHz, 14301 MHz, 55 %, 54.04 W, 62, 0x0000000000000400
2026/09/19 21:04:41.227, 2490 MHz, 14301 MHz, 54 %, 53.84 W, 62, 0x0000000000000400
2026/09/19 21:04:41.733, 2512 MHz, 14301 MHz, 54 %, 53.88 W, 62, 0x0000000000000400
2026/09/19 21:04:42.239, 2505 MHz, 14301 MHz, 54 %, 53.95 W, 62, 0x0000000000000400
2026/09/19 21:04:42.740, 2535 MHz, 14301 MHz, 52 %, 54.46 W, 62, 0x0000000000000400
2026/09/19 21:04:43.255, 2505 MHz, 14301 MHz, 55 %, 54.72 W, 61, 0x0000000000000400
2026/09/19 21:04:43.758, 2520 MHz, 14301 MHz, 53 %, 54.75 W, 62, 0x0000000000000400
2026/09/19 21:04:44.262, 2527 MHz, 14301 MHz, 53 %, 54.70 W, 61, 0x0000000000000400
2026/09/19 21:04:44.769, 2542 MHz, 14301 MHz, 54 %, 54.39 W, 61, 0x0000000000000400
2026/09/19 21:04:45.273, 2955 MHz, 14301 MHz, 98 %, 62.94 W, 63, 0x0000000000000400
2026/09/19 21:04:45.778, 2955 MHz, 14301 MHz, 98 %, 78.25 W, 64, 0x0000000000000400
2026/09/19 21:04:46.280, 2955 MHz, 14301 MHz, 99 %, 83.46 W, 64, 0x0000000000000400
2026/09/19 21:04:46.783, 2955 MHz, 14301 MHz, 99 %, 83.49 W, 65, 0x0000000000000400
2026/09/19 21:04:47.291, 2955 MHz, 14301 MHz, 99 %, 83.41 W, 65, 0x0000000000000400
2026/09/19 21:04:47.793, 2955 MHz, 14301 MHz, 99 %, 83.33 W, 65, 0x0000000000000400
2026/09/19 21:04:48.294, 2955 MHz, 14301 MHz, 99 %, 83.75 W, 65, 0x0000000000000400
2026/09/19 21:04:48.798, 2955 MHz, 14301 MHz, 99 %, 84.09 W, 65, 0x0000000000000400
2026/09/19 21:04:49.305, 2955 MHz, 14301 MHz, 99 %, 84.07 W, 65, 0x0000000000000400
2026/09/19 21:04:49.811, 2955 MHz, 14301 MHz, 99 %, 83.93 W, 65, 0x0000000000000400
2026/09/19 21:04:50.315, 2955 MHz, 14301 MHz, 99 %, 83.90 W, 65, 0x0000000000000400
2026/09/19 21:04:50.817, 2955 MHz, 14301 MHz, 99 %, 83.91 W, 65, 0x0000000000000400
2026/09/19 21:04:51.321, 2955 MHz, 14301 MHz, 99 %, 84.06 W, 65, 0x0000000000000400
2026/09/19 21:04:51.827, 2955 MHz, 14301 MHz, 99 %, 84.35 W, 65, 0x0000000000000400
2026/09/19 21:04:52.329, 2955 MHz, 14301 MHz, 99 %, 84.35 W, 65, 0x0000000000000400
2026/09/19 21:04:52.830, 2947 MHz, 14301 MHz, 99 %, 84.23 W, 65, 0x0000000000000400
2026/09/19 21:04:53.332, 2947 MHz, 14301 MHz, 99 %, 83.96 W, 65, 0x0000000000000400
2026/09/19 21:04:53.835, 2947 MHz, 14301 MHz, 99 %, 83.83 W, 66, 0x0000000000000400
2026/09/19 21:04:54.340, 2602 MHz, 14301 MHz, 50 %, 77.42 W, 63, 0x0000000000000400
2026/09/19 21:04:54.844, 2460 MHz, 14301 MHz, 53 %, 64.13 W, 63, 0x0000000000000400
2026/09/19 21:04:55.348, 2497 MHz, 14301 MHz, 53 %, 53.53 W, 62, 0x0000000000000400
2026/09/19 21:04:55.851, 2527 MHz, 14301 MHz, 53 %, 54.09 W, 62, 0x0000000000000400
2026/09/19 21:04:56.356, 2520 MHz, 14301 MHz, 51 %, 54.67 W, 62, 0x0000000000000400
2026/09/19 21:04:56.862, 2542 MHz, 14301 MHz, 56 %, 54.70 W, 62, 0x0000000000000400
2026/09/19 21:04:57.369, 2482 MHz, 14301 MHz, 52 %, 53.89 W, 62, 0x0000000000000400
2026/09/19 21:04:57.876, 2497 MHz, 14301 MHz, 53 %, 53.91 W, 62, 0x0000000000000400
2026/09/19 21:04:58.381, 2542 MHz, 14301 MHz, 52 %, 54.68 W, 62, 0x0000000000000400
2026/09/19 21:04:58.888, 2512 MHz, 14301 MHz, 52 %, 54.50 W, 62, 0x0000000000000400
2026/09/19 21:04:59.393, 2527 MHz, 14301 MHz, 54 %, 54.29 W, 62, 0x0000000000000400
2026/09/19 21:04:59.901, 2497 MHz, 14301 MHz, 51 %, 54.35 W, 62, 0x0000000000000400
2026/09/19 21:05:00.403, 2505 MHz, 14301 MHz, 54 %, 54.50 W, 62, 0x0000000000000400
2026/09/19 21:05:00.905, 2542 MHz, 14301 MHz, 53 %, 54.72 W, 62, 0x0000000000000400
2026/09/19 21:05:01.407, 2535 MHz, 14301 MHz, 53 %, 54.45 W, 62, 0x0000000000000400
2026/09/19 21:05:01.912, 2520 MHz, 14301 MHz, 53 %, 54.24 W, 62, 0x0000000000000400
2026/09/19 21:05:02.426, 2550 MHz, 14301 MHz, 53 %, 54.58 W, 62, 0x0000000000000400
2026/09/19 21:05:02.942, 2550 MHz, 14301 MHz, 53 %, 54.81 W, 62, 0x0000000000000400
2026/09/19 21:05:03.446, 2955 MHz, 14301 MHz, 99 %, 63.58 W, 64, 0x0000000000000400
2026/09/19 21:05:03.951, 2955 MHz, 14301 MHz, 99 %, 76.38 W, 64, 0x0000000000000400
2026/09/19 21:05:04.452, 2955 MHz, 14301 MHz, 99 %, 83.01 W, 64, 0x0000000000000400
2026/09/19 21:05:04.957, 2955 MHz, 14301 MHz, 99 %, 83.11 W, 65, 0x0000000000000400
2026/09/19 21:05:05.461, 2955 MHz, 14301 MHz, 99 %, 83.08 W, 65, 0x0000000000000400
2026/09/19 21:05:05.965, 2955 MHz, 14301 MHz, 99 %, 83.12 W, 65, 0x0000000000000400
2026/09/19 21:05:06.467, 2955 MHz, 14301 MHz, 99 %, 83.36 W, 65, 0x0000000000000400
2026/09/19 21:05:06.973, 2947 MHz, 14301 MHz, 99 %, 83.61 W, 65, 0x0000000000000400
2026/09/19 21:05:07.484, 2947 MHz, 14301 MHz, 99 %, 83.65 W, 65, 0x0000000000000400
2026/09/19 21:05:07.987, 2947 MHz, 14301 MHz, 99 %, 83.53 W, 65, 0x0000000000000400
2026/09/19 21:05:08.489, 2947 MHz, 14301 MHz, 99 %, 83.39 W, 65, 0x0000000000000400
2026/09/19 21:05:08.992, 2947 MHz, 14301 MHz, 99 %, 83.37 W, 65, 0x0000000000000400
2026/09/19 21:05:09.497, 2947 MHz, 14301 MHz, 99 %, 83.51 W, 65, 0x0000000000000400
2026/09/19 21:05:09.999, 2947 MHz, 14301 MHz, 99 %, 83.72 W, 65, 0x0000000000000400
2026/09/19 21:05:10.506, 2947 MHz, 14301 MHz, 99 %, 83.75 W, 65, 0x0000000000000400
2026/09/19 21:05:11.011, 2947 MHz, 14301 MHz, 99 %, 83.76 W, 65, 0x0000000000000400
2026/09/19 21:05:11.517, 2947 MHz, 14301 MHz, 99 %, 83.79 W, 65, 0x0000000000000400
2026/09/19 21:05:12.018, 2947 MHz, 14301 MHz, 99 %, 83.82 W, 65, 0x0000000000000400
2026/09/19 21:05:12.520, 2625 MHz, 14301 MHz, 50 %, 78.11 W, 63, 0x0000000000000400
2026/09/19 21:05:13.027, 2497 MHz, 14301 MHz, 51 %, 63.35 W, 63, 0x0000000000000400
2026/09/19 21:05:13.529, 2550 MHz, 14301 MHz, 52 %, 54.07 W, 62, 0x0000000000000400
2026/09/19 21:05:14.034, 2520 MHz, 14301 MHz, 52 %, 54.04 W, 62, 0x0000000000000400
2026/09/19 21:05:14.539, 2490 MHz, 14301 MHz, 54 %, 53.87 W, 62, 0x0000000000000400
2026/09/19 21:05:15.040, 2520 MHz, 14301 MHz, 53 %, 53.98 W, 62, 0x0000000000000400
2026/09/19 21:05:15.543, 2535 MHz, 14301 MHz, 53 %, 54.29 W, 62, 0x0000000000000400
2026/09/19 21:05:16.043, 2565 MHz, 14301 MHz, 53 %, 54.85 W, 62, 0x0000000000000400
2026/09/19 21:05:16.549, 2527 MHz, 14301 MHz, 52 %, 55.12 W, 62, 0x0000000000000400
2026/09/19 21:05:17.052, 2535 MHz, 14301 MHz, 53 %, 54.94 W, 62, 0x0000000000000400
2026/09/19 21:05:17.556, 2505 MHz, 14301 MHz, 52 %, 54.54 W, 62, 0x0000000000000400
2026/09/19 21:05:18.058, 2475 MHz, 14301 MHz, 53 %, 53.62 W, 62, 0x0000000000000400
2026/09/19 21:05:18.563, 2482 MHz, 14301 MHz, 51 %, 53.49 W, 62, 0x0000000000000400
2026/09/19 21:05:19.068, 2520 MHz, 14301 MHz, 54 %, 54.20 W, 62, 0x0000000000000400
2026/09/19 21:05:19.569, 2512 MHz, 14301 MHz, 52 %, 54.66 W, 62, 0x0000000000000400
2026/09/19 21:05:20.075, 2565 MHz, 14301 MHz, 54 %, 54.92 W, 62, 0x0000000000000400
2026/09/19 21:05:20.590, 2520 MHz, 14301 MHz, 53 %, 54.45 W, 62, 0x0000000000000400
2026/09/19 21:05:21.102, 2947 MHz, 14301 MHz, 99 %, 60.10 W, 63, 0x0000000000000400
2026/09/19 21:05:21.604, 2955 MHz, 14301 MHz, 99 %, 73.55 W, 64, 0x0000000000000400
2026/09/19 21:05:22.109, 2955 MHz, 14301 MHz, 99 %, 83.31 W, 64, 0x0000000000000400
2026/09/19 21:05:22.614, 2955 MHz, 14301 MHz, 99 %, 83.31 W, 65, 0x0000000000000400
2026/09/19 21:05:23.118, 2947 MHz, 14301 MHz, 99 %, 83.20 W, 64, 0x0000000000000400
2026/09/19 21:05:23.620, 2947 MHz, 14301 MHz, 99 %, 83.12 W, 65, 0x0000000000000400
2026/09/19 21:05:24.125, 2940 MHz, 14301 MHz, 99 %, 83.36 W, 65, 0x0000000000000400
2026/09/19 21:05:24.630, 2947 MHz, 14301 MHz, 99 %, 83.40 W, 65, 0x0000000000000400
2026/09/19 21:05:25.136, 2940 MHz, 14301 MHz, 99 %, 83.48 W, 65, 0x0000000000000400
2026/09/19 21:05:25.644, 2947 MHz, 14301 MHz, 98 %, 83.52 W, 65, 0x0000000000000400
2026/09/19 21:05:26.149, 2947 MHz, 14301 MHz, 99 %, 83.56 W, 65, 0x0000000000000400
2026/09/19 21:05:26.651, 2947 MHz, 14301 MHz, 99 %, 83.56 W, 65, 0x0000000000000400
2026/09/19 21:05:27.156, 2940 MHz, 14301 MHz, 99 %, 83.84 W, 65, 0x0000000000000400
2026/09/19 21:05:27.661, 2940 MHz, 14301 MHz, 99 %, 83.91 W, 65, 0x0000000000000400
2026/09/19 21:05:28.163, 2940 MHz, 14301 MHz, 99 %, 83.88 W, 65, 0x0000000000000400
2026/09/19 21:05:28.668, 2947 MHz, 14301 MHz, 99 %, 83.91 W, 65, 0x0000000000000400
2026/09/19 21:05:29.175, 2947 MHz, 14301 MHz, 99 %, 83.74 W, 65, 0x0000000000000400
2026/09/19 21:05:29.681, 2947 MHz, 14301 MHz, 98 %, 83.64 W, 65, 0x0000000000000400
2026/09/19 21:05:30.181, 2782 MHz, 14301 MHz, 55 %, 80.78 W, 64, 0x0000000000000400
2026/09/19 21:05:30.685, 2550 MHz, 14301 MHz, 50 %, 65.93 W, 63, 0x0000000000000400
2026/09/19 21:05:31.190, 2505 MHz, 14301 MHz, 51 %, 54.25 W, 62, 0x0000000000000400
2026/09/19 21:05:31.691, 2475 MHz, 14301 MHz, 50 %, 53.58 W, 62, 0x0000000000000400
2026/09/19 21:05:32.204, 2490 MHz, 14301 MHz, 53 %, 53.46 W, 62, 0x0000000000000400
2026/09/19 21:05:32.705, 2505 MHz, 14301 MHz, 50 %, 53.66 W, 62, 0x0000000000000400
2026/09/19 21:05:33.220, 2490 MHz, 14301 MHz, 48 %, 53.49 W, 62, 0x0000000000000400
2026/09/19 21:05:33.736, 2550 MHz, 14301 MHz, 52 %, 53.60 W, 62, 0x0000000000000400
2026/09/19 21:05:34.237, 2445 MHz, 14301 MHz, 52 %, 53.81 W, 62, 0x0000000000000400
2026/09/19 21:05:34.751, 2467 MHz, 14301 MHz, 49 %, 53.18 W, 62, 0x0000000000000400
2026/09/19 21:05:35.266, 2497 MHz, 14301 MHz, 51 %, 53.08 W, 62, 0x0000000000000400
2026/09/19 21:05:35.780, 2475 MHz, 14301 MHz, 53 %, 53.77 W, 61, 0x0000000000000400
2026/09/19 21:05:36.295, 2527 MHz, 14301 MHz, 52 %, 53.75 W, 61, 0x0000000000000400
2026/09/19 21:05:36.796, 2445 MHz, 14301 MHz, 52 %, 53.36 W, 61, 0x0000000000000400
2026/09/19 21:05:37.299, 2452 MHz, 14301 MHz, 53 %, 53.32 W, 62, 0x0000000000000400
2026/09/19 21:05:37.814, 2490 MHz, 14301 MHz, 51 %, 53.50 W, 61, 0x0000000000000400
2026/09/19 21:05:38.329, 2512 MHz, 14301 MHz, 51 %, 53.31 W, 61, 0x0000000000000400
2026/09/19 21:05:38.843, 2512 MHz, 14301 MHz, 50 %, 53.05 W, 62, 0x0000000000000400
2026/09/19 21:05:39.357, 2580 MHz, 14301 MHz, 51 %, 53.89 W, 62, 0x0000000000000400
2026/09/19 21:05:39.872, 2955 MHz, 14301 MHz, 98 %, 67.19 W, 64, 0x0000000000000400
2026/09/19 21:05:40.374, 2955 MHz, 14301 MHz, 99 %, 80.46 W, 65, 0x0000000000000400
2026/09/19 21:05:40.890, 2955 MHz, 14301 MHz, 99 %, 83.67 W, 64, 0x0000000000000400
2026/09/19 21:05:41.391, 2955 MHz, 14301 MHz, 99 %, 83.60 W, 65, 0x0000000000000400
2026/09/19 21:05:41.905, 2955 MHz, 14301 MHz, 98 %, 83.68 W, 65, 0x0000000000000400
2026/09/19 21:05:42.406, 2955 MHz, 14301 MHz, 99 %, 83.78 W, 65, 0x0000000000000400
2026/09/19 21:05:42.921, 2955 MHz, 14301 MHz, 99 %, 83.89 W, 65, 0x0000000000000400
2026/09/19 21:05:43.423, 2955 MHz, 14301 MHz, 99 %, 84.07 W, 65, 0x0000000000000400
2026/09/19 21:05:43.937, 2955 MHz, 14301 MHz, 99 %, 84.14 W, 65, 0x0000000000000400
2026/09/19 21:05:44.438, 2955 MHz, 14301 MHz, 99 %, 84.03 W, 65, 0x0000000000000400
2026/09/19 21:05:44.952, 2955 MHz, 14301 MHz, 99 %, 83.79 W, 65, 0x0000000000000400
2026/09/19 21:05:45.452, 2955 MHz, 14301 MHz, 98 %, 83.81 W, 65, 0x0000000000000400
2026/09/19 21:05:45.963, 2955 MHz, 14301 MHz, 99 %, 84.07 W, 65, 0x0000000000000400
2026/09/19 21:05:46.479, 2955 MHz, 14301 MHz, 98 %, 84.31 W, 65, 0x0000000000000400
2026/09/19 21:05:46.980, 2955 MHz, 14301 MHz, 99 %, 84.31 W, 65, 0x0000000000000400
2026/09/19 21:05:47.494, 2955 MHz, 14301 MHz, 99 %, 84.08 W, 65, 0x0000000000000400
2026/09/19 21:05:47.997, 2955 MHz, 14301 MHz, 99 %, 83.83 W, 66, 0x0000000000000400
2026/09/19 21:05:48.510, 2955 MHz, 14301 MHz, 99 %, 83.73 W, 65, 0x0000000000000400
2026/09/19 21:05:49.026, 2475 MHz, 14301 MHz, 50 %, 69.85 W, 63, 0x0000000000000400
2026/09/19 21:05:49.540, 2505 MHz, 14301 MHz, 49 %, 54.78 W, 63, 0x0000000000000400
2026/09/19 21:05:50.053, 2520 MHz, 14301 MHz, 51 %, 53.92 W, 63, 0x0000000000000400
2026/09/19 21:05:50.555, 2512 MHz, 14301 MHz, 48 %, 53.87 W, 63, 0x0000000000000400
2026/09/19 21:05:51.057, 2490 MHz, 14301 MHz, 51 %, 53.96 W, 62, 0x0000000000000400
2026/09/19 21:05:51.572, 2475 MHz, 14301 MHz, 47 %, 53.59 W, 62, 0x0000000000000400
2026/09/19 21:05:52.085, 2482 MHz, 14301 MHz, 52 %, 53.64 W, 62, 0x0000000000000400
2026/09/19 21:05:52.598, 2505 MHz, 14301 MHz, 51 %, 53.85 W, 62, 0x0000000000000400
2026/09/19 21:05:53.112, 2535 MHz, 14301 MHz, 53 %, 54.01 W, 62, 0x0000000000000400
2026/09/19 21:05:53.627, 2512 MHz, 14301 MHz, 52 %, 54.03 W, 62, 0x0000000000000400
2026/09/19 21:05:54.128, 2497 MHz, 14301 MHz, 51 %, 53.81 W, 62, 0x0000000000000400
2026/09/19 21:05:54.630, 2505 MHz, 14301 MHz, 49 %, 53.66 W, 62, 0x0000000000000400
2026/09/19 21:05:55.144, 2542 MHz, 14301 MHz, 53 %, 54.28 W, 62, 0x0000000000000400
2026/09/19 21:05:55.658, 2520 MHz, 14301 MHz, 53 %, 54.51 W, 62, 0x0000000000000400
2026/09/19 21:05:56.172, 2535 MHz, 14301 MHz, 51 %, 54.36 W, 62, 0x0000000000000400
2026/09/19 21:05:56.687, 2445 MHz, 14301 MHz, 52 %, 54.11 W, 61, 0x0000000000000400
2026/09/19 21:05:57.189, 2527 MHz, 14301 MHz, 51 %, 53.66 W, 61, 0x0000000000000400
2026/09/19 21:05:57.701, 2955 MHz, 14301 MHz, 99 %, 64.22 W, 64, 0x0000000000000400
2026/09/19 21:05:58.202, 2955 MHz, 14301 MHz, 99 %, 78.11 W, 64, 0x0000000000000400
2026/09/19 21:05:58.703, 2940 MHz, 14301 MHz, 99 %, 84.02 W, 65, 0x0000000000000400
2026/09/19 21:05:59.217, 2940 MHz, 14301 MHz, 99 %, 83.68 W, 65, 0x0000000000000400
2026/09/19 21:05:59.733, 2947 MHz, 14301 MHz, 99 %, 83.45 W, 65, 0x0000000000000400
2026/09/19 21:06:00.237, 2940 MHz, 14301 MHz, 98 %, 83.62 W, 65, 0x0000000000000400
2026/09/19 21:06:00.738, 2947 MHz, 14301 MHz, 99 %, 83.86 W, 65, 0x0000000000000400
2026/09/19 21:06:01.241, 2940 MHz, 14301 MHz, 98 %, 83.86 W, 65, 0x0000000000000400
2026/09/19 21:06:01.743, 2940 MHz, 14301 MHz, 99 %, 83.87 W, 65, 0x0000000000000400
2026/09/19 21:06:02.246, 2947 MHz, 14301 MHz, 99 %, 83.82 W, 65, 0x0000000000000400
2026/09/19 21:06:02.747, 2940 MHz, 14301 MHz, 99 %, 83.83 W, 65, 0x0000000000000400
2026/09/19 21:06:03.262, 2940 MHz, 14301 MHz, 98 %, 83.83 W, 65, 0x0000000000000400
2026/09/19 21:06:03.777, 2940 MHz, 14301 MHz, 99 %, 83.77 W, 65, 0x0000000000000400
2026/09/19 21:06:04.292, 2940 MHz, 14301 MHz, 99 %, 84.00 W, 65, 0x0000000000000400
2026/09/19 21:06:04.807, 2940 MHz, 14301 MHz, 99 %, 84.10 W, 65, 0x0000000000000400
2026/09/19 21:06:05.322, 2940 MHz, 14301 MHz, 99 %, 83.96 W, 65, 0x0000000000000400
2026/09/19 21:06:05.837, 2940 MHz, 14301 MHz, 99 %, 83.90 W, 66, 0x0000000000000400
2026/09/19 21:06:06.338, 2940 MHz, 14301 MHz, 99 %, 84.05 W, 66, 0x0000000000000400
2026/09/19 21:06:06.852, 2512 MHz, 14301 MHz, 48 %, 72.56 W, 63, 0x0000000000000400
2026/09/19 21:06:07.363, 2505 MHz, 14301 MHz, 51 %, 57.49 W, 62, 0x0000000000000400
2026/09/19 21:06:07.878, 2505 MHz, 14301 MHz, 51 %, 53.91 W, 62, 0x0000000000000400
2026/09/19 21:06:08.391, 2512 MHz, 14301 MHz, 51 %, 53.69 W, 63, 0x0000000000000400
2026/09/19 21:06:08.893, 2520 MHz, 14301 MHz, 52 %, 54.22 W, 63, 0x0000000000000400
2026/09/19 21:06:09.407, 2527 MHz, 14301 MHz, 51 %, 54.74 W, 62, 0x0000000000000400
2026/09/19 21:06:09.921, 2497 MHz, 14301 MHz, 53 %, 54.63 W, 62, 0x0000000000000400
2026/09/19 21:06:10.422, 2542 MHz, 14301 MHz, 51 %, 54.15 W, 62, 0x0000000000000400
2026/09/19 21:06:10.937, 2527 MHz, 14301 MHz, 52 %, 53.87 W, 62, 0x0000000000000400
2026/09/19 21:06:11.449, 2520 MHz, 14301 MHz, 52 %, 54.12 W, 62, 0x0000000000000400
2026/09/19 21:06:11.962, 2475 MHz, 14301 MHz, 52 %, 53.75 W, 62, 0x0000000000000400
2026/09/19 21:06:12.476, 2535 MHz, 14301 MHz, 51 %, 54.12 W, 62, 0x0000000000000400
2026/09/19 21:06:12.976, 2460 MHz, 14301 MHz, 52 %, 54.50 W, 62, 0x0000000000000400
2026/09/19 21:06:13.490, 2512 MHz, 14301 MHz, 52 %, 54.19 W, 62, 0x0000000000000400
2026/09/19 21:06:13.993, 2527 MHz, 14301 MHz, 49 %, 54.16 W, 62, 0x0000000000000400
2026/09/19 21:06:14.506, 2482 MHz, 14301 MHz, 51 %, 54.12 W, 61, 0x0000000000000400
2026/09/19 21:06:15.019, 2550 MHz, 14301 MHz, 51 %, 54.30 W, 62, 0x0000000000000400
2026/09/19 21:06:15.535, 2587 MHz, 14301 MHz, 52 %, 54.50 W, 62, 0x0000000000000400
2026/09/19 21:06:16.036, 2955 MHz, 14301 MHz, 98 %, 63.73 W, 64, 0x0000000000000400
2026/09/19 21:06:16.538, 2955 MHz, 14301 MHz, 99 %, 76.81 W, 64, 0x0000000000000400
2026/09/19 21:06:17.039, 2955 MHz, 14301 MHz, 99 %, 83.38 W, 65, 0x0000000000000400
2026/09/19 21:06:17.552, 2955 MHz, 14301 MHz, 99 %, 83.31 W, 65, 0x0000000000000400
2026/09/19 21:06:18.055, 2947 MHz, 14301 MHz, 99 %, 83.15 W, 65, 0x0000000000000400
2026/09/19 21:06:18.569, 2947 MHz, 14301 MHz, 99 %, 83.20 W, 65, 0x0000000000000400
2026/09/19 21:06:19.070, 2947 MHz, 14301 MHz, 99 %, 83.33 W, 65, 0x0000000000000400
2026/09/19 21:06:19.572, 2947 MHz, 14301 MHz, 99 %, 83.49 W, 65, 0x0000000000000400
2026/09/19 21:06:20.086, 2947 MHz, 14301 MHz, 99 %, 83.45 W, 65, 0x0000000000000400
2026/09/19 21:06:20.588, 2947 MHz, 14301 MHz, 99 %, 83.46 W, 65, 0x0000000000000400
2026/09/19 21:06:21.089, 2947 MHz, 14301 MHz, 98 %, 83.36 W, 65, 0x0000000000000400
2026/09/19 21:06:21.602, 2947 MHz, 14301 MHz, 99 %, 83.70 W, 65, 0x0000000000000400
2026/09/19 21:06:22.117, 2940 MHz, 14301 MHz, 99 %, 83.94 W, 65, 0x0000000000000400
2026/09/19 21:06:22.618, 2940 MHz, 14301 MHz, 99 %, 83.98 W, 65, 0x0000000000000400
2026/09/19 21:06:23.132, 2947 MHz, 14301 MHz, 99 %, 84.00 W, 65, 0x0000000000000400
2026/09/19 21:06:23.645, 2947 MHz, 14301 MHz, 99 %, 83.80 W, 65, 0x0000000000000400
2026/09/19 21:06:24.157, 2940 MHz, 14301 MHz, 98 %, 83.63 W, 65, 0x0000000000000400
2026/09/19 21:06:24.672, 2632 MHz, 14301 MHz, 48 %, 78.51 W, 64, 0x0000000000000400
2026/09/19 21:06:25.187, 2520 MHz, 14301 MHz, 49 %, 63.95 W, 63, 0x0000000000000400
2026/09/19 21:06:25.702, 2512 MHz, 14301 MHz, 48 %, 54.02 W, 62, 0x0000000000000400
2026/09/19 21:06:26.203, 2527 MHz, 14301 MHz, 51 %, 53.74 W, 62, 0x0000000000000400
2026/09/19 21:06:26.703, 2595 MHz, 14301 MHz, 52 %, 54.45 W, 62, 0x0000000000000400
2026/09/19 21:06:27.217, 2602 MHz, 14301 MHz, 53 %, 55.09 W, 63, 0x0000000000000400
2026/09/19 21:06:27.733, 2512 MHz, 14301 MHz, 51 %, 54.88 W, 63, 0x0000000000000400
2026/09/19 21:06:28.237, 2467 MHz, 14301 MHz, 52 %, 54.39 W, 63, 0x0000000000000400
2026/09/19 21:06:28.738, 2550 MHz, 14301 MHz, 50 %, 53.92 W, 62, 0x0000000000000400
2026/09/19 21:06:29.250, 2565 MHz, 14301 MHz, 51 %, 54.29 W, 62, 0x0000000000000400
2026/09/19 21:06:29.751, 2520 MHz, 14301 MHz, 53 %, 54.69 W, 62, 0x0000000000000400
2026/09/19 21:06:30.266, 2520 MHz, 14301 MHz, 50 %, 54.31 W, 62, 0x0000000000000400
2026/09/19 21:06:30.781, 2482 MHz, 14301 MHz, 51 %, 53.60 W, 62, 0x0000000000000400
2026/09/19 21:06:31.295, 2505 MHz, 14301 MHz, 50 %, 53.41 W, 62, 0x0000000000000400
2026/09/19 21:06:31.810, 2527 MHz, 14301 MHz, 49 %, 54.23 W, 62, 0x0000000000000400
2026/09/19 21:06:32.325, 2520 MHz, 14301 MHz, 52 %, 54.47 W, 62, 0x0000000000000400
2026/09/19 21:06:32.826, 2467 MHz, 14301 MHz, 50 %, 53.73 W, 62, 0x0000000000000400
2026/09/19 21:06:33.330, 2535 MHz, 14301 MHz, 52 %, 53.85 W, 62, 0x0000000000000400
2026/09/19 21:06:33.845, 2827 MHz, 14301 MHz, 98 %, 59.15 W, 64, 0x0000000000000400
2026/09/19 21:06:34.348, 2955 MHz, 14301 MHz, 99 %, 72.12 W, 64, 0x0000000000000400
2026/09/19 21:06:34.862, 2955 MHz, 14301 MHz, 98 %, 83.68 W, 65, 0x0000000000000400
2026/09/19 21:06:35.374, 2955 MHz, 14301 MHz, 99 %, 83.80 W, 65, 0x0000000000000400
2026/09/19 21:06:35.876, 2947 MHz, 14301 MHz, 99 %, 83.70 W, 65, 0x0000000000000400
2026/09/19 21:06:36.392, 2940 MHz, 14301 MHz, 99 %, 83.70 W, 65, 0x0000000000000400
2026/09/19 21:06:36.894, 2940 MHz, 14301 MHz, 99 %, 84.04 W, 65, 0x0000000000000400
2026/09/19 21:06:37.410, 2940 MHz, 14301 MHz, 98 %, 84.28 W, 65, 0x0000000000000400
2026/09/19 21:06:37.924, 2940 MHz, 14301 MHz, 99 %, 84.27 W, 65, 0x0000000000000400
2026/09/19 21:06:38.438, 2940 MHz, 14301 MHz, 99 %, 84.16 W, 65, 0x0000000000000400
2026/09/19 21:06:38.953, 2947 MHz, 14301 MHz, 99 %, 84.01 W, 65, 0x0000000000000400
2026/09/19 21:06:39.468, 2940 MHz, 14301 MHz, 99 %, 83.83 W, 65, 0x0000000000000400
2026/09/19 21:06:39.969, 2940 MHz, 14301 MHz, 99 %, 83.92 W, 65, 0x0000000000000400
2026/09/19 21:06:40.470, 2940 MHz, 14301 MHz, 98 %, 84.06 W, 65, 0x0000000000000400
2026/09/19 21:06:40.971, 2940 MHz, 14301 MHz, 98 %, 84.11 W, 66, 0x0000000000000400
2026/09/19 21:06:41.473, 2940 MHz, 14301 MHz, 99 %, 84.09 W, 66, 0x0000000000000400
2026/09/19 21:06:41.977, 2940 MHz, 14301 MHz, 99 %, 83.92 W, 65, 0x0000000000000400
2026/09/19 21:06:42.492, 2947 MHz, 14301 MHz, 99 %, 83.82 W, 66, 0x0000000000000400
2026/09/19 21:06:43.005, 2947 MHz, 14301 MHz, 95 %, 83.36 W, 65, 0x0000000000000400
2026/09/19 21:06:43.520, 2497 MHz, 14301 MHz, 49 %, 68.71 W, 63, 0x0000000000000400
2026/09/19 21:06:44.034, 2490 MHz, 14301 MHz, 53 %, 56.69 W, 62, 0x0000000000000400
2026/09/19 21:06:44.535, 2475 MHz, 14301 MHz, 53 %, 54.23 W, 62, 0x0000000000000400
2026/09/19 21:06:45.035, 2512 MHz, 14301 MHz, 53 %, 54.07 W, 63, 0x0000000000000400
2026/09/19 21:06:45.539, 2512 MHz, 14301 MHz, 52 %, 54.49 W, 63, 0x0000000000000400
2026/09/19 21:06:46.055, 2557 MHz, 14301 MHz, 52 %, 54.63 W, 63, 0x0000000000000400
2026/09/19 21:06:46.570, 2505 MHz, 14301 MHz, 52 %, 53.94 W, 62, 0x0000000000000400
2026/09/19 21:06:47.083, 2490 MHz, 14301 MHz, 54 %, 54.57 W, 62, 0x0000000000000400
2026/09/19 21:06:47.597, 2520 MHz, 14301 MHz, 51 %, 54.02 W, 62, 0x0000000000000400
2026/09/19 21:06:48.098, 2512 MHz, 14301 MHz, 51 %, 54.28 W, 62, 0x0000000000000400
2026/09/19 21:06:48.613, 2535 MHz, 14301 MHz, 50 %, 54.47 W, 62, 0x0000000000000400
2026/09/19 21:06:49.128, 2535 MHz, 14301 MHz, 53 %, 54.16 W, 62, 0x0000000000000400
2026/09/19 21:06:49.628, 2482 MHz, 14301 MHz, 51 %, 54.22 W, 62, 0x0000000000000400
2026/09/19 21:06:50.129, 2580 MHz, 14301 MHz, 50 %, 54.09 W, 62, 0x0000000000000400
2026/09/19 21:06:50.631, 2482 MHz, 14301 MHz, 53 %, 53.59 W, 62, 0x0000000000000400
2026/09/19 21:06:51.134, 2535 MHz, 14301 MHz, 49 %, 53.52 W, 62, 0x0000000000000400
2026/09/19 21:06:51.635, 2497 MHz, 14301 MHz, 52 %, 53.85 W, 62, 0x0000000000000400
2026/09/19 21:06:52.149, 2955 MHz, 14301 MHz, 99 %, 67.28 W, 64, 0x0000000000000400
2026/09/19 21:06:52.662, 2955 MHz, 14301 MHz, 99 %, 80.49 W, 64, 0x0000000000000400
2026/09/19 21:06:53.165, 2955 MHz, 14301 MHz, 98 %, 83.69 W, 65, 0x0000000000000400
2026/09/19 21:06:53.670, 2955 MHz, 14301 MHz, 99 %, 83.61 W, 65, 0x0000000000000400
2026/09/19 21:06:54.171, 2955 MHz, 14301 MHz, 98 %, 83.63 W, 65, 0x0000000000000400
2026/09/19 21:06:54.673, 2955 MHz, 14301 MHz, 98 %, 84.00 W, 65, 0x0000000000000400
2026/09/19 21:06:55.186, 2955 MHz, 14301 MHz, 98 %, 84.15 W, 65, 0x0000000000000400
2026/09/19 21:06:55.700, 2955 MHz, 14301 MHz, 99 %, 84.22 W, 65, 0x0000000000000400
2026/09/19 21:06:56.213, 2955 MHz, 14301 MHz, 99 %, 84.17 W, 66, 0x0000000000000400
2026/09/19 21:06:56.715, 2955 MHz, 14301 MHz, 98 %, 84.19 W, 66, 0x0000000000000400
2026/09/19 21:06:57.229, 2955 MHz, 14301 MHz, 98 %, 84.26 W, 65, 0x0000000000000400
2026/09/19 21:06:57.743, 2955 MHz, 14301 MHz, 98 %, 84.46 W, 66, 0x0000000000000400
2026/09/19 21:06:58.257, 2955 MHz, 14301 MHz, 99 %, 84.57 W, 65, 0x0000000000000400
2026/09/19 21:06:58.769, 2940 MHz, 14301 MHz, 99 %, 84.69 W, 66, 0x0000000000000400
2026/09/19 21:06:59.282, 2940 MHz, 14301 MHz, 99 %, 84.50 W, 65, 0x0000000000000400
2026/09/19 21:06:59.784, 2947 MHz, 14301 MHz, 99 %, 84.15 W, 65, 0x0000000000000400
2026/09/19 21:07:00.299, 2940 MHz, 14301 MHz, 99 %, 83.82 W, 65, 0x0000000000000400
2026/09/19 21:07:00.810, 2910 MHz, 14301 MHz, 85 %, 82.86 W, 65, 0x0000000000000400
2026/09/19 21:07:01.325, 2490 MHz, 14301 MHz, 49 %, 67.85 W, 63, 0x0000000000000400
2026/09/19 21:07:01.825, 2512 MHz, 14301 MHz, 47 %, 54.08 W, 63, 0x0000000000000400
2026/09/19 21:07:02.340, 2565 MHz, 14301 MHz, 50 %, 54.30 W, 63, 0x0000000000000400
2026/09/19 21:07:02.852, 2497 MHz, 14301 MHz, 50 %, 54.28 W, 62, 0x0000000000000400
2026/09/19 21:07:03.364, 2535 MHz, 14301 MHz, 51 %, 54.44 W, 63, 0x0000000000000400
2026/09/19 21:07:03.877, 2535 MHz, 14301 MHz, 52 %, 54.85 W, 63, 0x0000000000000400
2026/09/19 21:07:04.379, 2542 MHz, 14301 MHz, 49 %, 54.67 W, 62, 0x0000000000000400
2026/09/19 21:07:04.894, 2452 MHz, 14301 MHz, 52 %, 54.23 W, 62, 0x0000000000000400
2026/09/19 21:07:05.408, 2497 MHz, 14301 MHz, 52 %, 54.03 W, 62, 0x0000000000000400
2026/09/19 21:07:05.908, 2482 MHz, 14301 MHz, 50 %, 53.53 W, 62, 0x0000000000000400
2026/09/19 21:07:06.422, 2512 MHz, 14301 MHz, 54 %, 54.16 W, 62, 0x0000000000000400
2026/09/19 21:07:06.923, 2520 MHz, 14301 MHz, 53 %, 54.39 W, 62, 0x0000000000000400
2026/09/19 21:07:07.437, 2550 MHz, 14301 MHz, 53 %, 54.17 W, 62, 0x0000000000000400
2026/09/19 21:07:07.951, 2505 MHz, 14301 MHz, 53 %, 54.30 W, 62, 0x0000000000000400
2026/09/19 21:07:08.465, 2505 MHz, 14301 MHz, 49 %, 53.55 W, 62, 0x0000000000000400
2026/09/19 21:07:08.966, 2512 MHz, 14301 MHz, 52 %, 53.60 W, 62, 0x0000000000000400
2026/09/19 21:07:09.467, 2565 MHz, 14301 MHz, 50 %, 53.86 W, 62, 0x0000000000000400
2026/09/19 21:07:09.980, 2527 MHz, 14301 MHz, 51 %, 53.77 W, 62, 0x0000000000000400
2026/09/19 21:07:10.481, 2955 MHz, 14301 MHz, 99 %, 66.38 W, 64, 0x0000000000000400
2026/09/19 21:07:10.996, 2955 MHz, 14301 MHz, 99 %, 78.54 W, 64, 0x0000000000000400
2026/09/19 21:07:11.511, 2955 MHz, 14301 MHz, 98 %, 83.42 W, 65, 0x0000000000000400
2026/09/19 21:07:12.025, 2955 MHz, 14301 MHz, 99 %, 83.55 W, 65, 0x0000000000000400
2026/09/19 21:07:12.539, 2955 MHz, 14301 MHz, 99 %, 83.54 W, 65, 0x0000000000000400
2026/09/19 21:07:13.052, 2955 MHz, 14301 MHz, 99 %, 83.53 W, 65, 0x0000000000000400
2026/09/19 21:07:13.555, 2955 MHz, 14301 MHz, 99 %, 83.72 W, 65, 0x0000000000000400
2026/09/19 21:07:14.068, 2947 MHz, 14301 MHz, 99 %, 83.91 W, 65, 0x0000000000000400
2026/09/19 21:07:14.583, 2940 MHz, 14301 MHz, 99 %, 84.19 W, 65, 0x0000000000000400
2026/09/19 21:07:15.097, 2940 MHz, 14301 MHz, 99 %, 83.96 W, 65, 0x0000000000000400
2026/09/19 21:07:15.600, 2947 MHz, 14301 MHz, 98 %, 83.87 W, 65, 0x0000000000000400
2026/09/19 21:07:16.114, 2940 MHz, 14301 MHz, 99 %, 83.90 W, 65, 0x0000000000000400
2026/09/19 21:07:16.627, 2947 MHz, 14301 MHz, 99 %, 84.02 W, 65, 0x0000000000000400
2026/09/19 21:07:17.141, 2940 MHz, 14301 MHz, 99 %, 84.15 W, 66, 0x0000000000000400
2026/09/19 21:07:17.657, 2947 MHz, 14301 MHz, 99 %, 84.21 W, 66, 0x0000000000000400
2026/09/19 21:07:18.171, 2947 MHz, 14301 MHz, 99 %, 84.08 W, 66, 0x0000000000000400
2026/09/19 21:07:18.672, 2947 MHz, 14301 MHz, 99 %, 84.01 W, 66, 0x0000000000000400
2026/09/19 21:07:19.186, 2505 MHz, 14301 MHz, 49 %, 75.05 W, 64, 0x0000000000000400
2026/09/19 21:07:19.700, 2550 MHz, 14301 MHz, 50 %, 59.04 W, 63, 0x0000000000000400
2026/09/19 21:07:20.215, 2512 MHz, 14301 MHz, 51 %, 53.80 W, 63, 0x0000000000000400
2026/09/19 21:07:20.716, 2460 MHz, 14301 MHz, 53 %, 54.14 W, 62, 0x0000000000000400
2026/09/19 21:07:21.231, 2497 MHz, 14301 MHz, 51 %, 54.59 W, 63, 0x0000000000000400
2026/09/19 21:07:21.745, 2505 MHz, 14301 MHz, 50 %, 53.94 W, 62, 0x0000000000000400
2026/09/19 21:07:22.258, 2460 MHz, 14301 MHz, 53 %, 54.01 W, 63, 0x0000000000000400
2026/09/19 21:07:22.760, 2460 MHz, 14301 MHz, 51 %, 54.18 W, 62, 0x0000000000000400
2026/09/19 21:07:23.275, 2512 MHz, 14301 MHz, 51 %, 53.48 W, 62, 0x0000000000000400
2026/09/19 21:07:23.788, 2490 MHz, 14301 MHz, 51 %, 53.24 W, 62, 0x0000000000000400
2026/09/19 21:07:24.303, 2542 MHz, 14301 MHz, 52 %, 53.79 W, 62, 0x0000000000000400
2026/09/19 21:07:24.819, 2527 MHz, 14301 MHz, 49 %, 54.02 W, 62, 0x0000000000000400
2026/09/19 21:07:25.333, 2505 MHz, 14301 MHz, 49 %, 53.69 W, 62, 0x0000000000000400
2026/09/19 21:07:25.846, 2535 MHz, 14301 MHz, 47 %, 53.90 W, 62, 0x0000000000000400
2026/09/19 21:07:26.349, 2527 MHz, 14301 MHz, 51 %, 54.14 W, 62, 0x0000000000000400
2026/09/19 21:07:26.852, 2520 MHz, 14301 MHz, 52 %, 53.75 W, 62, 0x0000000000000400
2026/09/19 21:07:27.353, 2490 MHz, 14301 MHz, 52 %, 53.89 W, 62, 0x0000000000000400
2026/09/19 21:07:27.867, 2520 MHz, 14301 MHz, 52 %, 54.54 W, 62, 0x0000000000000400
2026/09/19 21:07:28.368, 2827 MHz, 14301 MHz, 98 %, 58.98 W, 64, 0x0000000000000400
2026/09/19 21:07:28.883, 2955 MHz, 14301 MHz, 98 %, 71.43 W, 64, 0x0000000000000400
2026/09/19 21:07:29.384, 2955 MHz, 14301 MHz, 99 %, 83.44 W, 65, 0x0000000000000400
2026/09/19 21:07:29.899, 2955 MHz, 14301 MHz, 99 %, 83.57 W, 65, 0x0000000000000400
2026/09/19 21:07:30.413, 2955 MHz, 14301 MHz, 99 %, 83.30 W, 65, 0x0000000000000400
2026/09/19 21:07:30.927, 2955 MHz, 14301 MHz, 99 %, 83.23 W, 65, 0x0000000000000400
2026/09/19 21:07:31.443, 2955 MHz, 14301 MHz, 99 %, 83.12 W, 65, 0x0000000000000400
2026/09/19 21:07:31.943, 2955 MHz, 14301 MHz, 99 %, 83.24 W, 65, 0x0000000000000400
2026/09/19 21:07:32.456, 2947 MHz, 14301 MHz, 99 %, 83.46 W, 65, 0x0000000000000400
2026/09/19 21:07:32.957, 2947 MHz, 14301 MHz, 98 %, 83.24 W, 65, 0x0000000000000400
2026/09/19 21:07:33.471, 2947 MHz, 14301 MHz, 99 %, 83.11 W, 65, 0x0000000000000400
2026/09/19 21:07:33.973, 2947 MHz, 14301 MHz, 99 %, 83.00 W, 65, 0x0000000000000400
2026/09/19 21:07:34.475, 2947 MHz, 14301 MHz, 98 %, 82.98 W, 66, 0x0000000000000400
2026/09/19 21:07:34.979, 2947 MHz, 14301 MHz, 99 %, 83.27 W, 65, 0x0000000000000400
2026/09/19 21:07:35.494, 2947 MHz, 14301 MHz, 99 %, 83.20 W, 65, 0x0000000000000400
2026/09/19 21:07:36.010, 2947 MHz, 14301 MHz, 98 %, 83.25 W, 66, 0x0000000000000400
2026/09/19 21:07:36.510, 2940 MHz, 14301 MHz, 99 %, 83.35 W, 65, 0x0000000000000400
2026/09/19 21:07:37.011, 2947 MHz, 14301 MHz, 98 %, 83.35 W, 65, 0x0000000000000400
2026/09/19 21:07:37.514, 2947 MHz, 14301 MHz, 99 %, 83.34 W, 66, 0x0000000000000400
2026/09/19 21:07:38.029, 2460 MHz, 14301 MHz, 48 %, 74.55 W, 63, 0x0000000000000400
2026/09/19 21:07:38.544, 2467 MHz, 14301 MHz, 46 %, 58.70 W, 63, 0x0000000000000400
2026/09/19 21:07:39.045, 2490 MHz, 14301 MHz, 48 %, 53.24 W, 62, 0x0000000000000400
2026/09/19 21:07:39.559, 2550 MHz, 14301 MHz, 49 %, 52.88 W, 62, 0x0000000000000400
2026/09/19 21:07:40.074, 2527 MHz, 14301 MHz, 51 %, 53.32 W, 62, 0x0000000000000400
2026/09/19 21:07:40.588, 2460 MHz, 14301 MHz, 54 %, 53.94 W, 63, 0x0000000000000400
2026/09/19 21:07:41.088, 2437 MHz, 14301 MHz, 54 %, 54.17 W, 62, 0x0000000000000400
2026/09/19 21:07:41.590, 2460 MHz, 14301 MHz, 52 %, 53.72 W, 62, 0x0000000000000400
2026/09/19 21:07:42.102, 2475 MHz, 14301 MHz, 51 %, 53.85 W, 62, 0x0000000000000400
2026/09/19 21:07:42.618, 2475 MHz, 14301 MHz, 50 %, 53.64 W, 62, 0x0000000000000400
2026/09/19 21:07:43.133, 2527 MHz, 14301 MHz, 48 %, 53.90 W, 62, 0x0000000000000400
2026/09/19 21:07:43.645, 2527 MHz, 14301 MHz, 50 %, 53.83 W, 62, 0x0000000000000400
2026/09/19 21:07:44.147, 2490 MHz, 14301 MHz, 49 %, 53.56 W, 62, 0x0000000000000400
2026/09/19 21:07:44.662, 2482 MHz, 14301 MHz, 52 %, 53.94 W, 62, 0x0000000000000400
2026/09/19 21:07:45.176, 2475 MHz, 14301 MHz, 53 %, 54.30 W, 61, 0x0000000000000400
2026/09/19 21:07:45.676, 2520 MHz, 14301 MHz, 50 %, 53.78 W, 62, 0x0000000000000400
2026/09/19 21:07:46.177, 2520 MHz, 14301 MHz, 51 %, 53.88 W, 62, 0x0000000000000400
2026/09/19 21:07:46.681, 2557 MHz, 14301 MHz, 59 %, 54.61 W, 62, 0x0000000000000400
2026/09/19 21:07:47.196, 2955 MHz, 14301 MHz, 99 %, 67.69 W, 64, 0x0000000000000400
2026/09/19 21:07:47.697, 2955 MHz, 14301 MHz, 98 %, 83.31 W, 64, 0x0000000000000400
2026/09/19 21:07:48.212, 2955 MHz, 14301 MHz, 99 %, 83.53 W, 65, 0x0000000000000400
2026/09/19 21:07:48.725, 2955 MHz, 14301 MHz, 99 %, 83.58 W, 65, 0x0000000000000400
2026/09/19 21:07:49.238, 2947 MHz, 14301 MHz, 99 %, 83.59 W, 65, 0x0000000000000400
2026/09/19 21:07:49.739, 2940 MHz, 14301 MHz, 99 %, 83.48 W, 65, 0x0000000000000400
2026/09/19 21:07:50.252, 2947 MHz, 14301 MHz, 99 %, 83.55 W, 65, 0x0000000000000400
2026/09/19 21:07:50.766, 2947 MHz, 14301 MHz, 99 %, 83.84 W, 65, 0x0000000000000400
2026/09/19 21:07:51.270, 2940 MHz, 14301 MHz, 98 %, 83.96 W, 65, 0x0000000000000400
2026/09/19 21:07:51.771, 2940 MHz, 14301 MHz, 99 %, 83.70 W, 65, 0x0000000000000400
2026/09/19 21:07:52.272, 2940 MHz, 14301 MHz, 99 %, 83.61 W, 66, 0x0000000000000400
2026/09/19 21:07:52.785, 2940 MHz, 14301 MHz, 98 %, 83.83 W, 65, 0x0000000000000400
2026/09/19 21:07:53.286, 2947 MHz, 14301 MHz, 99 %, 83.81 W, 66, 0x0000000000000400
2026/09/19 21:07:53.790, 2947 MHz, 14301 MHz, 99 %, 83.83 W, 66, 0x0000000000000400
2026/09/19 21:07:54.304, 2947 MHz, 14301 MHz, 99 %, 83.84 W, 65, 0x0000000000000400
2026/09/19 21:07:54.818, 2947 MHz, 14301 MHz, 99 %, 83.79 W, 65, 0x0000000000000400
2026/09/19 21:07:55.332, 2947 MHz, 14301 MHz, 98 %, 83.57 W, 65, 0x0000000000000400
2026/09/19 21:07:55.847, 2940 MHz, 14301 MHz, 99 %, 83.44 W, 65, 0x0000000000000400
2026/09/19 21:07:56.348, 2505 MHz, 14301 MHz, 52 %, 73.28 W, 63, 0x0000000000000400
2026/09/19 21:07:56.849, 2490 MHz, 14301 MHz, 51 %, 57.04 W, 63, 0x0000000000000400
2026/09/19 21:07:57.362, 2445 MHz, 14301 MHz, 45 %, 52.95 W, 62, 0x0000000000000400
2026/09/19 21:07:57.877, 2527 MHz, 14301 MHz, 54 %, 53.51 W, 62, 0x0000000000000400
2026/09/19 21:07:58.390, 2490 MHz, 14301 MHz, 50 %, 53.60 W, 63, 0x0000000000000400
2026/09/19 21:07:58.891, 2490 MHz, 14301 MHz, 54 %, 53.71 W, 62, 0x0000000000000400
2026/09/19 21:07:59.406, 2460 MHz, 14301 MHz, 49 %, 53.52 W, 62, 0x0000000000000400
2026/09/19 21:07:59.906, 2565 MHz, 14301 MHz, 52 %, 53.42 W, 62, 0x0000000000000400
2026/09/19 21:08:00.407, 2520 MHz, 14301 MHz, 51 %, 53.97 W, 62, 0x0000000000000400
2026/09/19 21:08:00.922, 2520 MHz, 14301 MHz, 54 %, 53.89 W, 62, 0x0000000000000400
2026/09/19 21:08:01.437, 2580 MHz, 14301 MHz, 52 %, 54.12 W, 62, 0x0000000000000400
2026/09/19 21:08:01.942, 1710 MHz, 14301 MHz, 2 %, 47.38 W, 60, 0x0000000000000400
2026/09/19 21:08:02.446, 1710 MHz, 14301 MHz, 2 %, 34.56 W, 59, 0x0000000000000400
2026/09/19 21:08:02.951, 1665 MHz, 14301 MHz, 1 %, 25.31 W, 59, 0x0000000000000400
2026/09/19 21:08:03.459, 1665 MHz, 14301 MHz, 2 %, 24.80 W, 59, 0x0000000000000400
2026/09/19 21:08:03.965, 1665 MHz, 14301 MHz, 2 %, 24.54 W, 59, 0x0000000000000400
2026/09/19 21:08:04.472, 1650 MHz, 14301 MHz, 2 %, 24.40 W, 58, 0x0000000000000400
2026/09/19 21:08:04.979, 1650 MHz, 14301 MHz, 1 %, 24.44 W, 58, 0x0000000000000400
2026/09/19 21:08:05.484, 1635 MHz, 14301 MHz, 1 %, 24.30 W, 58, 0x0000000000000400
2026/09/19 21:08:05.991, 1650 MHz, 14301 MHz, 1 %, 24.18 W, 58, 0x0000000000000400
2026/09/19 21:08:06.496, 1635 MHz, 14301 MHz, 2 %, 24.30 W, 58, 0x0000000000000400
